[2026-05-06T13:14:46.810+0000] {processor.py:161} INFO - Started process (PID=2277) to work on /opt/airflow/dags/pipeline_dag.py
[2026-05-06T13:14:46.842+0000] {processor.py:830} INFO - Processing file /opt/airflow/dags/pipeline_dag.py for tasks to queue
[2026-05-06T13:14:46.885+0000] {logging_mixin.py:188} INFO - [2026-05-06T13:14:46.883+0000] {dagbag.py:545} INFO - Filling up the DagBag from /opt/airflow/dags/pipeline_dag.py
[2026-05-06T13:14:47.034+0000] {processor.py:840} INFO - DAG(s) 'ecommerce_pipeline' retrieved from /opt/airflow/dags/pipeline_dag.py
[2026-05-06T13:14:47.648+0000] {logging_mixin.py:188} INFO - [2026-05-06T13:14:47.648+0000] {dag.py:3096} INFO - Sync 1 DAGs
[2026-05-06T13:14:50.565+0000] {logging_mixin.py:188} INFO - [2026-05-06T13:14:50.564+0000] {dag.py:3954} INFO - Setting next_dagrun for ecommerce_pipeline to 2026-05-06 00:00:00+00:00, run_after=2026-05-07 00:00:00+00:00
[2026-05-06T13:14:50.725+0000] {processor.py:183} INFO - Processing /opt/airflow/dags/pipeline_dag.py took 3.976 seconds
[2026-05-06T13:15:27.516+0000] {processor.py:161} INFO - Started process (PID=2288) to work on /opt/airflow/dags/pipeline_dag.py
[2026-05-06T13:15:27.862+0000] {processor.py:830} INFO - Processing file /opt/airflow/dags/pipeline_dag.py for tasks to queue
[2026-05-06T13:15:28.316+0000] {logging_mixin.py:188} INFO - [2026-05-06T13:15:28.304+0000] {dagbag.py:545} INFO - Filling up the DagBag from /opt/airflow/dags/pipeline_dag.py
[2026-05-06T13:15:28.661+0000] {processor.py:840} INFO - DAG(s) 'ecommerce_pipeline' retrieved from /opt/airflow/dags/pipeline_dag.py
[2026-05-06T13:15:29.442+0000] {logging_mixin.py:188} INFO - [2026-05-06T13:15:29.442+0000] {dag.py:3096} INFO - Sync 1 DAGs
[2026-05-06T13:15:29.798+0000] {logging_mixin.py:188} INFO - [2026-05-06T13:15:29.797+0000] {dag.py:3954} INFO - Setting next_dagrun for ecommerce_pipeline to 2026-05-06 00:00:00+00:00, run_after=2026-05-07 00:00:00+00:00
[2026-05-06T13:15:29.979+0000] {processor.py:183} INFO - Processing /opt/airflow/dags/pipeline_dag.py took 4.471 seconds
[2026-05-06T13:16:00.272+0000] {processor.py:161} INFO - Started process (PID=2293) to work on /opt/airflow/dags/pipeline_dag.py
[2026-05-06T13:16:00.275+0000] {processor.py:830} INFO - Processing file /opt/airflow/dags/pipeline_dag.py for tasks to queue
[2026-05-06T13:16:00.284+0000] {logging_mixin.py:188} INFO - [2026-05-06T13:16:00.283+0000] {dagbag.py:545} INFO - Filling up the DagBag from /opt/airflow/dags/pipeline_dag.py
[2026-05-06T13:16:00.347+0000] {processor.py:840} INFO - DAG(s) 'ecommerce_pipeline' retrieved from /opt/airflow/dags/pipeline_dag.py
[2026-05-06T13:16:00.451+0000] {logging_mixin.py:188} INFO - [2026-05-06T13:16:00.451+0000] {dag.py:3096} INFO - Sync 1 DAGs
[2026-05-06T13:16:00.497+0000] {logging_mixin.py:188} INFO - [2026-05-06T13:16:00.497+0000] {dag.py:3954} INFO - Setting next_dagrun for ecommerce_pipeline to 2026-05-06 00:00:00+00:00, run_after=2026-05-07 00:00:00+00:00
[2026-05-06T13:16:00.545+0000] {processor.py:183} INFO - Processing /opt/airflow/dags/pipeline_dag.py took 0.301 seconds
[2026-05-06T13:16:32.153+0000] {processor.py:161} INFO - Started process (PID=2298) to work on /opt/airflow/dags/pipeline_dag.py
[2026-05-06T13:16:32.157+0000] {processor.py:830} INFO - Processing file /opt/airflow/dags/pipeline_dag.py for tasks to queue
[2026-05-06T13:16:32.176+0000] {logging_mixin.py:188} INFO - [2026-05-06T13:16:32.163+0000] {dagbag.py:545} INFO - Filling up the DagBag from /opt/airflow/dags/pipeline_dag.py
[2026-05-06T13:16:32.319+0000] {processor.py:840} INFO - DAG(s) 'ecommerce_pipeline' retrieved from /opt/airflow/dags/pipeline_dag.py
[2026-05-06T13:16:32.478+0000] {logging_mixin.py:188} INFO - [2026-05-06T13:16:32.477+0000] {dag.py:3096} INFO - Sync 1 DAGs
[2026-05-06T13:16:32.589+0000] {logging_mixin.py:188} INFO - [2026-05-06T13:16:32.589+0000] {dag.py:3954} INFO - Setting next_dagrun for ecommerce_pipeline to 2026-05-06 00:00:00+00:00, run_after=2026-05-07 00:00:00+00:00
[2026-05-06T13:16:32.690+0000] {processor.py:183} INFO - Processing /opt/airflow/dags/pipeline_dag.py took 0.570 seconds
[2026-05-06T13:17:06.188+0000] {processor.py:161} INFO - Started process (PID=2303) to work on /opt/airflow/dags/pipeline_dag.py
[2026-05-06T13:17:06.195+0000] {processor.py:830} INFO - Processing file /opt/airflow/dags/pipeline_dag.py for tasks to queue
[2026-05-06T13:17:06.227+0000] {logging_mixin.py:188} INFO - [2026-05-06T13:17:06.222+0000] {dagbag.py:545} INFO - Filling up the DagBag from /opt/airflow/dags/pipeline_dag.py
[2026-05-06T13:17:06.885+0000] {processor.py:840} INFO - DAG(s) 'ecommerce_pipeline' retrieved from /opt/airflow/dags/pipeline_dag.py
[2026-05-06T13:17:09.464+0000] {logging_mixin.py:188} INFO - [2026-05-06T13:17:09.463+0000] {dag.py:3096} INFO - Sync 1 DAGs
[2026-05-06T13:17:10.506+0000] {logging_mixin.py:188} INFO - [2026-05-06T13:17:10.506+0000] {dag.py:3954} INFO - Setting next_dagrun for ecommerce_pipeline to 2026-05-06 00:00:00+00:00, run_after=2026-05-07 00:00:00+00:00
[2026-05-06T13:17:10.931+0000] {processor.py:183} INFO - Processing /opt/airflow/dags/pipeline_dag.py took 4.858 seconds
[2026-05-06T13:17:43.152+0000] {processor.py:161} INFO - Started process (PID=2308) to work on /opt/airflow/dags/pipeline_dag.py
[2026-05-06T13:17:43.157+0000] {processor.py:830} INFO - Processing file /opt/airflow/dags/pipeline_dag.py for tasks to queue
[2026-05-06T13:17:43.173+0000] {logging_mixin.py:188} INFO - [2026-05-06T13:17:43.169+0000] {dagbag.py:545} INFO - Filling up the DagBag from /opt/airflow/dags/pipeline_dag.py
[2026-05-06T13:17:43.293+0000] {processor.py:840} INFO - DAG(s) 'ecommerce_pipeline' retrieved from /opt/airflow/dags/pipeline_dag.py
[2026-05-06T13:17:43.491+0000] {logging_mixin.py:188} INFO - [2026-05-06T13:17:43.491+0000] {dag.py:3096} INFO - Sync 1 DAGs
[2026-05-06T13:17:43.556+0000] {logging_mixin.py:188} INFO - [2026-05-06T13:17:43.555+0000] {dag.py:3954} INFO - Setting next_dagrun for ecommerce_pipeline to 2026-05-06 00:00:00+00:00, run_after=2026-05-07 00:00:00+00:00
[2026-05-06T13:17:43.606+0000] {processor.py:183} INFO - Processing /opt/airflow/dags/pipeline_dag.py took 0.510 seconds
[2026-05-06T13:18:14.029+0000] {processor.py:161} INFO - Started process (PID=2313) to work on /opt/airflow/dags/pipeline_dag.py
[2026-05-06T13:18:14.031+0000] {processor.py:830} INFO - Processing file /opt/airflow/dags/pipeline_dag.py for tasks to queue
[2026-05-06T13:18:14.037+0000] {logging_mixin.py:188} INFO - [2026-05-06T13:18:14.035+0000] {dagbag.py:545} INFO - Filling up the DagBag from /opt/airflow/dags/pipeline_dag.py
[2026-05-06T13:18:14.088+0000] {processor.py:840} INFO - DAG(s) 'ecommerce_pipeline' retrieved from /opt/airflow/dags/pipeline_dag.py
[2026-05-06T13:18:14.157+0000] {logging_mixin.py:188} INFO - [2026-05-06T13:18:14.157+0000] {dag.py:3096} INFO - Sync 1 DAGs
[2026-05-06T13:18:14.192+0000] {logging_mixin.py:188} INFO - [2026-05-06T13:18:14.191+0000] {dag.py:3954} INFO - Setting next_dagrun for ecommerce_pipeline to 2026-05-06 00:00:00+00:00, run_after=2026-05-07 00:00:00+00:00
[2026-05-06T13:18:14.224+0000] {processor.py:183} INFO - Processing /opt/airflow/dags/pipeline_dag.py took 0.211 seconds
[2026-05-06T13:18:45.165+0000] {processor.py:161} INFO - Started process (PID=2318) to work on /opt/airflow/dags/pipeline_dag.py
[2026-05-06T13:18:45.167+0000] {processor.py:830} INFO - Processing file /opt/airflow/dags/pipeline_dag.py for tasks to queue
[2026-05-06T13:18:45.169+0000] {logging_mixin.py:188} INFO - [2026-05-06T13:18:45.169+0000] {dagbag.py:545} INFO - Filling up the DagBag from /opt/airflow/dags/pipeline_dag.py
[2026-05-06T13:18:45.205+0000] {processor.py:840} INFO - DAG(s) 'ecommerce_pipeline' retrieved from /opt/airflow/dags/pipeline_dag.py
[2026-05-06T13:18:45.249+0000] {logging_mixin.py:188} INFO - [2026-05-06T13:18:45.249+0000] {dag.py:3096} INFO - Sync 1 DAGs
[2026-05-06T13:18:45.275+0000] {logging_mixin.py:188} INFO - [2026-05-06T13:18:45.274+0000] {dag.py:3954} INFO - Setting next_dagrun for ecommerce_pipeline to 2026-05-06 00:00:00+00:00, run_after=2026-05-07 00:00:00+00:00
[2026-05-06T13:18:45.303+0000] {processor.py:183} INFO - Processing /opt/airflow/dags/pipeline_dag.py took 0.147 seconds
[2026-05-06T13:19:15.950+0000] {processor.py:161} INFO - Started process (PID=2323) to work on /opt/airflow/dags/pipeline_dag.py
[2026-05-06T13:19:15.951+0000] {processor.py:830} INFO - Processing file /opt/airflow/dags/pipeline_dag.py for tasks to queue
[2026-05-06T13:19:15.954+0000] {logging_mixin.py:188} INFO - [2026-05-06T13:19:15.954+0000] {dagbag.py:545} INFO - Filling up the DagBag from /opt/airflow/dags/pipeline_dag.py
[2026-05-06T13:19:15.974+0000] {processor.py:840} INFO - DAG(s) 'ecommerce_pipeline' retrieved from /opt/airflow/dags/pipeline_dag.py
[2026-05-06T13:19:16.017+0000] {logging_mixin.py:188} INFO - [2026-05-06T13:19:16.017+0000] {dag.py:3096} INFO - Sync 1 DAGs
[2026-05-06T13:19:16.042+0000] {logging_mixin.py:188} INFO - [2026-05-06T13:19:16.041+0000] {dag.py:3954} INFO - Setting next_dagrun for ecommerce_pipeline to 2026-05-06 00:00:00+00:00, run_after=2026-05-07 00:00:00+00:00
[2026-05-06T13:19:16.068+0000] {processor.py:183} INFO - Processing /opt/airflow/dags/pipeline_dag.py took 0.124 seconds
[2026-05-06T13:19:48.102+0000] {processor.py:161} INFO - Started process (PID=2328) to work on /opt/airflow/dags/pipeline_dag.py
[2026-05-06T13:19:48.106+0000] {processor.py:830} INFO - Processing file /opt/airflow/dags/pipeline_dag.py for tasks to queue
[2026-05-06T13:19:48.116+0000] {logging_mixin.py:188} INFO - [2026-05-06T13:19:48.114+0000] {dagbag.py:545} INFO - Filling up the DagBag from /opt/airflow/dags/pipeline_dag.py
[2026-05-06T13:19:48.173+0000] {processor.py:840} INFO - DAG(s) 'ecommerce_pipeline' retrieved from /opt/airflow/dags/pipeline_dag.py
[2026-05-06T13:19:48.247+0000] {logging_mixin.py:188} INFO - [2026-05-06T13:19:48.246+0000] {dag.py:3096} INFO - Sync 1 DAGs
[2026-05-06T13:19:48.277+0000] {logging_mixin.py:188} INFO - [2026-05-06T13:19:48.277+0000] {dag.py:3954} INFO - Setting next_dagrun for ecommerce_pipeline to 2026-05-06 00:00:00+00:00, run_after=2026-05-07 00:00:00+00:00
[2026-05-06T13:19:48.308+0000] {processor.py:183} INFO - Processing /opt/airflow/dags/pipeline_dag.py took 0.228 seconds
[2026-05-06T13:20:21.064+0000] {processor.py:161} INFO - Started process (PID=2333) to work on /opt/airflow/dags/pipeline_dag.py
[2026-05-06T13:20:21.067+0000] {processor.py:830} INFO - Processing file /opt/airflow/dags/pipeline_dag.py for tasks to queue
[2026-05-06T13:20:21.069+0000] {logging_mixin.py:188} INFO - [2026-05-06T13:20:21.069+0000] {dagbag.py:545} INFO - Filling up the DagBag from /opt/airflow/dags/pipeline_dag.py
[2026-05-06T13:20:21.094+0000] {processor.py:840} INFO - DAG(s) 'ecommerce_pipeline' retrieved from /opt/airflow/dags/pipeline_dag.py
[2026-05-06T13:20:21.145+0000] {logging_mixin.py:188} INFO - [2026-05-06T13:20:21.145+0000] {dag.py:3096} INFO - Sync 1 DAGs
[2026-05-06T13:20:21.168+0000] {logging_mixin.py:188} INFO - [2026-05-06T13:20:21.168+0000] {dag.py:3954} INFO - Setting next_dagrun for ecommerce_pipeline to 2026-05-06 00:00:00+00:00, run_after=2026-05-07 00:00:00+00:00
[2026-05-06T13:20:21.193+0000] {processor.py:183} INFO - Processing /opt/airflow/dags/pipeline_dag.py took 0.136 seconds
[2026-05-06T13:20:53.353+0000] {processor.py:161} INFO - Started process (PID=2338) to work on /opt/airflow/dags/pipeline_dag.py
[2026-05-06T13:20:53.356+0000] {processor.py:830} INFO - Processing file /opt/airflow/dags/pipeline_dag.py for tasks to queue
[2026-05-06T13:20:53.360+0000] {logging_mixin.py:188} INFO - [2026-05-06T13:20:53.359+0000] {dagbag.py:545} INFO - Filling up the DagBag from /opt/airflow/dags/pipeline_dag.py
[2026-05-06T13:20:53.397+0000] {processor.py:840} INFO - DAG(s) 'ecommerce_pipeline' retrieved from /opt/airflow/dags/pipeline_dag.py
[2026-05-06T13:20:53.530+0000] {logging_mixin.py:188} INFO - [2026-05-06T13:20:53.529+0000] {dag.py:3096} INFO - Sync 1 DAGs
[2026-05-06T13:20:53.606+0000] {logging_mixin.py:188} INFO - [2026-05-06T13:20:53.605+0000] {dag.py:3954} INFO - Setting next_dagrun for ecommerce_pipeline to 2026-05-06 00:00:00+00:00, run_after=2026-05-07 00:00:00+00:00
[2026-05-06T13:20:53.666+0000] {processor.py:183} INFO - Processing /opt/airflow/dags/pipeline_dag.py took 0.327 seconds
[2026-05-06T13:21:26.582+0000] {processor.py:161} INFO - Started process (PID=2343) to work on /opt/airflow/dags/pipeline_dag.py
[2026-05-06T13:21:26.583+0000] {processor.py:830} INFO - Processing file /opt/airflow/dags/pipeline_dag.py for tasks to queue
[2026-05-06T13:21:26.585+0000] {logging_mixin.py:188} INFO - [2026-05-06T13:21:26.585+0000] {dagbag.py:545} INFO - Filling up the DagBag from /opt/airflow/dags/pipeline_dag.py
[2026-05-06T13:21:26.604+0000] {processor.py:840} INFO - DAG(s) 'ecommerce_pipeline' retrieved from /opt/airflow/dags/pipeline_dag.py
[2026-05-06T13:21:26.641+0000] {logging_mixin.py:188} INFO - [2026-05-06T13:21:26.641+0000] {dag.py:3096} INFO - Sync 1 DAGs
[2026-05-06T13:21:26.665+0000] {logging_mixin.py:188} INFO - [2026-05-06T13:21:26.665+0000] {dag.py:3954} INFO - Setting next_dagrun for ecommerce_pipeline to 2026-05-06 00:00:00+00:00, run_after=2026-05-07 00:00:00+00:00
[2026-05-06T13:21:26.688+0000] {processor.py:183} INFO - Processing /opt/airflow/dags/pipeline_dag.py took 0.111 seconds
[2026-05-06T13:21:59.379+0000] {processor.py:161} INFO - Started process (PID=2348) to work on /opt/airflow/dags/pipeline_dag.py
[2026-05-06T13:21:59.380+0000] {processor.py:830} INFO - Processing file /opt/airflow/dags/pipeline_dag.py for tasks to queue
[2026-05-06T13:21:59.382+0000] {logging_mixin.py:188} INFO - [2026-05-06T13:21:59.382+0000] {dagbag.py:545} INFO - Filling up the DagBag from /opt/airflow/dags/pipeline_dag.py
[2026-05-06T13:21:59.404+0000] {processor.py:840} INFO - DAG(s) 'ecommerce_pipeline' retrieved from /opt/airflow/dags/pipeline_dag.py
[2026-05-06T13:21:59.447+0000] {logging_mixin.py:188} INFO - [2026-05-06T13:21:59.447+0000] {dag.py:3096} INFO - Sync 1 DAGs
[2026-05-06T13:21:59.471+0000] {logging_mixin.py:188} INFO - [2026-05-06T13:21:59.470+0000] {dag.py:3954} INFO - Setting next_dagrun for ecommerce_pipeline to 2026-05-06 00:00:00+00:00, run_after=2026-05-07 00:00:00+00:00
[2026-05-06T13:21:59.492+0000] {processor.py:183} INFO - Processing /opt/airflow/dags/pipeline_dag.py took 0.119 seconds
[2026-05-06T13:22:31.181+0000] {processor.py:161} INFO - Started process (PID=2353) to work on /opt/airflow/dags/pipeline_dag.py
[2026-05-06T13:22:31.182+0000] {processor.py:830} INFO - Processing file /opt/airflow/dags/pipeline_dag.py for tasks to queue
[2026-05-06T13:22:31.184+0000] {logging_mixin.py:188} INFO - [2026-05-06T13:22:31.184+0000] {dagbag.py:545} INFO - Filling up the DagBag from /opt/airflow/dags/pipeline_dag.py
[2026-05-06T13:22:31.207+0000] {processor.py:840} INFO - DAG(s) 'ecommerce_pipeline' retrieved from /opt/airflow/dags/pipeline_dag.py
[2026-05-06T13:22:31.248+0000] {logging_mixin.py:188} INFO - [2026-05-06T13:22:31.248+0000] {dag.py:3096} INFO - Sync 1 DAGs
[2026-05-06T13:22:31.272+0000] {logging_mixin.py:188} INFO - [2026-05-06T13:22:31.272+0000] {dag.py:3954} INFO - Setting next_dagrun for ecommerce_pipeline to 2026-05-06 00:00:00+00:00, run_after=2026-05-07 00:00:00+00:00
[2026-05-06T13:22:31.296+0000] {processor.py:183} INFO - Processing /opt/airflow/dags/pipeline_dag.py took 0.121 seconds
[2026-05-06T13:23:04.305+0000] {processor.py:161} INFO - Started process (PID=2358) to work on /opt/airflow/dags/pipeline_dag.py
[2026-05-06T13:23:04.309+0000] {processor.py:830} INFO - Processing file /opt/airflow/dags/pipeline_dag.py for tasks to queue
[2026-05-06T13:23:04.325+0000] {logging_mixin.py:188} INFO - [2026-05-06T13:23:04.323+0000] {dagbag.py:545} INFO - Filling up the DagBag from /opt/airflow/dags/pipeline_dag.py
[2026-05-06T13:23:04.416+0000] {processor.py:840} INFO - DAG(s) 'ecommerce_pipeline' retrieved from /opt/airflow/dags/pipeline_dag.py
[2026-05-06T13:23:04.536+0000] {logging_mixin.py:188} INFO - [2026-05-06T13:23:04.535+0000] {dag.py:3096} INFO - Sync 1 DAGs
[2026-05-06T13:23:04.621+0000] {logging_mixin.py:188} INFO - [2026-05-06T13:23:04.621+0000] {dag.py:3954} INFO - Setting next_dagrun for ecommerce_pipeline to 2026-05-06 00:00:00+00:00, run_after=2026-05-07 00:00:00+00:00
[2026-05-06T13:23:04.661+0000] {processor.py:183} INFO - Processing /opt/airflow/dags/pipeline_dag.py took 0.400 seconds
[2026-05-06T13:23:37.460+0000] {processor.py:161} INFO - Started process (PID=2363) to work on /opt/airflow/dags/pipeline_dag.py
[2026-05-06T13:23:37.462+0000] {processor.py:830} INFO - Processing file /opt/airflow/dags/pipeline_dag.py for tasks to queue
[2026-05-06T13:23:37.473+0000] {logging_mixin.py:188} INFO - [2026-05-06T13:23:37.466+0000] {dagbag.py:545} INFO - Filling up the DagBag from /opt/airflow/dags/pipeline_dag.py
[2026-05-06T13:23:37.514+0000] {processor.py:840} INFO - DAG(s) 'ecommerce_pipeline' retrieved from /opt/airflow/dags/pipeline_dag.py
[2026-05-06T13:23:37.562+0000] {logging_mixin.py:188} INFO - [2026-05-06T13:23:37.562+0000] {dag.py:3096} INFO - Sync 1 DAGs
[2026-05-06T13:23:37.606+0000] {logging_mixin.py:188} INFO - [2026-05-06T13:23:37.605+0000] {dag.py:3954} INFO - Setting next_dagrun for ecommerce_pipeline to 2026-05-06 00:00:00+00:00, run_after=2026-05-07 00:00:00+00:00
[2026-05-06T13:23:37.631+0000] {processor.py:183} INFO - Processing /opt/airflow/dags/pipeline_dag.py took 0.180 seconds
[2026-05-06T13:24:12.219+0000] {processor.py:161} INFO - Started process (PID=2368) to work on /opt/airflow/dags/pipeline_dag.py
[2026-05-06T13:24:12.224+0000] {processor.py:830} INFO - Processing file /opt/airflow/dags/pipeline_dag.py for tasks to queue
[2026-05-06T13:24:12.236+0000] {logging_mixin.py:188} INFO - [2026-05-06T13:24:12.234+0000] {dagbag.py:545} INFO - Filling up the DagBag from /opt/airflow/dags/pipeline_dag.py
[2026-05-06T13:24:12.308+0000] {processor.py:840} INFO - DAG(s) 'ecommerce_pipeline' retrieved from /opt/airflow/dags/pipeline_dag.py
[2026-05-06T13:24:12.432+0000] {logging_mixin.py:188} INFO - [2026-05-06T13:24:12.432+0000] {dag.py:3096} INFO - Sync 1 DAGs
[2026-05-06T13:24:12.484+0000] {logging_mixin.py:188} INFO - [2026-05-06T13:24:12.483+0000] {dag.py:3954} INFO - Setting next_dagrun for ecommerce_pipeline to 2026-05-06 00:00:00+00:00, run_after=2026-05-07 00:00:00+00:00
[2026-05-06T13:24:12.517+0000] {processor.py:183} INFO - Processing /opt/airflow/dags/pipeline_dag.py took 0.338 seconds
[2026-05-06T13:24:43.641+0000] {processor.py:161} INFO - Started process (PID=2373) to work on /opt/airflow/dags/pipeline_dag.py
[2026-05-06T13:24:43.642+0000] {processor.py:830} INFO - Processing file /opt/airflow/dags/pipeline_dag.py for tasks to queue
[2026-05-06T13:24:43.644+0000] {logging_mixin.py:188} INFO - [2026-05-06T13:24:43.644+0000] {dagbag.py:545} INFO - Filling up the DagBag from /opt/airflow/dags/pipeline_dag.py
[2026-05-06T13:24:43.670+0000] {processor.py:840} INFO - DAG(s) 'ecommerce_pipeline' retrieved from /opt/airflow/dags/pipeline_dag.py
[2026-05-06T13:24:43.721+0000] {logging_mixin.py:188} INFO - [2026-05-06T13:24:43.721+0000] {dag.py:3096} INFO - Sync 1 DAGs
[2026-05-06T13:24:43.748+0000] {logging_mixin.py:188} INFO - [2026-05-06T13:24:43.748+0000] {dag.py:3954} INFO - Setting next_dagrun for ecommerce_pipeline to 2026-05-06 00:00:00+00:00, run_after=2026-05-07 00:00:00+00:00
[2026-05-06T13:24:43.777+0000] {processor.py:183} INFO - Processing /opt/airflow/dags/pipeline_dag.py took 0.142 seconds
[2026-05-06T13:25:14.138+0000] {processor.py:161} INFO - Started process (PID=2378) to work on /opt/airflow/dags/pipeline_dag.py
[2026-05-06T13:25:14.140+0000] {processor.py:830} INFO - Processing file /opt/airflow/dags/pipeline_dag.py for tasks to queue
[2026-05-06T13:25:14.141+0000] {logging_mixin.py:188} INFO - [2026-05-06T13:25:14.141+0000] {dagbag.py:545} INFO - Filling up the DagBag from /opt/airflow/dags/pipeline_dag.py
[2026-05-06T13:25:14.162+0000] {processor.py:840} INFO - DAG(s) 'ecommerce_pipeline' retrieved from /opt/airflow/dags/pipeline_dag.py
[2026-05-06T13:25:15.924+0000] {logging_mixin.py:188} INFO - [2026-05-06T13:25:15.924+0000] {dag.py:3096} INFO - Sync 1 DAGs
[2026-05-06T13:25:15.943+0000] {logging_mixin.py:188} INFO - [2026-05-06T13:25:15.943+0000] {dag.py:3954} INFO - Setting next_dagrun for ecommerce_pipeline to 2026-05-06 00:00:00+00:00, run_after=2026-05-07 00:00:00+00:00
[2026-05-06T13:25:15.963+0000] {processor.py:183} INFO - Processing /opt/airflow/dags/pipeline_dag.py took 0.113 seconds
[2026-05-06T13:25:48.771+0000] {processor.py:161} INFO - Started process (PID=2383) to work on /opt/airflow/dags/pipeline_dag.py
[2026-05-06T13:25:48.772+0000] {processor.py:830} INFO - Processing file /opt/airflow/dags/pipeline_dag.py for tasks to queue
[2026-05-06T13:25:48.775+0000] {logging_mixin.py:188} INFO - [2026-05-06T13:25:48.774+0000] {dagbag.py:545} INFO - Filling up the DagBag from /opt/airflow/dags/pipeline_dag.py
[2026-05-06T13:25:48.799+0000] {processor.py:840} INFO - DAG(s) 'ecommerce_pipeline' retrieved from /opt/airflow/dags/pipeline_dag.py
[2026-05-06T13:25:48.845+0000] {logging_mixin.py:188} INFO - [2026-05-06T13:25:48.844+0000] {dag.py:3096} INFO - Sync 1 DAGs
[2026-05-06T13:25:48.877+0000] {logging_mixin.py:188} INFO - [2026-05-06T13:25:48.877+0000] {dag.py:3954} INFO - Setting next_dagrun for ecommerce_pipeline to 2026-05-06 00:00:00+00:00, run_after=2026-05-07 00:00:00+00:00
[2026-05-06T13:25:48.899+0000] {processor.py:183} INFO - Processing /opt/airflow/dags/pipeline_dag.py took 0.135 seconds
[2026-05-06T13:26:21.893+0000] {processor.py:161} INFO - Started process (PID=2388) to work on /opt/airflow/dags/pipeline_dag.py
[2026-05-06T13:26:21.894+0000] {processor.py:830} INFO - Processing file /opt/airflow/dags/pipeline_dag.py for tasks to queue
[2026-05-06T13:26:21.896+0000] {logging_mixin.py:188} INFO - [2026-05-06T13:26:21.896+0000] {dagbag.py:545} INFO - Filling up the DagBag from /opt/airflow/dags/pipeline_dag.py
[2026-05-06T13:26:21.924+0000] {processor.py:840} INFO - DAG(s) 'ecommerce_pipeline' retrieved from /opt/airflow/dags/pipeline_dag.py
[2026-05-06T13:26:21.970+0000] {logging_mixin.py:188} INFO - [2026-05-06T13:26:21.970+0000] {dag.py:3096} INFO - Sync 1 DAGs
[2026-05-06T13:26:21.995+0000] {logging_mixin.py:188} INFO - [2026-05-06T13:26:21.995+0000] {dag.py:3954} INFO - Setting next_dagrun for ecommerce_pipeline to 2026-05-06 00:00:00+00:00, run_after=2026-05-07 00:00:00+00:00
[2026-05-06T13:26:22.029+0000] {processor.py:183} INFO - Processing /opt/airflow/dags/pipeline_dag.py took 0.143 seconds
[2026-05-06T13:26:55.273+0000] {processor.py:161} INFO - Started process (PID=2393) to work on /opt/airflow/dags/pipeline_dag.py
[2026-05-06T13:26:55.275+0000] {processor.py:830} INFO - Processing file /opt/airflow/dags/pipeline_dag.py for tasks to queue
[2026-05-06T13:26:55.283+0000] {logging_mixin.py:188} INFO - [2026-05-06T13:26:55.281+0000] {dagbag.py:545} INFO - Filling up the DagBag from /opt/airflow/dags/pipeline_dag.py
[2026-05-06T13:26:55.378+0000] {processor.py:840} INFO - DAG(s) 'ecommerce_pipeline' retrieved from /opt/airflow/dags/pipeline_dag.py
[2026-05-06T13:26:55.885+0000] {logging_mixin.py:188} INFO - [2026-05-06T13:26:55.884+0000] {dag.py:3096} INFO - Sync 1 DAGs
[2026-05-06T13:26:55.934+0000] {logging_mixin.py:188} INFO - [2026-05-06T13:26:55.933+0000] {dag.py:3954} INFO - Setting next_dagrun for ecommerce_pipeline to 2026-05-06 00:00:00+00:00, run_after=2026-05-07 00:00:00+00:00
[2026-05-06T13:26:56.041+0000] {processor.py:183} INFO - Processing /opt/airflow/dags/pipeline_dag.py took 0.785 seconds
[2026-05-06T13:27:26.876+0000] {processor.py:161} INFO - Started process (PID=2398) to work on /opt/airflow/dags/pipeline_dag.py
[2026-05-06T13:27:26.878+0000] {processor.py:830} INFO - Processing file /opt/airflow/dags/pipeline_dag.py for tasks to queue
[2026-05-06T13:27:26.881+0000] {logging_mixin.py:188} INFO - [2026-05-06T13:27:26.881+0000] {dagbag.py:545} INFO - Filling up the DagBag from /opt/airflow/dags/pipeline_dag.py
[2026-05-06T13:27:26.912+0000] {processor.py:840} INFO - DAG(s) 'ecommerce_pipeline' retrieved from /opt/airflow/dags/pipeline_dag.py
[2026-05-06T13:27:26.966+0000] {logging_mixin.py:188} INFO - [2026-05-06T13:27:26.966+0000] {dag.py:3096} INFO - Sync 1 DAGs
[2026-05-06T13:27:26.998+0000] {logging_mixin.py:188} INFO - [2026-05-06T13:27:26.998+0000] {dag.py:3954} INFO - Setting next_dagrun for ecommerce_pipeline to 2026-05-06 00:00:00+00:00, run_after=2026-05-07 00:00:00+00:00
[2026-05-06T13:27:27.027+0000] {processor.py:183} INFO - Processing /opt/airflow/dags/pipeline_dag.py took 0.159 seconds
[2026-05-06T13:27:59.673+0000] {processor.py:161} INFO - Started process (PID=2403) to work on /opt/airflow/dags/pipeline_dag.py
[2026-05-06T13:27:59.675+0000] {processor.py:830} INFO - Processing file /opt/airflow/dags/pipeline_dag.py for tasks to queue
[2026-05-06T13:27:59.679+0000] {logging_mixin.py:188} INFO - [2026-05-06T13:27:59.678+0000] {dagbag.py:545} INFO - Filling up the DagBag from /opt/airflow/dags/pipeline_dag.py
[2026-05-06T13:27:59.720+0000] {processor.py:840} INFO - DAG(s) 'ecommerce_pipeline' retrieved from /opt/airflow/dags/pipeline_dag.py
[2026-05-06T13:27:59.777+0000] {logging_mixin.py:188} INFO - [2026-05-06T13:27:59.777+0000] {dag.py:3096} INFO - Sync 1 DAGs
[2026-05-06T13:27:59.803+0000] {logging_mixin.py:188} INFO - [2026-05-06T13:27:59.802+0000] {dag.py:3954} INFO - Setting next_dagrun for ecommerce_pipeline to 2026-05-06 00:00:00+00:00, run_after=2026-05-07 00:00:00+00:00
[2026-05-06T13:27:59.825+0000] {processor.py:183} INFO - Processing /opt/airflow/dags/pipeline_dag.py took 0.165 seconds
[2026-05-06T13:28:31.573+0000] {processor.py:161} INFO - Started process (PID=2408) to work on /opt/airflow/dags/pipeline_dag.py
[2026-05-06T13:28:31.574+0000] {processor.py:830} INFO - Processing file /opt/airflow/dags/pipeline_dag.py for tasks to queue
[2026-05-06T13:28:31.579+0000] {logging_mixin.py:188} INFO - [2026-05-06T13:28:31.579+0000] {dagbag.py:545} INFO - Filling up the DagBag from /opt/airflow/dags/pipeline_dag.py
[2026-05-06T13:28:31.614+0000] {processor.py:840} INFO - DAG(s) 'ecommerce_pipeline' retrieved from /opt/airflow/dags/pipeline_dag.py
[2026-05-06T13:28:31.651+0000] {logging_mixin.py:188} INFO - [2026-05-06T13:28:31.651+0000] {dag.py:3096} INFO - Sync 1 DAGs
[2026-05-06T13:28:31.670+0000] {logging_mixin.py:188} INFO - [2026-05-06T13:28:31.670+0000] {dag.py:3954} INFO - Setting next_dagrun for ecommerce_pipeline to 2026-05-06 00:00:00+00:00, run_after=2026-05-07 00:00:00+00:00
[2026-05-06T13:28:31.690+0000] {processor.py:183} INFO - Processing /opt/airflow/dags/pipeline_dag.py took 0.133 seconds
[2026-05-06T13:29:04.286+0000] {processor.py:161} INFO - Started process (PID=2413) to work on /opt/airflow/dags/pipeline_dag.py
[2026-05-06T13:29:04.287+0000] {processor.py:830} INFO - Processing file /opt/airflow/dags/pipeline_dag.py for tasks to queue
[2026-05-06T13:29:04.293+0000] {logging_mixin.py:188} INFO - [2026-05-06T13:29:04.292+0000] {dagbag.py:545} INFO - Filling up the DagBag from /opt/airflow/dags/pipeline_dag.py
[2026-05-06T13:29:04.316+0000] {processor.py:840} INFO - DAG(s) 'ecommerce_pipeline' retrieved from /opt/airflow/dags/pipeline_dag.py
[2026-05-06T13:29:04.349+0000] {logging_mixin.py:188} INFO - [2026-05-06T13:29:04.349+0000] {dag.py:3096} INFO - Sync 1 DAGs
[2026-05-06T13:29:04.374+0000] {logging_mixin.py:188} INFO - [2026-05-06T13:29:04.373+0000] {dag.py:3954} INFO - Setting next_dagrun for ecommerce_pipeline to 2026-05-06 00:00:00+00:00, run_after=2026-05-07 00:00:00+00:00
[2026-05-06T13:29:04.402+0000] {processor.py:183} INFO - Processing /opt/airflow/dags/pipeline_dag.py took 0.122 seconds
[2026-05-06T13:29:37.068+0000] {processor.py:161} INFO - Started process (PID=2418) to work on /opt/airflow/dags/pipeline_dag.py
[2026-05-06T13:29:37.069+0000] {processor.py:830} INFO - Processing file /opt/airflow/dags/pipeline_dag.py for tasks to queue
[2026-05-06T13:29:37.070+0000] {logging_mixin.py:188} INFO - [2026-05-06T13:29:37.070+0000] {dagbag.py:545} INFO - Filling up the DagBag from /opt/airflow/dags/pipeline_dag.py
[2026-05-06T13:29:37.097+0000] {processor.py:840} INFO - DAG(s) 'ecommerce_pipeline' retrieved from /opt/airflow/dags/pipeline_dag.py
[2026-05-06T13:29:37.133+0000] {logging_mixin.py:188} INFO - [2026-05-06T13:29:37.133+0000] {dag.py:3096} INFO - Sync 1 DAGs
[2026-05-06T13:29:37.154+0000] {logging_mixin.py:188} INFO - [2026-05-06T13:29:37.154+0000] {dag.py:3954} INFO - Setting next_dagrun for ecommerce_pipeline to 2026-05-06 00:00:00+00:00, run_after=2026-05-07 00:00:00+00:00
[2026-05-06T13:29:37.181+0000] {processor.py:183} INFO - Processing /opt/airflow/dags/pipeline_dag.py took 0.119 seconds
[2026-05-06T13:30:09.970+0000] {processor.py:161} INFO - Started process (PID=2423) to work on /opt/airflow/dags/pipeline_dag.py
[2026-05-06T13:30:09.971+0000] {processor.py:830} INFO - Processing file /opt/airflow/dags/pipeline_dag.py for tasks to queue
[2026-05-06T13:30:09.973+0000] {logging_mixin.py:188} INFO - [2026-05-06T13:30:09.972+0000] {dagbag.py:545} INFO - Filling up the DagBag from /opt/airflow/dags/pipeline_dag.py
[2026-05-06T13:30:09.995+0000] {processor.py:840} INFO - DAG(s) 'ecommerce_pipeline' retrieved from /opt/airflow/dags/pipeline_dag.py
[2026-05-06T13:30:10.035+0000] {logging_mixin.py:188} INFO - [2026-05-06T13:30:10.035+0000] {dag.py:3096} INFO - Sync 1 DAGs
[2026-05-06T13:30:10.058+0000] {logging_mixin.py:188} INFO - [2026-05-06T13:30:10.058+0000] {dag.py:3954} INFO - Setting next_dagrun for ecommerce_pipeline to 2026-05-06 00:00:00+00:00, run_after=2026-05-07 00:00:00+00:00
[2026-05-06T13:30:10.082+0000] {processor.py:183} INFO - Processing /opt/airflow/dags/pipeline_dag.py took 0.118 seconds
[2026-05-06T13:30:41.808+0000] {processor.py:161} INFO - Started process (PID=2428) to work on /opt/airflow/dags/pipeline_dag.py
[2026-05-06T13:30:41.809+0000] {processor.py:830} INFO - Processing file /opt/airflow/dags/pipeline_dag.py for tasks to queue
[2026-05-06T13:30:41.811+0000] {logging_mixin.py:188} INFO - [2026-05-06T13:30:41.811+0000] {dagbag.py:545} INFO - Filling up the DagBag from /opt/airflow/dags/pipeline_dag.py
[2026-05-06T13:30:41.833+0000] {processor.py:840} INFO - DAG(s) 'ecommerce_pipeline' retrieved from /opt/airflow/dags/pipeline_dag.py
[2026-05-06T13:30:41.874+0000] {logging_mixin.py:188} INFO - [2026-05-06T13:30:41.874+0000] {dag.py:3096} INFO - Sync 1 DAGs
[2026-05-06T13:30:41.899+0000] {logging_mixin.py:188} INFO - [2026-05-06T13:30:41.899+0000] {dag.py:3954} INFO - Setting next_dagrun for ecommerce_pipeline to 2026-05-06 00:00:00+00:00, run_after=2026-05-07 00:00:00+00:00
[2026-05-06T13:30:41.921+0000] {processor.py:183} INFO - Processing /opt/airflow/dags/pipeline_dag.py took 0.120 seconds
[2026-05-06T13:31:14.551+0000] {processor.py:161} INFO - Started process (PID=2433) to work on /opt/airflow/dags/pipeline_dag.py
[2026-05-06T13:31:14.552+0000] {processor.py:830} INFO - Processing file /opt/airflow/dags/pipeline_dag.py for tasks to queue
[2026-05-06T13:31:14.554+0000] {logging_mixin.py:188} INFO - [2026-05-06T13:31:14.554+0000] {dagbag.py:545} INFO - Filling up the DagBag from /opt/airflow/dags/pipeline_dag.py
[2026-05-06T13:31:14.577+0000] {processor.py:840} INFO - DAG(s) 'ecommerce_pipeline' retrieved from /opt/airflow/dags/pipeline_dag.py
[2026-05-06T13:31:14.617+0000] {logging_mixin.py:188} INFO - [2026-05-06T13:31:14.617+0000] {dag.py:3096} INFO - Sync 1 DAGs
[2026-05-06T13:31:14.637+0000] {logging_mixin.py:188} INFO - [2026-05-06T13:31:14.637+0000] {dag.py:3954} INFO - Setting next_dagrun for ecommerce_pipeline to 2026-05-06 00:00:00+00:00, run_after=2026-05-07 00:00:00+00:00
[2026-05-06T13:31:14.656+0000] {processor.py:183} INFO - Processing /opt/airflow/dags/pipeline_dag.py took 0.112 seconds
[2026-05-06T13:31:47.267+0000] {processor.py:161} INFO - Started process (PID=2438) to work on /opt/airflow/dags/pipeline_dag.py
[2026-05-06T13:31:47.268+0000] {processor.py:830} INFO - Processing file /opt/airflow/dags/pipeline_dag.py for tasks to queue
[2026-05-06T13:31:47.271+0000] {logging_mixin.py:188} INFO - [2026-05-06T13:31:47.271+0000] {dagbag.py:545} INFO - Filling up the DagBag from /opt/airflow/dags/pipeline_dag.py
[2026-05-06T13:31:47.299+0000] {processor.py:840} INFO - DAG(s) 'ecommerce_pipeline' retrieved from /opt/airflow/dags/pipeline_dag.py
[2026-05-06T13:31:47.348+0000] {logging_mixin.py:188} INFO - [2026-05-06T13:31:47.348+0000] {dag.py:3096} INFO - Sync 1 DAGs
[2026-05-06T13:31:47.380+0000] {logging_mixin.py:188} INFO - [2026-05-06T13:31:47.379+0000] {dag.py:3954} INFO - Setting next_dagrun for ecommerce_pipeline to 2026-05-06 00:00:00+00:00, run_after=2026-05-07 00:00:00+00:00
[2026-05-06T13:31:47.406+0000] {processor.py:183} INFO - Processing /opt/airflow/dags/pipeline_dag.py took 0.147 seconds
[2026-05-06T13:32:17.467+0000] {processor.py:161} INFO - Started process (PID=2443) to work on /opt/airflow/dags/pipeline_dag.py
[2026-05-06T13:32:17.468+0000] {processor.py:830} INFO - Processing file /opt/airflow/dags/pipeline_dag.py for tasks to queue
[2026-05-06T13:32:17.470+0000] {logging_mixin.py:188} INFO - [2026-05-06T13:32:17.469+0000] {dagbag.py:545} INFO - Filling up the DagBag from /opt/airflow/dags/pipeline_dag.py
[2026-05-06T13:32:17.492+0000] {processor.py:840} INFO - DAG(s) 'ecommerce_pipeline' retrieved from /opt/airflow/dags/pipeline_dag.py
[2026-05-06T13:32:17.532+0000] {logging_mixin.py:188} INFO - [2026-05-06T13:32:17.532+0000] {dag.py:3096} INFO - Sync 1 DAGs
[2026-05-06T13:32:17.553+0000] {logging_mixin.py:188} INFO - [2026-05-06T13:32:17.553+0000] {dag.py:3954} INFO - Setting next_dagrun for ecommerce_pipeline to 2026-05-06 00:00:00+00:00, run_after=2026-05-07 00:00:00+00:00
[2026-05-06T13:32:17.574+0000] {processor.py:183} INFO - Processing /opt/airflow/dags/pipeline_dag.py took 0.114 seconds
[2026-05-06T13:32:48.351+0000] {processor.py:161} INFO - Started process (PID=2448) to work on /opt/airflow/dags/pipeline_dag.py
[2026-05-06T13:32:48.352+0000] {processor.py:830} INFO - Processing file /opt/airflow/dags/pipeline_dag.py for tasks to queue
[2026-05-06T13:32:48.354+0000] {logging_mixin.py:188} INFO - [2026-05-06T13:32:48.353+0000] {dagbag.py:545} INFO - Filling up the DagBag from /opt/airflow/dags/pipeline_dag.py
[2026-05-06T13:32:48.373+0000] {processor.py:840} INFO - DAG(s) 'ecommerce_pipeline' retrieved from /opt/airflow/dags/pipeline_dag.py
[2026-05-06T13:32:48.411+0000] {logging_mixin.py:188} INFO - [2026-05-06T13:32:48.411+0000] {dag.py:3096} INFO - Sync 1 DAGs
[2026-05-06T13:32:48.434+0000] {logging_mixin.py:188} INFO - [2026-05-06T13:32:48.434+0000] {dag.py:3954} INFO - Setting next_dagrun for ecommerce_pipeline to 2026-05-06 00:00:00+00:00, run_after=2026-05-07 00:00:00+00:00
[2026-05-06T13:32:48.455+0000] {processor.py:183} INFO - Processing /opt/airflow/dags/pipeline_dag.py took 0.110 seconds
[2026-05-06T13:33:19.166+0000] {processor.py:161} INFO - Started process (PID=2453) to work on /opt/airflow/dags/pipeline_dag.py
[2026-05-06T13:33:19.172+0000] {processor.py:830} INFO - Processing file /opt/airflow/dags/pipeline_dag.py for tasks to queue
[2026-05-06T13:33:19.174+0000] {logging_mixin.py:188} INFO - [2026-05-06T13:33:19.173+0000] {dagbag.py:545} INFO - Filling up the DagBag from /opt/airflow/dags/pipeline_dag.py
[2026-05-06T13:33:19.218+0000] {processor.py:840} INFO - DAG(s) 'ecommerce_pipeline' retrieved from /opt/airflow/dags/pipeline_dag.py
[2026-05-06T13:33:19.281+0000] {logging_mixin.py:188} INFO - [2026-05-06T13:33:19.280+0000] {dag.py:3096} INFO - Sync 1 DAGs
[2026-05-06T13:33:19.319+0000] {logging_mixin.py:188} INFO - [2026-05-06T13:33:19.319+0000] {dag.py:3954} INFO - Setting next_dagrun for ecommerce_pipeline to 2026-05-06 00:00:00+00:00, run_after=2026-05-07 00:00:00+00:00
[2026-05-06T13:33:19.357+0000] {processor.py:183} INFO - Processing /opt/airflow/dags/pipeline_dag.py took 0.200 seconds
[2026-05-06T13:33:49.790+0000] {processor.py:161} INFO - Started process (PID=2458) to work on /opt/airflow/dags/pipeline_dag.py
[2026-05-06T13:33:49.792+0000] {processor.py:830} INFO - Processing file /opt/airflow/dags/pipeline_dag.py for tasks to queue
[2026-05-06T13:33:49.794+0000] {logging_mixin.py:188} INFO - [2026-05-06T13:33:49.793+0000] {dagbag.py:545} INFO - Filling up the DagBag from /opt/airflow/dags/pipeline_dag.py
[2026-05-06T13:33:49.814+0000] {processor.py:840} INFO - DAG(s) 'ecommerce_pipeline' retrieved from /opt/airflow/dags/pipeline_dag.py
[2026-05-06T13:33:49.863+0000] {logging_mixin.py:188} INFO - [2026-05-06T13:33:49.863+0000] {dag.py:3096} INFO - Sync 1 DAGs
[2026-05-06T13:33:49.889+0000] {logging_mixin.py:188} INFO - [2026-05-06T13:33:49.889+0000] {dag.py:3954} INFO - Setting next_dagrun for ecommerce_pipeline to 2026-05-06 00:00:00+00:00, run_after=2026-05-07 00:00:00+00:00
[2026-05-06T13:33:49.908+0000] {processor.py:183} INFO - Processing /opt/airflow/dags/pipeline_dag.py took 0.123 seconds
[2026-05-06T13:34:20.307+0000] {processor.py:161} INFO - Started process (PID=2463) to work on /opt/airflow/dags/pipeline_dag.py
[2026-05-06T13:34:20.309+0000] {processor.py:830} INFO - Processing file /opt/airflow/dags/pipeline_dag.py for tasks to queue
[2026-05-06T13:34:20.312+0000] {logging_mixin.py:188} INFO - [2026-05-06T13:34:20.311+0000] {dagbag.py:545} INFO - Filling up the DagBag from /opt/airflow/dags/pipeline_dag.py
[2026-05-06T13:34:20.336+0000] {processor.py:840} INFO - DAG(s) 'ecommerce_pipeline' retrieved from /opt/airflow/dags/pipeline_dag.py
[2026-05-06T13:34:20.378+0000] {logging_mixin.py:188} INFO - [2026-05-06T13:34:20.378+0000] {dag.py:3096} INFO - Sync 1 DAGs
[2026-05-06T13:34:20.400+0000] {logging_mixin.py:188} INFO - [2026-05-06T13:34:20.400+0000] {dag.py:3954} INFO - Setting next_dagrun for ecommerce_pipeline to 2026-05-06 00:00:00+00:00, run_after=2026-05-07 00:00:00+00:00
[2026-05-06T13:34:20.421+0000] {processor.py:183} INFO - Processing /opt/airflow/dags/pipeline_dag.py took 0.122 seconds
[2026-05-06T13:34:51.259+0000] {processor.py:161} INFO - Started process (PID=2468) to work on /opt/airflow/dags/pipeline_dag.py
[2026-05-06T13:34:51.260+0000] {processor.py:830} INFO - Processing file /opt/airflow/dags/pipeline_dag.py for tasks to queue
[2026-05-06T13:34:51.262+0000] {logging_mixin.py:188} INFO - [2026-05-06T13:34:51.261+0000] {dagbag.py:545} INFO - Filling up the DagBag from /opt/airflow/dags/pipeline_dag.py
[2026-05-06T13:34:51.281+0000] {processor.py:840} INFO - DAG(s) 'ecommerce_pipeline' retrieved from /opt/airflow/dags/pipeline_dag.py
[2026-05-06T13:34:51.316+0000] {logging_mixin.py:188} INFO - [2026-05-06T13:34:51.316+0000] {dag.py:3096} INFO - Sync 1 DAGs
[2026-05-06T13:34:51.339+0000] {logging_mixin.py:188} INFO - [2026-05-06T13:34:51.339+0000] {dag.py:3954} INFO - Setting next_dagrun for ecommerce_pipeline to 2026-05-06 00:00:00+00:00, run_after=2026-05-07 00:00:00+00:00
[2026-05-06T13:34:51.363+0000] {processor.py:183} INFO - Processing /opt/airflow/dags/pipeline_dag.py took 0.110 seconds
[2026-05-06T13:35:21.890+0000] {processor.py:161} INFO - Started process (PID=2473) to work on /opt/airflow/dags/pipeline_dag.py
[2026-05-06T13:35:21.891+0000] {processor.py:830} INFO - Processing file /opt/airflow/dags/pipeline_dag.py for tasks to queue
[2026-05-06T13:35:21.892+0000] {logging_mixin.py:188} INFO - [2026-05-06T13:35:21.892+0000] {dagbag.py:545} INFO - Filling up the DagBag from /opt/airflow/dags/pipeline_dag.py
[2026-05-06T13:35:21.911+0000] {processor.py:840} INFO - DAG(s) 'ecommerce_pipeline' retrieved from /opt/airflow/dags/pipeline_dag.py
[2026-05-06T13:35:21.944+0000] {logging_mixin.py:188} INFO - [2026-05-06T13:35:21.944+0000] {dag.py:3096} INFO - Sync 1 DAGs
[2026-05-06T13:35:21.964+0000] {logging_mixin.py:188} INFO - [2026-05-06T13:35:21.964+0000] {dag.py:3954} INFO - Setting next_dagrun for ecommerce_pipeline to 2026-05-06 00:00:00+00:00, run_after=2026-05-07 00:00:00+00:00
[2026-05-06T13:35:22.210+0000] {processor.py:183} INFO - Processing /opt/airflow/dags/pipeline_dag.py took 0.326 seconds
[2026-05-06T13:35:52.262+0000] {processor.py:161} INFO - Started process (PID=2478) to work on /opt/airflow/dags/pipeline_dag.py
[2026-05-06T13:35:52.263+0000] {processor.py:830} INFO - Processing file /opt/airflow/dags/pipeline_dag.py for tasks to queue
[2026-05-06T13:35:52.265+0000] {logging_mixin.py:188} INFO - [2026-05-06T13:35:52.264+0000] {dagbag.py:545} INFO - Filling up the DagBag from /opt/airflow/dags/pipeline_dag.py
[2026-05-06T13:35:52.284+0000] {processor.py:840} INFO - DAG(s) 'ecommerce_pipeline' retrieved from /opt/airflow/dags/pipeline_dag.py
[2026-05-06T13:35:52.322+0000] {logging_mixin.py:188} INFO - [2026-05-06T13:35:52.322+0000] {dag.py:3096} INFO - Sync 1 DAGs
[2026-05-06T13:35:52.343+0000] {logging_mixin.py:188} INFO - [2026-05-06T13:35:52.343+0000] {dag.py:3954} INFO - Setting next_dagrun for ecommerce_pipeline to 2026-05-06 00:00:00+00:00, run_after=2026-05-07 00:00:00+00:00
[2026-05-06T13:35:52.365+0000] {processor.py:183} INFO - Processing /opt/airflow/dags/pipeline_dag.py took 0.110 seconds
[2026-05-06T13:36:22.917+0000] {processor.py:161} INFO - Started process (PID=2483) to work on /opt/airflow/dags/pipeline_dag.py
[2026-05-06T13:36:22.918+0000] {processor.py:830} INFO - Processing file /opt/airflow/dags/pipeline_dag.py for tasks to queue
[2026-05-06T13:36:22.920+0000] {logging_mixin.py:188} INFO - [2026-05-06T13:36:22.919+0000] {dagbag.py:545} INFO - Filling up the DagBag from /opt/airflow/dags/pipeline_dag.py
[2026-05-06T13:36:22.938+0000] {processor.py:840} INFO - DAG(s) 'ecommerce_pipeline' retrieved from /opt/airflow/dags/pipeline_dag.py
[2026-05-06T13:36:22.973+0000] {logging_mixin.py:188} INFO - [2026-05-06T13:36:22.972+0000] {dag.py:3096} INFO - Sync 1 DAGs
[2026-05-06T13:36:22.994+0000] {logging_mixin.py:188} INFO - [2026-05-06T13:36:22.994+0000] {dag.py:3954} INFO - Setting next_dagrun for ecommerce_pipeline to 2026-05-06 00:00:00+00:00, run_after=2026-05-07 00:00:00+00:00
[2026-05-06T13:36:23.014+0000] {processor.py:183} INFO - Processing /opt/airflow/dags/pipeline_dag.py took 0.104 seconds
[2026-05-06T13:36:53.783+0000] {processor.py:161} INFO - Started process (PID=2488) to work on /opt/airflow/dags/pipeline_dag.py
[2026-05-06T13:36:53.785+0000] {processor.py:830} INFO - Processing file /opt/airflow/dags/pipeline_dag.py for tasks to queue
[2026-05-06T13:36:53.790+0000] {logging_mixin.py:188} INFO - [2026-05-06T13:36:53.790+0000] {dagbag.py:545} INFO - Filling up the DagBag from /opt/airflow/dags/pipeline_dag.py
[2026-05-06T13:36:53.819+0000] {processor.py:840} INFO - DAG(s) 'ecommerce_pipeline' retrieved from /opt/airflow/dags/pipeline_dag.py
[2026-05-06T13:36:53.881+0000] {logging_mixin.py:188} INFO - [2026-05-06T13:36:53.880+0000] {dag.py:3096} INFO - Sync 1 DAGs
[2026-05-06T13:36:53.944+0000] {logging_mixin.py:188} INFO - [2026-05-06T13:36:53.943+0000] {dag.py:3954} INFO - Setting next_dagrun for ecommerce_pipeline to 2026-05-06 00:00:00+00:00, run_after=2026-05-07 00:00:00+00:00
[2026-05-06T13:36:53.997+0000] {processor.py:183} INFO - Processing /opt/airflow/dags/pipeline_dag.py took 0.225 seconds
[2026-05-06T13:37:24.433+0000] {processor.py:161} INFO - Started process (PID=2493) to work on /opt/airflow/dags/pipeline_dag.py
[2026-05-06T13:37:24.434+0000] {processor.py:830} INFO - Processing file /opt/airflow/dags/pipeline_dag.py for tasks to queue
[2026-05-06T13:37:24.436+0000] {logging_mixin.py:188} INFO - [2026-05-06T13:37:24.435+0000] {dagbag.py:545} INFO - Filling up the DagBag from /opt/airflow/dags/pipeline_dag.py
[2026-05-06T13:37:24.457+0000] {processor.py:840} INFO - DAG(s) 'ecommerce_pipeline' retrieved from /opt/airflow/dags/pipeline_dag.py
[2026-05-06T13:37:24.498+0000] {logging_mixin.py:188} INFO - [2026-05-06T13:37:24.498+0000] {dag.py:3096} INFO - Sync 1 DAGs
[2026-05-06T13:37:24.530+0000] {logging_mixin.py:188} INFO - [2026-05-06T13:37:24.530+0000] {dag.py:3954} INFO - Setting next_dagrun for ecommerce_pipeline to 2026-05-06 00:00:00+00:00, run_after=2026-05-07 00:00:00+00:00
[2026-05-06T13:37:24.560+0000] {processor.py:183} INFO - Processing /opt/airflow/dags/pipeline_dag.py took 0.135 seconds
[2026-05-06T13:37:55.700+0000] {processor.py:161} INFO - Started process (PID=2498) to work on /opt/airflow/dags/pipeline_dag.py
[2026-05-06T13:37:55.708+0000] {processor.py:830} INFO - Processing file /opt/airflow/dags/pipeline_dag.py for tasks to queue
[2026-05-06T13:37:55.729+0000] {logging_mixin.py:188} INFO - [2026-05-06T13:37:55.728+0000] {dagbag.py:545} INFO - Filling up the DagBag from /opt/airflow/dags/pipeline_dag.py
[2026-05-06T13:37:55.788+0000] {processor.py:840} INFO - DAG(s) 'ecommerce_pipeline' retrieved from /opt/airflow/dags/pipeline_dag.py
[2026-05-06T13:37:55.877+0000] {logging_mixin.py:188} INFO - [2026-05-06T13:37:55.877+0000] {dag.py:3096} INFO - Sync 1 DAGs
[2026-05-06T13:37:55.919+0000] {logging_mixin.py:188} INFO - [2026-05-06T13:37:55.919+0000] {dag.py:3954} INFO - Setting next_dagrun for ecommerce_pipeline to 2026-05-06 00:00:00+00:00, run_after=2026-05-07 00:00:00+00:00
[2026-05-06T13:37:55.950+0000] {processor.py:183} INFO - Processing /opt/airflow/dags/pipeline_dag.py took 0.316 seconds
[2026-05-06T13:38:26.510+0000] {processor.py:161} INFO - Started process (PID=2503) to work on /opt/airflow/dags/pipeline_dag.py
[2026-05-06T13:38:26.512+0000] {processor.py:830} INFO - Processing file /opt/airflow/dags/pipeline_dag.py for tasks to queue
[2026-05-06T13:38:26.516+0000] {logging_mixin.py:188} INFO - [2026-05-06T13:38:26.515+0000] {dagbag.py:545} INFO - Filling up the DagBag from /opt/airflow/dags/pipeline_dag.py
[2026-05-06T13:38:26.563+0000] {processor.py:840} INFO - DAG(s) 'ecommerce_pipeline' retrieved from /opt/airflow/dags/pipeline_dag.py
[2026-05-06T13:38:26.614+0000] {logging_mixin.py:188} INFO - [2026-05-06T13:38:26.614+0000] {dag.py:3096} INFO - Sync 1 DAGs
[2026-05-06T13:38:26.635+0000] {logging_mixin.py:188} INFO - [2026-05-06T13:38:26.635+0000] {dag.py:3954} INFO - Setting next_dagrun for ecommerce_pipeline to 2026-05-06 00:00:00+00:00, run_after=2026-05-07 00:00:00+00:00
[2026-05-06T13:38:26.660+0000] {processor.py:183} INFO - Processing /opt/airflow/dags/pipeline_dag.py took 0.161 seconds
[2026-05-06T13:38:56.880+0000] {processor.py:161} INFO - Started process (PID=2508) to work on /opt/airflow/dags/pipeline_dag.py
[2026-05-06T13:38:56.884+0000] {processor.py:830} INFO - Processing file /opt/airflow/dags/pipeline_dag.py for tasks to queue
[2026-05-06T13:38:56.892+0000] {logging_mixin.py:188} INFO - [2026-05-06T13:38:56.890+0000] {dagbag.py:545} INFO - Filling up the DagBag from /opt/airflow/dags/pipeline_dag.py
[2026-05-06T13:38:56.956+0000] {processor.py:840} INFO - DAG(s) 'ecommerce_pipeline' retrieved from /opt/airflow/dags/pipeline_dag.py
[2026-05-06T13:38:57.034+0000] {logging_mixin.py:188} INFO - [2026-05-06T13:38:57.033+0000] {dag.py:3096} INFO - Sync 1 DAGs
[2026-05-06T13:38:57.068+0000] {logging_mixin.py:188} INFO - [2026-05-06T13:38:57.068+0000] {dag.py:3954} INFO - Setting next_dagrun for ecommerce_pipeline to 2026-05-06 00:00:00+00:00, run_after=2026-05-07 00:00:00+00:00
[2026-05-06T13:38:57.093+0000] {processor.py:183} INFO - Processing /opt/airflow/dags/pipeline_dag.py took 0.255 seconds
[2026-05-06T13:39:28.015+0000] {processor.py:161} INFO - Started process (PID=2513) to work on /opt/airflow/dags/pipeline_dag.py
[2026-05-06T13:39:28.023+0000] {processor.py:830} INFO - Processing file /opt/airflow/dags/pipeline_dag.py for tasks to queue
[2026-05-06T13:39:28.035+0000] {logging_mixin.py:188} INFO - [2026-05-06T13:39:28.032+0000] {dagbag.py:545} INFO - Filling up the DagBag from /opt/airflow/dags/pipeline_dag.py
[2026-05-06T13:39:28.100+0000] {processor.py:840} INFO - DAG(s) 'ecommerce_pipeline' retrieved from /opt/airflow/dags/pipeline_dag.py
[2026-05-06T13:39:28.179+0000] {logging_mixin.py:188} INFO - [2026-05-06T13:39:28.179+0000] {dag.py:3096} INFO - Sync 1 DAGs
[2026-05-06T13:39:28.211+0000] {logging_mixin.py:188} INFO - [2026-05-06T13:39:28.211+0000] {dag.py:3954} INFO - Setting next_dagrun for ecommerce_pipeline to 2026-05-06 00:00:00+00:00, run_after=2026-05-07 00:00:00+00:00
[2026-05-06T13:39:28.261+0000] {processor.py:183} INFO - Processing /opt/airflow/dags/pipeline_dag.py took 0.274 seconds
[2026-05-06T13:39:58.490+0000] {processor.py:161} INFO - Started process (PID=2518) to work on /opt/airflow/dags/pipeline_dag.py
[2026-05-06T13:39:58.494+0000] {processor.py:830} INFO - Processing file /opt/airflow/dags/pipeline_dag.py for tasks to queue
[2026-05-06T13:39:58.501+0000] {logging_mixin.py:188} INFO - [2026-05-06T13:39:58.499+0000] {dagbag.py:545} INFO - Filling up the DagBag from /opt/airflow/dags/pipeline_dag.py
[2026-05-06T13:39:58.577+0000] {processor.py:840} INFO - DAG(s) 'ecommerce_pipeline' retrieved from /opt/airflow/dags/pipeline_dag.py
[2026-05-06T13:39:58.815+0000] {logging_mixin.py:188} INFO - [2026-05-06T13:39:58.815+0000] {dag.py:3096} INFO - Sync 1 DAGs
[2026-05-06T13:39:58.906+0000] {logging_mixin.py:188} INFO - [2026-05-06T13:39:58.905+0000] {dag.py:3954} INFO - Setting next_dagrun for ecommerce_pipeline to 2026-05-06 00:00:00+00:00, run_after=2026-05-07 00:00:00+00:00
[2026-05-06T13:39:58.970+0000] {processor.py:183} INFO - Processing /opt/airflow/dags/pipeline_dag.py took 0.527 seconds
[2026-05-06T13:40:29.137+0000] {processor.py:161} INFO - Started process (PID=2523) to work on /opt/airflow/dags/pipeline_dag.py
[2026-05-06T13:40:29.139+0000] {processor.py:830} INFO - Processing file /opt/airflow/dags/pipeline_dag.py for tasks to queue
[2026-05-06T13:40:29.142+0000] {logging_mixin.py:188} INFO - [2026-05-06T13:40:29.142+0000] {dagbag.py:545} INFO - Filling up the DagBag from /opt/airflow/dags/pipeline_dag.py
[2026-05-06T13:40:29.181+0000] {processor.py:840} INFO - DAG(s) 'ecommerce_pipeline' retrieved from /opt/airflow/dags/pipeline_dag.py
[2026-05-06T13:40:29.247+0000] {logging_mixin.py:188} INFO - [2026-05-06T13:40:29.246+0000] {dag.py:3096} INFO - Sync 1 DAGs
[2026-05-06T13:40:29.279+0000] {logging_mixin.py:188} INFO - [2026-05-06T13:40:29.279+0000] {dag.py:3954} INFO - Setting next_dagrun for ecommerce_pipeline to 2026-05-06 00:00:00+00:00, run_after=2026-05-07 00:00:00+00:00
[2026-05-06T13:40:29.322+0000] {processor.py:183} INFO - Processing /opt/airflow/dags/pipeline_dag.py took 0.212 seconds
[2026-05-06T13:41:02.483+0000] {processor.py:161} INFO - Started process (PID=2528) to work on /opt/airflow/dags/pipeline_dag.py
[2026-05-06T13:41:02.485+0000] {processor.py:830} INFO - Processing file /opt/airflow/dags/pipeline_dag.py for tasks to queue
[2026-05-06T13:41:02.489+0000] {logging_mixin.py:188} INFO - [2026-05-06T13:41:02.488+0000] {dagbag.py:545} INFO - Filling up the DagBag from /opt/airflow/dags/pipeline_dag.py
[2026-05-06T13:41:02.562+0000] {processor.py:840} INFO - DAG(s) 'ecommerce_pipeline' retrieved from /opt/airflow/dags/pipeline_dag.py
[2026-05-06T13:41:02.727+0000] {logging_mixin.py:188} INFO - [2026-05-06T13:41:02.726+0000] {dag.py:3096} INFO - Sync 1 DAGs
[2026-05-06T13:41:02.813+0000] {logging_mixin.py:188} INFO - [2026-05-06T13:41:02.813+0000] {dag.py:3954} INFO - Setting next_dagrun for ecommerce_pipeline to 2026-05-06 00:00:00+00:00, run_after=2026-05-07 00:00:00+00:00
[2026-05-06T13:41:02.897+0000] {processor.py:183} INFO - Processing /opt/airflow/dags/pipeline_dag.py took 0.432 seconds
[2026-05-06T13:41:35.678+0000] {processor.py:161} INFO - Started process (PID=2533) to work on /opt/airflow/dags/pipeline_dag.py
[2026-05-06T13:41:35.680+0000] {processor.py:830} INFO - Processing file /opt/airflow/dags/pipeline_dag.py for tasks to queue
[2026-05-06T13:41:35.684+0000] {logging_mixin.py:188} INFO - [2026-05-06T13:41:35.683+0000] {dagbag.py:545} INFO - Filling up the DagBag from /opt/airflow/dags/pipeline_dag.py
[2026-05-06T13:41:35.719+0000] {processor.py:840} INFO - DAG(s) 'ecommerce_pipeline' retrieved from /opt/airflow/dags/pipeline_dag.py
[2026-05-06T13:41:35.802+0000] {logging_mixin.py:188} INFO - [2026-05-06T13:41:35.801+0000] {dag.py:3096} INFO - Sync 1 DAGs
[2026-05-06T13:41:35.842+0000] {logging_mixin.py:188} INFO - [2026-05-06T13:41:35.842+0000] {dag.py:3954} INFO - Setting next_dagrun for ecommerce_pipeline to 2026-05-06 00:00:00+00:00, run_after=2026-05-07 00:00:00+00:00
[2026-05-06T13:41:35.889+0000] {processor.py:183} INFO - Processing /opt/airflow/dags/pipeline_dag.py took 0.221 seconds
[2026-05-06T13:42:07.562+0000] {processor.py:161} INFO - Started process (PID=2538) to work on /opt/airflow/dags/pipeline_dag.py
[2026-05-06T13:42:07.569+0000] {processor.py:830} INFO - Processing file /opt/airflow/dags/pipeline_dag.py for tasks to queue
[2026-05-06T13:42:07.575+0000] {logging_mixin.py:188} INFO - [2026-05-06T13:42:07.574+0000] {dagbag.py:545} INFO - Filling up the DagBag from /opt/airflow/dags/pipeline_dag.py
[2026-05-06T13:42:07.632+0000] {processor.py:840} INFO - DAG(s) 'ecommerce_pipeline' retrieved from /opt/airflow/dags/pipeline_dag.py
[2026-05-06T13:42:07.757+0000] {logging_mixin.py:188} INFO - [2026-05-06T13:42:07.756+0000] {dag.py:3096} INFO - Sync 1 DAGs
[2026-05-06T13:42:07.801+0000] {logging_mixin.py:188} INFO - [2026-05-06T13:42:07.801+0000] {dag.py:3954} INFO - Setting next_dagrun for ecommerce_pipeline to 2026-05-06 00:00:00+00:00, run_after=2026-05-07 00:00:00+00:00
[2026-05-06T13:42:07.851+0000] {processor.py:183} INFO - Processing /opt/airflow/dags/pipeline_dag.py took 0.310 seconds
[2026-05-06T13:42:39.979+0000] {processor.py:161} INFO - Started process (PID=2543) to work on /opt/airflow/dags/pipeline_dag.py
[2026-05-06T13:42:39.984+0000] {processor.py:830} INFO - Processing file /opt/airflow/dags/pipeline_dag.py for tasks to queue
[2026-05-06T13:42:39.990+0000] {logging_mixin.py:188} INFO - [2026-05-06T13:42:39.989+0000] {dagbag.py:545} INFO - Filling up the DagBag from /opt/airflow/dags/pipeline_dag.py
[2026-05-06T13:42:40.048+0000] {processor.py:840} INFO - DAG(s) 'ecommerce_pipeline' retrieved from /opt/airflow/dags/pipeline_dag.py
[2026-05-06T13:42:40.160+0000] {logging_mixin.py:188} INFO - [2026-05-06T13:42:40.159+0000] {dag.py:3096} INFO - Sync 1 DAGs
[2026-05-06T13:42:40.283+0000] {logging_mixin.py:188} INFO - [2026-05-06T13:42:40.282+0000] {dag.py:3954} INFO - Setting next_dagrun for ecommerce_pipeline to 2026-05-06 00:00:00+00:00, run_after=2026-05-07 00:00:00+00:00
[2026-05-06T13:42:40.397+0000] {processor.py:183} INFO - Processing /opt/airflow/dags/pipeline_dag.py took 0.440 seconds
[2026-05-06T13:43:12.708+0000] {processor.py:161} INFO - Started process (PID=2548) to work on /opt/airflow/dags/pipeline_dag.py
[2026-05-06T13:43:12.712+0000] {processor.py:830} INFO - Processing file /opt/airflow/dags/pipeline_dag.py for tasks to queue
[2026-05-06T13:43:12.723+0000] {logging_mixin.py:188} INFO - [2026-05-06T13:43:12.720+0000] {dagbag.py:545} INFO - Filling up the DagBag from /opt/airflow/dags/pipeline_dag.py
[2026-05-06T13:43:12.845+0000] {processor.py:840} INFO - DAG(s) 'ecommerce_pipeline' retrieved from /opt/airflow/dags/pipeline_dag.py
[2026-05-06T13:43:12.999+0000] {logging_mixin.py:188} INFO - [2026-05-06T13:43:12.999+0000] {dag.py:3096} INFO - Sync 1 DAGs
[2026-05-06T13:43:13.039+0000] {logging_mixin.py:188} INFO - [2026-05-06T13:43:13.038+0000] {dag.py:3954} INFO - Setting next_dagrun for ecommerce_pipeline to 2026-05-06 00:00:00+00:00, run_after=2026-05-07 00:00:00+00:00
[2026-05-06T13:43:13.077+0000] {processor.py:183} INFO - Processing /opt/airflow/dags/pipeline_dag.py took 0.388 seconds
[2026-05-06T13:43:45.880+0000] {processor.py:161} INFO - Started process (PID=2553) to work on /opt/airflow/dags/pipeline_dag.py
[2026-05-06T13:43:45.890+0000] {processor.py:830} INFO - Processing file /opt/airflow/dags/pipeline_dag.py for tasks to queue
[2026-05-06T13:43:45.914+0000] {logging_mixin.py:188} INFO - [2026-05-06T13:43:45.910+0000] {dagbag.py:545} INFO - Filling up the DagBag from /opt/airflow/dags/pipeline_dag.py
[2026-05-06T13:43:46.067+0000] {processor.py:840} INFO - DAG(s) 'ecommerce_pipeline' retrieved from /opt/airflow/dags/pipeline_dag.py
[2026-05-06T13:43:46.289+0000] {logging_mixin.py:188} INFO - [2026-05-06T13:43:46.288+0000] {dag.py:3096} INFO - Sync 1 DAGs
[2026-05-06T13:43:46.379+0000] {logging_mixin.py:188} INFO - [2026-05-06T13:43:46.379+0000] {dag.py:3954} INFO - Setting next_dagrun for ecommerce_pipeline to 2026-05-06 00:00:00+00:00, run_after=2026-05-07 00:00:00+00:00
[2026-05-06T13:43:46.442+0000] {processor.py:183} INFO - Processing /opt/airflow/dags/pipeline_dag.py took 0.680 seconds
[2026-05-06T13:44:18.898+0000] {processor.py:161} INFO - Started process (PID=2558) to work on /opt/airflow/dags/pipeline_dag.py
[2026-05-06T13:44:18.909+0000] {processor.py:830} INFO - Processing file /opt/airflow/dags/pipeline_dag.py for tasks to queue
[2026-05-06T13:44:18.926+0000] {logging_mixin.py:188} INFO - [2026-05-06T13:44:18.922+0000] {dagbag.py:545} INFO - Filling up the DagBag from /opt/airflow/dags/pipeline_dag.py
[2026-05-06T13:44:19.067+0000] {processor.py:840} INFO - DAG(s) 'ecommerce_pipeline' retrieved from /opt/airflow/dags/pipeline_dag.py
[2026-05-06T13:44:19.540+0000] {logging_mixin.py:188} INFO - [2026-05-06T13:44:19.539+0000] {dag.py:3096} INFO - Sync 1 DAGs
[2026-05-06T13:44:19.601+0000] {logging_mixin.py:188} INFO - [2026-05-06T13:44:19.601+0000] {dag.py:3954} INFO - Setting next_dagrun for ecommerce_pipeline to 2026-05-06 00:00:00+00:00, run_after=2026-05-07 00:00:00+00:00
[2026-05-06T13:44:19.792+0000] {processor.py:183} INFO - Processing /opt/airflow/dags/pipeline_dag.py took 1.068 seconds
[2026-05-06T13:44:51.307+0000] {processor.py:161} INFO - Started process (PID=2563) to work on /opt/airflow/dags/pipeline_dag.py
[2026-05-06T13:44:51.312+0000] {processor.py:830} INFO - Processing file /opt/airflow/dags/pipeline_dag.py for tasks to queue
[2026-05-06T13:44:51.322+0000] {logging_mixin.py:188} INFO - [2026-05-06T13:44:51.320+0000] {dagbag.py:545} INFO - Filling up the DagBag from /opt/airflow/dags/pipeline_dag.py
[2026-05-06T13:44:51.375+0000] {processor.py:840} INFO - DAG(s) 'ecommerce_pipeline' retrieved from /opt/airflow/dags/pipeline_dag.py
[2026-05-06T13:44:51.469+0000] {logging_mixin.py:188} INFO - [2026-05-06T13:44:51.469+0000] {dag.py:3096} INFO - Sync 1 DAGs
[2026-05-06T13:44:51.504+0000] {logging_mixin.py:188} INFO - [2026-05-06T13:44:51.503+0000] {dag.py:3954} INFO - Setting next_dagrun for ecommerce_pipeline to 2026-05-06 00:00:00+00:00, run_after=2026-05-07 00:00:00+00:00
[2026-05-06T13:44:51.535+0000] {processor.py:183} INFO - Processing /opt/airflow/dags/pipeline_dag.py took 0.253 seconds
[2026-05-06T13:45:24.227+0000] {processor.py:161} INFO - Started process (PID=2568) to work on /opt/airflow/dags/pipeline_dag.py
[2026-05-06T13:45:24.230+0000] {processor.py:830} INFO - Processing file /opt/airflow/dags/pipeline_dag.py for tasks to queue
[2026-05-06T13:45:24.234+0000] {logging_mixin.py:188} INFO - [2026-05-06T13:45:24.234+0000] {dagbag.py:545} INFO - Filling up the DagBag from /opt/airflow/dags/pipeline_dag.py
[2026-05-06T13:45:24.258+0000] {processor.py:840} INFO - DAG(s) 'ecommerce_pipeline' retrieved from /opt/airflow/dags/pipeline_dag.py
[2026-05-06T13:45:24.305+0000] {logging_mixin.py:188} INFO - [2026-05-06T13:45:24.304+0000] {dag.py:3096} INFO - Sync 1 DAGs
[2026-05-06T13:45:24.328+0000] {logging_mixin.py:188} INFO - [2026-05-06T13:45:24.328+0000] {dag.py:3954} INFO - Setting next_dagrun for ecommerce_pipeline to 2026-05-06 00:00:00+00:00, run_after=2026-05-07 00:00:00+00:00
[2026-05-06T13:45:24.361+0000] {processor.py:183} INFO - Processing /opt/airflow/dags/pipeline_dag.py took 0.143 seconds
[2026-05-06T13:45:56.505+0000] {processor.py:161} INFO - Started process (PID=2573) to work on /opt/airflow/dags/pipeline_dag.py
[2026-05-06T13:45:56.523+0000] {processor.py:830} INFO - Processing file /opt/airflow/dags/pipeline_dag.py for tasks to queue
[2026-05-06T13:45:56.547+0000] {logging_mixin.py:188} INFO - [2026-05-06T13:45:56.541+0000] {dagbag.py:545} INFO - Filling up the DagBag from /opt/airflow/dags/pipeline_dag.py
[2026-05-06T13:45:56.699+0000] {processor.py:840} INFO - DAG(s) 'ecommerce_pipeline' retrieved from /opt/airflow/dags/pipeline_dag.py
[2026-05-06T13:45:56.929+0000] {logging_mixin.py:188} INFO - [2026-05-06T13:45:56.928+0000] {dag.py:3096} INFO - Sync 1 DAGs
[2026-05-06T13:45:57.084+0000] {logging_mixin.py:188} INFO - [2026-05-06T13:45:57.083+0000] {dag.py:3954} INFO - Setting next_dagrun for ecommerce_pipeline to 2026-05-06 00:00:00+00:00, run_after=2026-05-07 00:00:00+00:00
[2026-05-06T13:45:57.171+0000] {processor.py:183} INFO - Processing /opt/airflow/dags/pipeline_dag.py took 0.710 seconds
[2026-05-06T13:46:30.708+0000] {processor.py:161} INFO - Started process (PID=2578) to work on /opt/airflow/dags/pipeline_dag.py
[2026-05-06T13:46:30.740+0000] {processor.py:830} INFO - Processing file /opt/airflow/dags/pipeline_dag.py for tasks to queue
[2026-05-06T13:46:30.785+0000] {logging_mixin.py:188} INFO - [2026-05-06T13:46:30.783+0000] {dagbag.py:545} INFO - Filling up the DagBag from /opt/airflow/dags/pipeline_dag.py
[2026-05-06T13:46:31.434+0000] {processor.py:840} INFO - DAG(s) 'ecommerce_pipeline' retrieved from /opt/airflow/dags/pipeline_dag.py
[2026-05-06T13:46:31.569+0000] {logging_mixin.py:188} INFO - [2026-05-06T13:46:31.568+0000] {dag.py:3096} INFO - Sync 1 DAGs
[2026-05-06T13:46:31.639+0000] {logging_mixin.py:188} INFO - [2026-05-06T13:46:31.638+0000] {dag.py:3954} INFO - Setting next_dagrun for ecommerce_pipeline to 2026-05-06 00:00:00+00:00, run_after=2026-05-07 00:00:00+00:00
[2026-05-06T13:46:31.694+0000] {processor.py:183} INFO - Processing /opt/airflow/dags/pipeline_dag.py took 1.029 seconds
[2026-05-06T13:47:02.097+0000] {processor.py:161} INFO - Started process (PID=2583) to work on /opt/airflow/dags/pipeline_dag.py
[2026-05-06T13:47:02.103+0000] {processor.py:830} INFO - Processing file /opt/airflow/dags/pipeline_dag.py for tasks to queue
[2026-05-06T13:47:02.115+0000] {logging_mixin.py:188} INFO - [2026-05-06T13:47:02.113+0000] {dagbag.py:545} INFO - Filling up the DagBag from /opt/airflow/dags/pipeline_dag.py
[2026-05-06T13:47:02.202+0000] {processor.py:840} INFO - DAG(s) 'ecommerce_pipeline' retrieved from /opt/airflow/dags/pipeline_dag.py
[2026-05-06T13:47:02.363+0000] {logging_mixin.py:188} INFO - [2026-05-06T13:47:02.361+0000] {dag.py:3096} INFO - Sync 1 DAGs
[2026-05-06T13:47:02.474+0000] {logging_mixin.py:188} INFO - [2026-05-06T13:47:02.473+0000] {dag.py:3954} INFO - Setting next_dagrun for ecommerce_pipeline to 2026-05-06 00:00:00+00:00, run_after=2026-05-07 00:00:00+00:00
[2026-05-06T13:47:02.549+0000] {processor.py:183} INFO - Processing /opt/airflow/dags/pipeline_dag.py took 0.494 seconds
[2026-05-06T13:47:34.558+0000] {processor.py:161} INFO - Started process (PID=2588) to work on /opt/airflow/dags/pipeline_dag.py
[2026-05-06T13:47:34.559+0000] {processor.py:830} INFO - Processing file /opt/airflow/dags/pipeline_dag.py for tasks to queue
[2026-05-06T13:47:34.560+0000] {logging_mixin.py:188} INFO - [2026-05-06T13:47:34.560+0000] {dagbag.py:545} INFO - Filling up the DagBag from /opt/airflow/dags/pipeline_dag.py
[2026-05-06T13:47:34.586+0000] {processor.py:840} INFO - DAG(s) 'ecommerce_pipeline' retrieved from /opt/airflow/dags/pipeline_dag.py
[2026-05-06T13:47:34.629+0000] {logging_mixin.py:188} INFO - [2026-05-06T13:47:34.628+0000] {dag.py:3096} INFO - Sync 1 DAGs
[2026-05-06T13:47:34.652+0000] {logging_mixin.py:188} INFO - [2026-05-06T13:47:34.652+0000] {dag.py:3954} INFO - Setting next_dagrun for ecommerce_pipeline to 2026-05-06 00:00:00+00:00, run_after=2026-05-07 00:00:00+00:00
[2026-05-06T13:47:34.678+0000] {processor.py:183} INFO - Processing /opt/airflow/dags/pipeline_dag.py took 0.126 seconds
[2026-05-06T13:48:07.576+0000] {processor.py:161} INFO - Started process (PID=2593) to work on /opt/airflow/dags/pipeline_dag.py
[2026-05-06T13:48:07.579+0000] {processor.py:830} INFO - Processing file /opt/airflow/dags/pipeline_dag.py for tasks to queue
[2026-05-06T13:48:07.587+0000] {logging_mixin.py:188} INFO - [2026-05-06T13:48:07.585+0000] {dagbag.py:545} INFO - Filling up the DagBag from /opt/airflow/dags/pipeline_dag.py
[2026-05-06T13:48:07.646+0000] {processor.py:840} INFO - DAG(s) 'ecommerce_pipeline' retrieved from /opt/airflow/dags/pipeline_dag.py
[2026-05-06T13:48:07.742+0000] {logging_mixin.py:188} INFO - [2026-05-06T13:48:07.742+0000] {dag.py:3096} INFO - Sync 1 DAGs
[2026-05-06T13:48:07.787+0000] {logging_mixin.py:188} INFO - [2026-05-06T13:48:07.787+0000] {dag.py:3954} INFO - Setting next_dagrun for ecommerce_pipeline to 2026-05-06 00:00:00+00:00, run_after=2026-05-07 00:00:00+00:00
[2026-05-06T13:48:07.818+0000] {processor.py:183} INFO - Processing /opt/airflow/dags/pipeline_dag.py took 0.266 seconds
[2026-05-06T13:48:40.562+0000] {processor.py:161} INFO - Started process (PID=2598) to work on /opt/airflow/dags/pipeline_dag.py
[2026-05-06T13:48:40.565+0000] {processor.py:830} INFO - Processing file /opt/airflow/dags/pipeline_dag.py for tasks to queue
[2026-05-06T13:48:40.571+0000] {logging_mixin.py:188} INFO - [2026-05-06T13:48:40.570+0000] {dagbag.py:545} INFO - Filling up the DagBag from /opt/airflow/dags/pipeline_dag.py
[2026-05-06T13:48:40.615+0000] {processor.py:840} INFO - DAG(s) 'ecommerce_pipeline' retrieved from /opt/airflow/dags/pipeline_dag.py
[2026-05-06T13:48:40.669+0000] {logging_mixin.py:188} INFO - [2026-05-06T13:48:40.669+0000] {dag.py:3096} INFO - Sync 1 DAGs
[2026-05-06T13:48:40.696+0000] {logging_mixin.py:188} INFO - [2026-05-06T13:48:40.696+0000] {dag.py:3954} INFO - Setting next_dagrun for ecommerce_pipeline to 2026-05-06 00:00:00+00:00, run_after=2026-05-07 00:00:00+00:00
[2026-05-06T13:48:40.729+0000] {processor.py:183} INFO - Processing /opt/airflow/dags/pipeline_dag.py took 0.184 seconds
[2026-05-06T13:49:12.171+0000] {processor.py:161} INFO - Started process (PID=2603) to work on /opt/airflow/dags/pipeline_dag.py
[2026-05-06T13:49:12.173+0000] {processor.py:830} INFO - Processing file /opt/airflow/dags/pipeline_dag.py for tasks to queue
[2026-05-06T13:49:12.177+0000] {logging_mixin.py:188} INFO - [2026-05-06T13:49:12.176+0000] {dagbag.py:545} INFO - Filling up the DagBag from /opt/airflow/dags/pipeline_dag.py
[2026-05-06T13:49:12.213+0000] {processor.py:840} INFO - DAG(s) 'ecommerce_pipeline' retrieved from /opt/airflow/dags/pipeline_dag.py
[2026-05-06T13:49:12.277+0000] {logging_mixin.py:188} INFO - [2026-05-06T13:49:12.277+0000] {dag.py:3096} INFO - Sync 1 DAGs
[2026-05-06T13:49:12.306+0000] {logging_mixin.py:188} INFO - [2026-05-06T13:49:12.305+0000] {dag.py:3954} INFO - Setting next_dagrun for ecommerce_pipeline to 2026-05-06 00:00:00+00:00, run_after=2026-05-07 00:00:00+00:00
[2026-05-06T13:49:12.330+0000] {processor.py:183} INFO - Processing /opt/airflow/dags/pipeline_dag.py took 0.170 seconds
[2026-05-06T13:49:44.773+0000] {processor.py:161} INFO - Started process (PID=2608) to work on /opt/airflow/dags/pipeline_dag.py
[2026-05-06T13:49:44.778+0000] {processor.py:830} INFO - Processing file /opt/airflow/dags/pipeline_dag.py for tasks to queue
[2026-05-06T13:49:44.788+0000] {logging_mixin.py:188} INFO - [2026-05-06T13:49:44.786+0000] {dagbag.py:545} INFO - Filling up the DagBag from /opt/airflow/dags/pipeline_dag.py
[2026-05-06T13:49:44.850+0000] {processor.py:840} INFO - DAG(s) 'ecommerce_pipeline' retrieved from /opt/airflow/dags/pipeline_dag.py
[2026-05-06T13:49:44.940+0000] {logging_mixin.py:188} INFO - [2026-05-06T13:49:44.940+0000] {dag.py:3096} INFO - Sync 1 DAGs
[2026-05-06T13:49:44.983+0000] {logging_mixin.py:188} INFO - [2026-05-06T13:49:44.983+0000] {dag.py:3954} INFO - Setting next_dagrun for ecommerce_pipeline to 2026-05-06 00:00:00+00:00, run_after=2026-05-07 00:00:00+00:00
[2026-05-06T13:49:45.021+0000] {processor.py:183} INFO - Processing /opt/airflow/dags/pipeline_dag.py took 0.276 seconds
[2026-05-06T13:50:17.285+0000] {processor.py:161} INFO - Started process (PID=2613) to work on /opt/airflow/dags/pipeline_dag.py
[2026-05-06T13:50:17.292+0000] {processor.py:830} INFO - Processing file /opt/airflow/dags/pipeline_dag.py for tasks to queue
[2026-05-06T13:50:17.313+0000] {logging_mixin.py:188} INFO - [2026-05-06T13:50:17.310+0000] {dagbag.py:545} INFO - Filling up the DagBag from /opt/airflow/dags/pipeline_dag.py
[2026-05-06T13:50:17.507+0000] {processor.py:840} INFO - DAG(s) 'ecommerce_pipeline' retrieved from /opt/airflow/dags/pipeline_dag.py
[2026-05-06T13:50:17.712+0000] {logging_mixin.py:188} INFO - [2026-05-06T13:50:17.711+0000] {dag.py:3096} INFO - Sync 1 DAGs
[2026-05-06T13:50:17.761+0000] {logging_mixin.py:188} INFO - [2026-05-06T13:50:17.760+0000] {dag.py:3954} INFO - Setting next_dagrun for ecommerce_pipeline to 2026-05-06 00:00:00+00:00, run_after=2026-05-07 00:00:00+00:00
[2026-05-06T13:50:17.845+0000] {processor.py:183} INFO - Processing /opt/airflow/dags/pipeline_dag.py took 0.597 seconds
[2026-05-06T13:50:50.425+0000] {processor.py:161} INFO - Started process (PID=2618) to work on /opt/airflow/dags/pipeline_dag.py
[2026-05-06T13:50:50.432+0000] {processor.py:830} INFO - Processing file /opt/airflow/dags/pipeline_dag.py for tasks to queue
[2026-05-06T13:50:50.444+0000] {logging_mixin.py:188} INFO - [2026-05-06T13:50:50.442+0000] {dagbag.py:545} INFO - Filling up the DagBag from /opt/airflow/dags/pipeline_dag.py
[2026-05-06T13:50:50.529+0000] {processor.py:840} INFO - DAG(s) 'ecommerce_pipeline' retrieved from /opt/airflow/dags/pipeline_dag.py
[2026-05-06T13:50:50.639+0000] {logging_mixin.py:188} INFO - [2026-05-06T13:50:50.638+0000] {dag.py:3096} INFO - Sync 1 DAGs
[2026-05-06T13:50:50.689+0000] {logging_mixin.py:188} INFO - [2026-05-06T13:50:50.689+0000] {dag.py:3954} INFO - Setting next_dagrun for ecommerce_pipeline to 2026-05-06 00:00:00+00:00, run_after=2026-05-07 00:00:00+00:00
[2026-05-06T13:50:50.727+0000] {processor.py:183} INFO - Processing /opt/airflow/dags/pipeline_dag.py took 0.345 seconds
[2026-05-06T13:51:23.189+0000] {processor.py:161} INFO - Started process (PID=2623) to work on /opt/airflow/dags/pipeline_dag.py
[2026-05-06T13:51:23.191+0000] {processor.py:830} INFO - Processing file /opt/airflow/dags/pipeline_dag.py for tasks to queue
[2026-05-06T13:51:23.194+0000] {logging_mixin.py:188} INFO - [2026-05-06T13:51:23.193+0000] {dagbag.py:545} INFO - Filling up the DagBag from /opt/airflow/dags/pipeline_dag.py
[2026-05-06T13:51:23.226+0000] {processor.py:840} INFO - DAG(s) 'ecommerce_pipeline' retrieved from /opt/airflow/dags/pipeline_dag.py
[2026-05-06T13:51:23.289+0000] {logging_mixin.py:188} INFO - [2026-05-06T13:51:23.289+0000] {dag.py:3096} INFO - Sync 1 DAGs
[2026-05-06T13:51:23.331+0000] {logging_mixin.py:188} INFO - [2026-05-06T13:51:23.331+0000] {dag.py:3954} INFO - Setting next_dagrun for ecommerce_pipeline to 2026-05-06 00:00:00+00:00, run_after=2026-05-07 00:00:00+00:00
[2026-05-06T13:51:23.367+0000] {processor.py:183} INFO - Processing /opt/airflow/dags/pipeline_dag.py took 0.185 seconds
[2026-05-06T13:51:56.942+0000] {processor.py:161} INFO - Started process (PID=2628) to work on /opt/airflow/dags/pipeline_dag.py
[2026-05-06T13:51:56.950+0000] {processor.py:830} INFO - Processing file /opt/airflow/dags/pipeline_dag.py for tasks to queue
[2026-05-06T13:51:56.971+0000] {logging_mixin.py:188} INFO - [2026-05-06T13:51:56.965+0000] {dagbag.py:545} INFO - Filling up the DagBag from /opt/airflow/dags/pipeline_dag.py
[2026-05-06T13:51:57.082+0000] {processor.py:840} INFO - DAG(s) 'ecommerce_pipeline' retrieved from /opt/airflow/dags/pipeline_dag.py
[2026-05-06T13:51:57.170+0000] {logging_mixin.py:188} INFO - [2026-05-06T13:51:57.170+0000] {dag.py:3096} INFO - Sync 1 DAGs
[2026-05-06T13:51:57.220+0000] {logging_mixin.py:188} INFO - [2026-05-06T13:51:57.219+0000] {dag.py:3954} INFO - Setting next_dagrun for ecommerce_pipeline to 2026-05-06 00:00:00+00:00, run_after=2026-05-07 00:00:00+00:00
[2026-05-06T13:51:57.258+0000] {processor.py:183} INFO - Processing /opt/airflow/dags/pipeline_dag.py took 0.382 seconds
[2026-05-06T13:52:28.806+0000] {processor.py:161} INFO - Started process (PID=2633) to work on /opt/airflow/dags/pipeline_dag.py
[2026-05-06T13:52:28.807+0000] {processor.py:830} INFO - Processing file /opt/airflow/dags/pipeline_dag.py for tasks to queue
[2026-05-06T13:52:28.809+0000] {logging_mixin.py:188} INFO - [2026-05-06T13:52:28.809+0000] {dagbag.py:545} INFO - Filling up the DagBag from /opt/airflow/dags/pipeline_dag.py
[2026-05-06T13:52:28.840+0000] {processor.py:840} INFO - DAG(s) 'ecommerce_pipeline' retrieved from /opt/airflow/dags/pipeline_dag.py
[2026-05-06T13:52:28.894+0000] {logging_mixin.py:188} INFO - [2026-05-06T13:52:28.894+0000] {dag.py:3096} INFO - Sync 1 DAGs
[2026-05-06T13:52:28.928+0000] {logging_mixin.py:188} INFO - [2026-05-06T13:52:28.928+0000] {dag.py:3954} INFO - Setting next_dagrun for ecommerce_pipeline to 2026-05-06 00:00:00+00:00, run_after=2026-05-07 00:00:00+00:00
[2026-05-06T13:52:28.959+0000] {processor.py:183} INFO - Processing /opt/airflow/dags/pipeline_dag.py took 0.160 seconds
[2026-05-06T13:53:00.027+0000] {processor.py:161} INFO - Started process (PID=2638) to work on /opt/airflow/dags/pipeline_dag.py
[2026-05-06T13:53:00.029+0000] {processor.py:830} INFO - Processing file /opt/airflow/dags/pipeline_dag.py for tasks to queue
[2026-05-06T13:53:00.032+0000] {logging_mixin.py:188} INFO - [2026-05-06T13:53:00.031+0000] {dagbag.py:545} INFO - Filling up the DagBag from /opt/airflow/dags/pipeline_dag.py
[2026-05-06T13:53:00.076+0000] {processor.py:840} INFO - DAG(s) 'ecommerce_pipeline' retrieved from /opt/airflow/dags/pipeline_dag.py
[2026-05-06T13:53:00.138+0000] {logging_mixin.py:188} INFO - [2026-05-06T13:53:00.137+0000] {dag.py:3096} INFO - Sync 1 DAGs
[2026-05-06T13:53:00.186+0000] {logging_mixin.py:188} INFO - [2026-05-06T13:53:00.186+0000] {dag.py:3954} INFO - Setting next_dagrun for ecommerce_pipeline to 2026-05-06 00:00:00+00:00, run_after=2026-05-07 00:00:00+00:00
[2026-05-06T13:53:00.217+0000] {processor.py:183} INFO - Processing /opt/airflow/dags/pipeline_dag.py took 0.210 seconds
[2026-05-06T13:53:30.902+0000] {processor.py:161} INFO - Started process (PID=2643) to work on /opt/airflow/dags/pipeline_dag.py
[2026-05-06T13:53:30.914+0000] {processor.py:830} INFO - Processing file /opt/airflow/dags/pipeline_dag.py for tasks to queue
[2026-05-06T13:53:30.939+0000] {logging_mixin.py:188} INFO - [2026-05-06T13:53:30.927+0000] {dagbag.py:545} INFO - Filling up the DagBag from /opt/airflow/dags/pipeline_dag.py
[2026-05-06T13:53:31.356+0000] {processor.py:840} INFO - DAG(s) 'ecommerce_pipeline' retrieved from /opt/airflow/dags/pipeline_dag.py
[2026-05-06T13:53:32.143+0000] {logging_mixin.py:188} INFO - [2026-05-06T13:53:32.142+0000] {dag.py:3096} INFO - Sync 1 DAGs
[2026-05-06T13:53:32.305+0000] {logging_mixin.py:188} INFO - [2026-05-06T13:53:32.304+0000] {dag.py:3954} INFO - Setting next_dagrun for ecommerce_pipeline to 2026-05-06 00:00:00+00:00, run_after=2026-05-07 00:00:00+00:00
[2026-05-06T13:53:31.915+0000] {processor.py:183} INFO - Processing /opt/airflow/dags/pipeline_dag.py took 1.605 seconds
[2026-05-06T13:54:02.327+0000] {processor.py:161} INFO - Started process (PID=2648) to work on /opt/airflow/dags/pipeline_dag.py
[2026-05-06T13:54:02.331+0000] {processor.py:830} INFO - Processing file /opt/airflow/dags/pipeline_dag.py for tasks to queue
[2026-05-06T13:54:02.345+0000] {logging_mixin.py:188} INFO - [2026-05-06T13:54:02.343+0000] {dagbag.py:545} INFO - Filling up the DagBag from /opt/airflow/dags/pipeline_dag.py
[2026-05-06T13:54:02.423+0000] {processor.py:840} INFO - DAG(s) 'ecommerce_pipeline' retrieved from /opt/airflow/dags/pipeline_dag.py
[2026-05-06T13:54:02.556+0000] {logging_mixin.py:188} INFO - [2026-05-06T13:54:02.556+0000] {dag.py:3096} INFO - Sync 1 DAGs
[2026-05-06T13:54:02.618+0000] {logging_mixin.py:188} INFO - [2026-05-06T13:54:02.618+0000] {dag.py:3954} INFO - Setting next_dagrun for ecommerce_pipeline to 2026-05-06 00:00:00+00:00, run_after=2026-05-07 00:00:00+00:00
[2026-05-06T13:54:02.662+0000] {processor.py:183} INFO - Processing /opt/airflow/dags/pipeline_dag.py took 0.381 seconds
[2026-05-06T13:54:33.674+0000] {processor.py:161} INFO - Started process (PID=2653) to work on /opt/airflow/dags/pipeline_dag.py
[2026-05-06T13:54:33.710+0000] {processor.py:830} INFO - Processing file /opt/airflow/dags/pipeline_dag.py for tasks to queue
[2026-05-06T13:54:33.727+0000] {logging_mixin.py:188} INFO - [2026-05-06T13:54:33.722+0000] {dagbag.py:545} INFO - Filling up the DagBag from /opt/airflow/dags/pipeline_dag.py
[2026-05-06T13:54:33.993+0000] {processor.py:840} INFO - DAG(s) 'ecommerce_pipeline' retrieved from /opt/airflow/dags/pipeline_dag.py
[2026-05-06T13:54:35.614+0000] {logging_mixin.py:188} INFO - [2026-05-06T13:54:35.614+0000] {dag.py:3096} INFO - Sync 1 DAGs
[2026-05-06T13:54:35.743+0000] {logging_mixin.py:188} INFO - [2026-05-06T13:54:35.743+0000] {dag.py:3954} INFO - Setting next_dagrun for ecommerce_pipeline to 2026-05-06 00:00:00+00:00, run_after=2026-05-07 00:00:00+00:00
[2026-05-06T13:54:36.217+0000] {processor.py:183} INFO - Processing /opt/airflow/dags/pipeline_dag.py took 2.574 seconds
[2026-05-06T13:55:07.168+0000] {processor.py:161} INFO - Started process (PID=2658) to work on /opt/airflow/dags/pipeline_dag.py
[2026-05-06T13:55:07.170+0000] {processor.py:830} INFO - Processing file /opt/airflow/dags/pipeline_dag.py for tasks to queue
[2026-05-06T13:55:07.177+0000] {logging_mixin.py:188} INFO - [2026-05-06T13:55:07.173+0000] {dagbag.py:545} INFO - Filling up the DagBag from /opt/airflow/dags/pipeline_dag.py
[2026-05-06T13:55:07.216+0000] {processor.py:840} INFO - DAG(s) 'ecommerce_pipeline' retrieved from /opt/airflow/dags/pipeline_dag.py
[2026-05-06T13:55:07.905+0000] {logging_mixin.py:188} INFO - [2026-05-06T13:55:07.904+0000] {dag.py:3096} INFO - Sync 1 DAGs
[2026-05-06T13:55:07.941+0000] {logging_mixin.py:188} INFO - [2026-05-06T13:55:07.941+0000] {dag.py:3954} INFO - Setting next_dagrun for ecommerce_pipeline to 2026-05-06 00:00:00+00:00, run_after=2026-05-07 00:00:00+00:00
[2026-05-06T13:55:07.985+0000] {processor.py:183} INFO - Processing /opt/airflow/dags/pipeline_dag.py took 0.831 seconds
[2026-05-06T13:55:38.218+0000] {processor.py:161} INFO - Started process (PID=2663) to work on /opt/airflow/dags/pipeline_dag.py
[2026-05-06T13:55:38.219+0000] {processor.py:830} INFO - Processing file /opt/airflow/dags/pipeline_dag.py for tasks to queue
[2026-05-06T13:55:38.221+0000] {logging_mixin.py:188} INFO - [2026-05-06T13:55:38.220+0000] {dagbag.py:545} INFO - Filling up the DagBag from /opt/airflow/dags/pipeline_dag.py
[2026-05-06T13:55:38.247+0000] {processor.py:840} INFO - DAG(s) 'ecommerce_pipeline' retrieved from /opt/airflow/dags/pipeline_dag.py
[2026-05-06T13:55:38.302+0000] {logging_mixin.py:188} INFO - [2026-05-06T13:55:38.302+0000] {dag.py:3096} INFO - Sync 1 DAGs
[2026-05-06T13:55:38.345+0000] {logging_mixin.py:188} INFO - [2026-05-06T13:55:38.345+0000] {dag.py:3954} INFO - Setting next_dagrun for ecommerce_pipeline to 2026-05-06 00:00:00+00:00, run_after=2026-05-07 00:00:00+00:00
[2026-05-06T13:55:38.375+0000] {processor.py:183} INFO - Processing /opt/airflow/dags/pipeline_dag.py took 0.163 seconds
[2026-05-06T13:56:09.160+0000] {processor.py:161} INFO - Started process (PID=2668) to work on /opt/airflow/dags/pipeline_dag.py
[2026-05-06T13:56:09.162+0000] {processor.py:830} INFO - Processing file /opt/airflow/dags/pipeline_dag.py for tasks to queue
[2026-05-06T13:56:09.166+0000] {logging_mixin.py:188} INFO - [2026-05-06T13:56:09.165+0000] {dagbag.py:545} INFO - Filling up the DagBag from /opt/airflow/dags/pipeline_dag.py
[2026-05-06T13:56:09.198+0000] {processor.py:840} INFO - DAG(s) 'ecommerce_pipeline' retrieved from /opt/airflow/dags/pipeline_dag.py
[2026-05-06T13:56:09.279+0000] {logging_mixin.py:188} INFO - [2026-05-06T13:56:09.278+0000] {dag.py:3096} INFO - Sync 1 DAGs
[2026-05-06T13:56:09.321+0000] {logging_mixin.py:188} INFO - [2026-05-06T13:56:09.320+0000] {dag.py:3954} INFO - Setting next_dagrun for ecommerce_pipeline to 2026-05-06 00:00:00+00:00, run_after=2026-05-07 00:00:00+00:00
[2026-05-06T13:56:09.366+0000] {processor.py:183} INFO - Processing /opt/airflow/dags/pipeline_dag.py took 0.213 seconds
[2026-05-06T13:56:40.127+0000] {processor.py:161} INFO - Started process (PID=2673) to work on /opt/airflow/dags/pipeline_dag.py
[2026-05-06T13:56:40.129+0000] {processor.py:830} INFO - Processing file /opt/airflow/dags/pipeline_dag.py for tasks to queue
[2026-05-06T13:56:40.131+0000] {logging_mixin.py:188} INFO - [2026-05-06T13:56:40.131+0000] {dagbag.py:545} INFO - Filling up the DagBag from /opt/airflow/dags/pipeline_dag.py
[2026-05-06T13:56:40.156+0000] {processor.py:840} INFO - DAG(s) 'ecommerce_pipeline' retrieved from /opt/airflow/dags/pipeline_dag.py
[2026-05-06T13:56:40.210+0000] {logging_mixin.py:188} INFO - [2026-05-06T13:56:40.210+0000] {dag.py:3096} INFO - Sync 1 DAGs
[2026-05-06T13:56:40.234+0000] {logging_mixin.py:188} INFO - [2026-05-06T13:56:40.234+0000] {dag.py:3954} INFO - Setting next_dagrun for ecommerce_pipeline to 2026-05-06 00:00:00+00:00, run_after=2026-05-07 00:00:00+00:00
[2026-05-06T13:56:40.258+0000] {processor.py:183} INFO - Processing /opt/airflow/dags/pipeline_dag.py took 0.138 seconds
[2026-05-06T13:57:11.208+0000] {processor.py:161} INFO - Started process (PID=2678) to work on /opt/airflow/dags/pipeline_dag.py
[2026-05-06T13:57:11.210+0000] {processor.py:830} INFO - Processing file /opt/airflow/dags/pipeline_dag.py for tasks to queue
[2026-05-06T13:57:11.221+0000] {logging_mixin.py:188} INFO - [2026-05-06T13:57:11.217+0000] {dagbag.py:545} INFO - Filling up the DagBag from /opt/airflow/dags/pipeline_dag.py
[2026-05-06T13:57:11.339+0000] {processor.py:840} INFO - DAG(s) 'ecommerce_pipeline' retrieved from /opt/airflow/dags/pipeline_dag.py
[2026-05-06T13:57:11.588+0000] {logging_mixin.py:188} INFO - [2026-05-06T13:57:11.587+0000] {dag.py:3096} INFO - Sync 1 DAGs
[2026-05-06T13:57:11.657+0000] {logging_mixin.py:188} INFO - [2026-05-06T13:57:11.657+0000] {dag.py:3954} INFO - Setting next_dagrun for ecommerce_pipeline to 2026-05-06 00:00:00+00:00, run_after=2026-05-07 00:00:00+00:00
[2026-05-06T13:57:11.872+0000] {processor.py:183} INFO - Processing /opt/airflow/dags/pipeline_dag.py took 0.710 seconds
[2026-05-06T13:57:42.232+0000] {processor.py:161} INFO - Started process (PID=2683) to work on /opt/airflow/dags/pipeline_dag.py
[2026-05-06T13:57:42.240+0000] {processor.py:830} INFO - Processing file /opt/airflow/dags/pipeline_dag.py for tasks to queue
[2026-05-06T13:57:42.256+0000] {logging_mixin.py:188} INFO - [2026-05-06T13:57:42.254+0000] {dagbag.py:545} INFO - Filling up the DagBag from /opt/airflow/dags/pipeline_dag.py
[2026-05-06T13:57:42.368+0000] {processor.py:840} INFO - DAG(s) 'ecommerce_pipeline' retrieved from /opt/airflow/dags/pipeline_dag.py
[2026-05-06T13:57:42.534+0000] {logging_mixin.py:188} INFO - [2026-05-06T13:57:42.533+0000] {dag.py:3096} INFO - Sync 1 DAGs
[2026-05-06T13:57:42.636+0000] {logging_mixin.py:188} INFO - [2026-05-06T13:57:42.635+0000] {dag.py:3954} INFO - Setting next_dagrun for ecommerce_pipeline to 2026-05-06 00:00:00+00:00, run_after=2026-05-07 00:00:00+00:00
[2026-05-06T13:57:42.827+0000] {processor.py:183} INFO - Processing /opt/airflow/dags/pipeline_dag.py took 0.666 seconds
[2026-05-06T13:58:13.041+0000] {processor.py:161} INFO - Started process (PID=2688) to work on /opt/airflow/dags/pipeline_dag.py
[2026-05-06T13:58:13.043+0000] {processor.py:830} INFO - Processing file /opt/airflow/dags/pipeline_dag.py for tasks to queue
[2026-05-06T13:58:13.046+0000] {logging_mixin.py:188} INFO - [2026-05-06T13:58:13.046+0000] {dagbag.py:545} INFO - Filling up the DagBag from /opt/airflow/dags/pipeline_dag.py
[2026-05-06T13:58:13.079+0000] {processor.py:840} INFO - DAG(s) 'ecommerce_pipeline' retrieved from /opt/airflow/dags/pipeline_dag.py
[2026-05-06T13:58:13.149+0000] {logging_mixin.py:188} INFO - [2026-05-06T13:58:13.148+0000] {dag.py:3096} INFO - Sync 1 DAGs
[2026-05-06T13:58:13.174+0000] {logging_mixin.py:188} INFO - [2026-05-06T13:58:13.173+0000] {dag.py:3954} INFO - Setting next_dagrun for ecommerce_pipeline to 2026-05-06 00:00:00+00:00, run_after=2026-05-07 00:00:00+00:00
[2026-05-06T13:58:13.203+0000] {processor.py:183} INFO - Processing /opt/airflow/dags/pipeline_dag.py took 0.173 seconds
[2026-05-06T13:58:43.855+0000] {processor.py:161} INFO - Started process (PID=2693) to work on /opt/airflow/dags/pipeline_dag.py
[2026-05-06T13:58:43.857+0000] {processor.py:830} INFO - Processing file /opt/airflow/dags/pipeline_dag.py for tasks to queue
[2026-05-06T13:58:43.860+0000] {logging_mixin.py:188} INFO - [2026-05-06T13:58:43.860+0000] {dagbag.py:545} INFO - Filling up the DagBag from /opt/airflow/dags/pipeline_dag.py
[2026-05-06T13:58:43.885+0000] {processor.py:840} INFO - DAG(s) 'ecommerce_pipeline' retrieved from /opt/airflow/dags/pipeline_dag.py
[2026-05-06T13:58:43.944+0000] {logging_mixin.py:188} INFO - [2026-05-06T13:58:43.943+0000] {dag.py:3096} INFO - Sync 1 DAGs
[2026-05-06T13:58:43.967+0000] {logging_mixin.py:188} INFO - [2026-05-06T13:58:43.967+0000] {dag.py:3954} INFO - Setting next_dagrun for ecommerce_pipeline to 2026-05-06 00:00:00+00:00, run_after=2026-05-07 00:00:00+00:00
[2026-05-06T13:58:44.002+0000] {processor.py:183} INFO - Processing /opt/airflow/dags/pipeline_dag.py took 0.153 seconds
[2026-05-06T13:59:14.669+0000] {processor.py:161} INFO - Started process (PID=2698) to work on /opt/airflow/dags/pipeline_dag.py
[2026-05-06T13:59:14.671+0000] {processor.py:830} INFO - Processing file /opt/airflow/dags/pipeline_dag.py for tasks to queue
[2026-05-06T13:59:14.674+0000] {logging_mixin.py:188} INFO - [2026-05-06T13:59:14.673+0000] {dagbag.py:545} INFO - Filling up the DagBag from /opt/airflow/dags/pipeline_dag.py
[2026-05-06T13:59:14.694+0000] {processor.py:840} INFO - DAG(s) 'ecommerce_pipeline' retrieved from /opt/airflow/dags/pipeline_dag.py
[2026-05-06T13:59:14.744+0000] {logging_mixin.py:188} INFO - [2026-05-06T13:59:14.744+0000] {dag.py:3096} INFO - Sync 1 DAGs
[2026-05-06T13:59:14.770+0000] {logging_mixin.py:188} INFO - [2026-05-06T13:59:14.769+0000] {dag.py:3954} INFO - Setting next_dagrun for ecommerce_pipeline to 2026-05-06 00:00:00+00:00, run_after=2026-05-07 00:00:00+00:00
[2026-05-06T13:59:14.795+0000] {processor.py:183} INFO - Processing /opt/airflow/dags/pipeline_dag.py took 0.132 seconds
[2026-05-06T13:59:45.762+0000] {processor.py:161} INFO - Started process (PID=2703) to work on /opt/airflow/dags/pipeline_dag.py
[2026-05-06T13:59:45.764+0000] {processor.py:830} INFO - Processing file /opt/airflow/dags/pipeline_dag.py for tasks to queue
[2026-05-06T13:59:45.766+0000] {logging_mixin.py:188} INFO - [2026-05-06T13:59:45.766+0000] {dagbag.py:545} INFO - Filling up the DagBag from /opt/airflow/dags/pipeline_dag.py
[2026-05-06T13:59:45.793+0000] {processor.py:840} INFO - DAG(s) 'ecommerce_pipeline' retrieved from /opt/airflow/dags/pipeline_dag.py
[2026-05-06T13:59:45.848+0000] {logging_mixin.py:188} INFO - [2026-05-06T13:59:45.848+0000] {dag.py:3096} INFO - Sync 1 DAGs
[2026-05-06T13:59:45.874+0000] {logging_mixin.py:188} INFO - [2026-05-06T13:59:45.874+0000] {dag.py:3954} INFO - Setting next_dagrun for ecommerce_pipeline to 2026-05-06 00:00:00+00:00, run_after=2026-05-07 00:00:00+00:00
[2026-05-06T13:59:45.897+0000] {processor.py:183} INFO - Processing /opt/airflow/dags/pipeline_dag.py took 0.144 seconds
[2026-05-06T14:00:16.959+0000] {processor.py:161} INFO - Started process (PID=2708) to work on /opt/airflow/dags/pipeline_dag.py
[2026-05-06T14:00:16.964+0000] {processor.py:830} INFO - Processing file /opt/airflow/dags/pipeline_dag.py for tasks to queue
[2026-05-06T14:00:16.972+0000] {logging_mixin.py:188} INFO - [2026-05-06T14:00:16.970+0000] {dagbag.py:545} INFO - Filling up the DagBag from /opt/airflow/dags/pipeline_dag.py
[2026-05-06T14:00:17.123+0000] {processor.py:840} INFO - DAG(s) 'ecommerce_pipeline' retrieved from /opt/airflow/dags/pipeline_dag.py
[2026-05-06T14:00:17.214+0000] {logging_mixin.py:188} INFO - [2026-05-06T14:00:17.213+0000] {dag.py:3096} INFO - Sync 1 DAGs
[2026-05-06T14:00:17.263+0000] {logging_mixin.py:188} INFO - [2026-05-06T14:00:17.262+0000] {dag.py:3954} INFO - Setting next_dagrun for ecommerce_pipeline to 2026-05-06 00:00:00+00:00, run_after=2026-05-07 00:00:00+00:00
[2026-05-06T14:00:17.304+0000] {processor.py:183} INFO - Processing /opt/airflow/dags/pipeline_dag.py took 0.379 seconds
[2026-05-06T14:00:48.060+0000] {processor.py:161} INFO - Started process (PID=2713) to work on /opt/airflow/dags/pipeline_dag.py
[2026-05-06T14:00:48.063+0000] {processor.py:830} INFO - Processing file /opt/airflow/dags/pipeline_dag.py for tasks to queue
[2026-05-06T14:00:48.067+0000] {logging_mixin.py:188} INFO - [2026-05-06T14:00:48.066+0000] {dagbag.py:545} INFO - Filling up the DagBag from /opt/airflow/dags/pipeline_dag.py
[2026-05-06T14:00:48.108+0000] {processor.py:840} INFO - DAG(s) 'ecommerce_pipeline' retrieved from /opt/airflow/dags/pipeline_dag.py
[2026-05-06T14:00:48.175+0000] {logging_mixin.py:188} INFO - [2026-05-06T14:00:48.175+0000] {dag.py:3096} INFO - Sync 1 DAGs
[2026-05-06T14:00:48.223+0000] {logging_mixin.py:188} INFO - [2026-05-06T14:00:48.223+0000] {dag.py:3954} INFO - Setting next_dagrun for ecommerce_pipeline to 2026-05-06 00:00:00+00:00, run_after=2026-05-07 00:00:00+00:00
[2026-05-06T14:00:48.291+0000] {processor.py:183} INFO - Processing /opt/airflow/dags/pipeline_dag.py took 0.239 seconds
[2026-05-06T14:01:19.123+0000] {processor.py:161} INFO - Started process (PID=2718) to work on /opt/airflow/dags/pipeline_dag.py
[2026-05-06T14:01:19.125+0000] {processor.py:830} INFO - Processing file /opt/airflow/dags/pipeline_dag.py for tasks to queue
[2026-05-06T14:01:19.127+0000] {logging_mixin.py:188} INFO - [2026-05-06T14:01:19.127+0000] {dagbag.py:545} INFO - Filling up the DagBag from /opt/airflow/dags/pipeline_dag.py
[2026-05-06T14:01:19.155+0000] {processor.py:840} INFO - DAG(s) 'ecommerce_pipeline' retrieved from /opt/airflow/dags/pipeline_dag.py
[2026-05-06T14:01:19.199+0000] {logging_mixin.py:188} INFO - [2026-05-06T14:01:19.199+0000] {dag.py:3096} INFO - Sync 1 DAGs
[2026-05-06T14:01:19.221+0000] {logging_mixin.py:188} INFO - [2026-05-06T14:01:19.221+0000] {dag.py:3954} INFO - Setting next_dagrun for ecommerce_pipeline to 2026-05-06 00:00:00+00:00, run_after=2026-05-07 00:00:00+00:00
[2026-05-06T14:01:19.245+0000] {processor.py:183} INFO - Processing /opt/airflow/dags/pipeline_dag.py took 0.128 seconds
[2026-05-06T14:01:49.817+0000] {processor.py:161} INFO - Started process (PID=2723) to work on /opt/airflow/dags/pipeline_dag.py
[2026-05-06T14:01:49.823+0000] {processor.py:830} INFO - Processing file /opt/airflow/dags/pipeline_dag.py for tasks to queue
[2026-05-06T14:01:49.832+0000] {logging_mixin.py:188} INFO - [2026-05-06T14:01:49.830+0000] {dagbag.py:545} INFO - Filling up the DagBag from /opt/airflow/dags/pipeline_dag.py
[2026-05-06T14:01:49.975+0000] {processor.py:840} INFO - DAG(s) 'ecommerce_pipeline' retrieved from /opt/airflow/dags/pipeline_dag.py
[2026-05-06T14:01:50.059+0000] {logging_mixin.py:188} INFO - [2026-05-06T14:01:50.058+0000] {dag.py:3096} INFO - Sync 1 DAGs
[2026-05-06T14:01:50.139+0000] {logging_mixin.py:188} INFO - [2026-05-06T14:01:50.139+0000] {dag.py:3954} INFO - Setting next_dagrun for ecommerce_pipeline to 2026-05-06 00:00:00+00:00, run_after=2026-05-07 00:00:00+00:00
[2026-05-06T14:01:50.186+0000] {processor.py:183} INFO - Processing /opt/airflow/dags/pipeline_dag.py took 0.401 seconds
[2026-05-06T14:02:20.412+0000] {processor.py:161} INFO - Started process (PID=2728) to work on /opt/airflow/dags/pipeline_dag.py
[2026-05-06T14:02:20.415+0000] {processor.py:830} INFO - Processing file /opt/airflow/dags/pipeline_dag.py for tasks to queue
[2026-05-06T14:02:20.426+0000] {logging_mixin.py:188} INFO - [2026-05-06T14:02:20.423+0000] {dagbag.py:545} INFO - Filling up the DagBag from /opt/airflow/dags/pipeline_dag.py
[2026-05-06T14:02:20.595+0000] {processor.py:840} INFO - DAG(s) 'ecommerce_pipeline' retrieved from /opt/airflow/dags/pipeline_dag.py
[2026-05-06T14:02:20.716+0000] {logging_mixin.py:188} INFO - [2026-05-06T14:02:20.714+0000] {dag.py:3096} INFO - Sync 1 DAGs
[2026-05-06T14:02:20.788+0000] {logging_mixin.py:188} INFO - [2026-05-06T14:02:20.787+0000] {dag.py:3954} INFO - Setting next_dagrun for ecommerce_pipeline to 2026-05-06 00:00:00+00:00, run_after=2026-05-07 00:00:00+00:00
[2026-05-06T14:02:20.836+0000] {processor.py:183} INFO - Processing /opt/airflow/dags/pipeline_dag.py took 0.456 seconds
[2026-05-06T14:02:51.040+0000] {processor.py:161} INFO - Started process (PID=2733) to work on /opt/airflow/dags/pipeline_dag.py
[2026-05-06T14:02:51.044+0000] {processor.py:830} INFO - Processing file /opt/airflow/dags/pipeline_dag.py for tasks to queue
[2026-05-06T14:02:51.057+0000] {logging_mixin.py:188} INFO - [2026-05-06T14:02:51.055+0000] {dagbag.py:545} INFO - Filling up the DagBag from /opt/airflow/dags/pipeline_dag.py
[2026-05-06T14:02:51.191+0000] {processor.py:840} INFO - DAG(s) 'ecommerce_pipeline' retrieved from /opt/airflow/dags/pipeline_dag.py
[2026-05-06T14:02:51.282+0000] {logging_mixin.py:188} INFO - [2026-05-06T14:02:51.282+0000] {dag.py:3096} INFO - Sync 1 DAGs
[2026-05-06T14:02:51.327+0000] {logging_mixin.py:188} INFO - [2026-05-06T14:02:51.327+0000] {dag.py:3954} INFO - Setting next_dagrun for ecommerce_pipeline to 2026-05-06 00:00:00+00:00, run_after=2026-05-07 00:00:00+00:00
[2026-05-06T14:02:51.370+0000] {processor.py:183} INFO - Processing /opt/airflow/dags/pipeline_dag.py took 0.368 seconds
[2026-05-06T14:03:23.250+0000] {processor.py:161} INFO - Started process (PID=2738) to work on /opt/airflow/dags/pipeline_dag.py
[2026-05-06T14:03:23.256+0000] {processor.py:830} INFO - Processing file /opt/airflow/dags/pipeline_dag.py for tasks to queue
[2026-05-06T14:03:23.262+0000] {logging_mixin.py:188} INFO - [2026-05-06T14:03:23.261+0000] {dagbag.py:545} INFO - Filling up the DagBag from /opt/airflow/dags/pipeline_dag.py
[2026-05-06T14:03:23.374+0000] {processor.py:840} INFO - DAG(s) 'ecommerce_pipeline' retrieved from /opt/airflow/dags/pipeline_dag.py
[2026-05-06T14:03:23.491+0000] {logging_mixin.py:188} INFO - [2026-05-06T14:03:23.491+0000] {dag.py:3096} INFO - Sync 1 DAGs
[2026-05-06T14:03:23.547+0000] {logging_mixin.py:188} INFO - [2026-05-06T14:03:23.547+0000] {dag.py:3954} INFO - Setting next_dagrun for ecommerce_pipeline to 2026-05-06 00:00:00+00:00, run_after=2026-05-07 00:00:00+00:00
[2026-05-06T14:03:23.582+0000] {processor.py:183} INFO - Processing /opt/airflow/dags/pipeline_dag.py took 0.354 seconds
[2026-05-06T14:03:57.715+0000] {processor.py:161} INFO - Started process (PID=2743) to work on /opt/airflow/dags/pipeline_dag.py
[2026-05-06T14:03:57.722+0000] {processor.py:830} INFO - Processing file /opt/airflow/dags/pipeline_dag.py for tasks to queue
[2026-05-06T14:03:57.749+0000] {logging_mixin.py:188} INFO - [2026-05-06T14:03:57.744+0000] {dagbag.py:545} INFO - Filling up the DagBag from /opt/airflow/dags/pipeline_dag.py
[2026-05-06T14:03:57.884+0000] {processor.py:840} INFO - DAG(s) 'ecommerce_pipeline' retrieved from /opt/airflow/dags/pipeline_dag.py
[2026-05-06T14:03:58.214+0000] {logging_mixin.py:188} INFO - [2026-05-06T14:03:58.214+0000] {dag.py:3096} INFO - Sync 1 DAGs
[2026-05-06T14:03:58.351+0000] {logging_mixin.py:188} INFO - [2026-05-06T14:03:58.350+0000] {dag.py:3954} INFO - Setting next_dagrun for ecommerce_pipeline to 2026-05-06 00:00:00+00:00, run_after=2026-05-07 00:00:00+00:00
[2026-05-06T14:03:58.619+0000] {processor.py:183} INFO - Processing /opt/airflow/dags/pipeline_dag.py took 0.969 seconds
[2026-05-06T14:04:30.048+0000] {processor.py:161} INFO - Started process (PID=2748) to work on /opt/airflow/dags/pipeline_dag.py
[2026-05-06T14:04:30.054+0000] {processor.py:830} INFO - Processing file /opt/airflow/dags/pipeline_dag.py for tasks to queue
[2026-05-06T14:04:30.066+0000] {logging_mixin.py:188} INFO - [2026-05-06T14:04:30.063+0000] {dagbag.py:545} INFO - Filling up the DagBag from /opt/airflow/dags/pipeline_dag.py
[2026-05-06T14:04:30.170+0000] {processor.py:840} INFO - DAG(s) 'ecommerce_pipeline' retrieved from /opt/airflow/dags/pipeline_dag.py
[2026-05-06T14:04:30.284+0000] {logging_mixin.py:188} INFO - [2026-05-06T14:04:30.284+0000] {dag.py:3096} INFO - Sync 1 DAGs
[2026-05-06T14:04:30.331+0000] {logging_mixin.py:188} INFO - [2026-05-06T14:04:30.331+0000] {dag.py:3954} INFO - Setting next_dagrun for ecommerce_pipeline to 2026-05-06 00:00:00+00:00, run_after=2026-05-07 00:00:00+00:00
[2026-05-06T14:04:30.367+0000] {processor.py:183} INFO - Processing /opt/airflow/dags/pipeline_dag.py took 0.357 seconds
[2026-05-06T14:05:03.129+0000] {processor.py:161} INFO - Started process (PID=2753) to work on /opt/airflow/dags/pipeline_dag.py
[2026-05-06T14:05:03.140+0000] {processor.py:830} INFO - Processing file /opt/airflow/dags/pipeline_dag.py for tasks to queue
[2026-05-06T14:05:03.187+0000] {logging_mixin.py:188} INFO - [2026-05-06T14:05:03.174+0000] {dagbag.py:545} INFO - Filling up the DagBag from /opt/airflow/dags/pipeline_dag.py
[2026-05-06T14:05:03.552+0000] {processor.py:840} INFO - DAG(s) 'ecommerce_pipeline' retrieved from /opt/airflow/dags/pipeline_dag.py
[2026-05-06T14:05:04.982+0000] {logging_mixin.py:188} INFO - [2026-05-06T14:05:04.982+0000] {dag.py:3096} INFO - Sync 1 DAGs
[2026-05-06T14:05:05.190+0000] {logging_mixin.py:188} INFO - [2026-05-06T14:05:05.189+0000] {dag.py:3954} INFO - Setting next_dagrun for ecommerce_pipeline to 2026-05-06 00:00:00+00:00, run_after=2026-05-07 00:00:00+00:00
[2026-05-06T14:05:05.331+0000] {processor.py:183} INFO - Processing /opt/airflow/dags/pipeline_dag.py took 2.349 seconds
[2026-05-06T14:05:35.905+0000] {processor.py:161} INFO - Started process (PID=2758) to work on /opt/airflow/dags/pipeline_dag.py
[2026-05-06T14:05:35.908+0000] {processor.py:830} INFO - Processing file /opt/airflow/dags/pipeline_dag.py for tasks to queue
[2026-05-06T14:05:35.917+0000] {logging_mixin.py:188} INFO - [2026-05-06T14:05:35.915+0000] {dagbag.py:545} INFO - Filling up the DagBag from /opt/airflow/dags/pipeline_dag.py
[2026-05-06T14:05:36.009+0000] {processor.py:840} INFO - DAG(s) 'ecommerce_pipeline' retrieved from /opt/airflow/dags/pipeline_dag.py
[2026-05-06T14:05:36.507+0000] {logging_mixin.py:188} INFO - [2026-05-06T14:05:36.506+0000] {dag.py:3096} INFO - Sync 1 DAGs
[2026-05-06T14:05:36.614+0000] {logging_mixin.py:188} INFO - [2026-05-06T14:05:36.614+0000] {dag.py:3954} INFO - Setting next_dagrun for ecommerce_pipeline to 2026-05-06 00:00:00+00:00, run_after=2026-05-07 00:00:00+00:00
[2026-05-06T14:05:36.656+0000] {processor.py:183} INFO - Processing /opt/airflow/dags/pipeline_dag.py took 0.784 seconds
[2026-05-06T14:06:07.895+0000] {processor.py:161} INFO - Started process (PID=2763) to work on /opt/airflow/dags/pipeline_dag.py
[2026-05-06T14:06:07.899+0000] {processor.py:830} INFO - Processing file /opt/airflow/dags/pipeline_dag.py for tasks to queue
[2026-05-06T14:06:07.903+0000] {logging_mixin.py:188} INFO - [2026-05-06T14:06:07.902+0000] {dagbag.py:545} INFO - Filling up the DagBag from /opt/airflow/dags/pipeline_dag.py
[2026-05-06T14:06:07.968+0000] {processor.py:840} INFO - DAG(s) 'ecommerce_pipeline' retrieved from /opt/airflow/dags/pipeline_dag.py
[2026-05-06T14:06:08.140+0000] {logging_mixin.py:188} INFO - [2026-05-06T14:06:08.137+0000] {dag.py:3096} INFO - Sync 1 DAGs
[2026-05-06T14:06:08.218+0000] {logging_mixin.py:188} INFO - [2026-05-06T14:06:08.214+0000] {dag.py:3954} INFO - Setting next_dagrun for ecommerce_pipeline to 2026-05-06 00:00:00+00:00, run_after=2026-05-07 00:00:00+00:00
[2026-05-06T14:06:08.302+0000] {processor.py:183} INFO - Processing /opt/airflow/dags/pipeline_dag.py took 0.425 seconds
[2026-05-06T14:06:40.939+0000] {processor.py:161} INFO - Started process (PID=2768) to work on /opt/airflow/dags/pipeline_dag.py
[2026-05-06T14:06:40.953+0000] {processor.py:830} INFO - Processing file /opt/airflow/dags/pipeline_dag.py for tasks to queue
[2026-05-06T14:06:40.967+0000] {logging_mixin.py:188} INFO - [2026-05-06T14:06:40.965+0000] {dagbag.py:545} INFO - Filling up the DagBag from /opt/airflow/dags/pipeline_dag.py
[2026-05-06T14:06:41.218+0000] {processor.py:840} INFO - DAG(s) 'ecommerce_pipeline' retrieved from /opt/airflow/dags/pipeline_dag.py
[2026-05-06T14:06:41.343+0000] {logging_mixin.py:188} INFO - [2026-05-06T14:06:41.342+0000] {dag.py:3096} INFO - Sync 1 DAGs
[2026-05-06T14:06:41.398+0000] {logging_mixin.py:188} INFO - [2026-05-06T14:06:41.397+0000] {dag.py:3954} INFO - Setting next_dagrun for ecommerce_pipeline to 2026-05-06 00:00:00+00:00, run_after=2026-05-07 00:00:00+00:00
[2026-05-06T14:06:41.441+0000] {processor.py:183} INFO - Processing /opt/airflow/dags/pipeline_dag.py took 0.542 seconds
[2026-05-06T14:07:13.633+0000] {processor.py:161} INFO - Started process (PID=2773) to work on /opt/airflow/dags/pipeline_dag.py
[2026-05-06T14:07:13.638+0000] {processor.py:830} INFO - Processing file /opt/airflow/dags/pipeline_dag.py for tasks to queue
[2026-05-06T14:07:13.649+0000] {logging_mixin.py:188} INFO - [2026-05-06T14:07:13.648+0000] {dagbag.py:545} INFO - Filling up the DagBag from /opt/airflow/dags/pipeline_dag.py
[2026-05-06T14:07:13.724+0000] {processor.py:840} INFO - DAG(s) 'ecommerce_pipeline' retrieved from /opt/airflow/dags/pipeline_dag.py
[2026-05-06T14:07:13.862+0000] {logging_mixin.py:188} INFO - [2026-05-06T14:07:13.862+0000] {dag.py:3096} INFO - Sync 1 DAGs
[2026-05-06T14:07:13.908+0000] {logging_mixin.py:188} INFO - [2026-05-06T14:07:13.907+0000] {dag.py:3954} INFO - Setting next_dagrun for ecommerce_pipeline to 2026-05-06 00:00:00+00:00, run_after=2026-05-07 00:00:00+00:00
[2026-05-06T14:07:13.998+0000] {processor.py:183} INFO - Processing /opt/airflow/dags/pipeline_dag.py took 0.393 seconds
[2026-05-06T14:07:46.816+0000] {processor.py:161} INFO - Started process (PID=2778) to work on /opt/airflow/dags/pipeline_dag.py
[2026-05-06T14:07:46.822+0000] {processor.py:830} INFO - Processing file /opt/airflow/dags/pipeline_dag.py for tasks to queue
[2026-05-06T14:07:46.838+0000] {logging_mixin.py:188} INFO - [2026-05-06T14:07:46.836+0000] {dagbag.py:545} INFO - Filling up the DagBag from /opt/airflow/dags/pipeline_dag.py
[2026-05-06T14:07:46.935+0000] {processor.py:840} INFO - DAG(s) 'ecommerce_pipeline' retrieved from /opt/airflow/dags/pipeline_dag.py
[2026-05-06T14:07:47.092+0000] {logging_mixin.py:188} INFO - [2026-05-06T14:07:47.091+0000] {dag.py:3096} INFO - Sync 1 DAGs
[2026-05-06T14:07:47.148+0000] {logging_mixin.py:188} INFO - [2026-05-06T14:07:47.148+0000] {dag.py:3954} INFO - Setting next_dagrun for ecommerce_pipeline to 2026-05-06 00:00:00+00:00, run_after=2026-05-07 00:00:00+00:00
[2026-05-06T14:07:47.189+0000] {processor.py:183} INFO - Processing /opt/airflow/dags/pipeline_dag.py took 0.412 seconds
[2026-05-06T14:08:19.308+0000] {processor.py:161} INFO - Started process (PID=2783) to work on /opt/airflow/dags/pipeline_dag.py
[2026-05-06T14:08:19.312+0000] {processor.py:830} INFO - Processing file /opt/airflow/dags/pipeline_dag.py for tasks to queue
[2026-05-06T14:08:19.335+0000] {logging_mixin.py:188} INFO - [2026-05-06T14:08:19.327+0000] {dagbag.py:545} INFO - Filling up the DagBag from /opt/airflow/dags/pipeline_dag.py
[2026-05-06T14:08:19.636+0000] {processor.py:840} INFO - DAG(s) 'ecommerce_pipeline' retrieved from /opt/airflow/dags/pipeline_dag.py
[2026-05-06T14:08:20.021+0000] {logging_mixin.py:188} INFO - [2026-05-06T14:08:20.020+0000] {dag.py:3096} INFO - Sync 1 DAGs
[2026-05-06T14:08:20.183+0000] {logging_mixin.py:188} INFO - [2026-05-06T14:08:20.182+0000] {dag.py:3954} INFO - Setting next_dagrun for ecommerce_pipeline to 2026-05-06 00:00:00+00:00, run_after=2026-05-07 00:00:00+00:00
[2026-05-06T14:08:20.252+0000] {processor.py:183} INFO - Processing /opt/airflow/dags/pipeline_dag.py took 1.002 seconds
[2026-05-06T14:08:52.378+0000] {processor.py:161} INFO - Started process (PID=2788) to work on /opt/airflow/dags/pipeline_dag.py
[2026-05-06T14:08:52.384+0000] {processor.py:830} INFO - Processing file /opt/airflow/dags/pipeline_dag.py for tasks to queue
[2026-05-06T14:08:52.406+0000] {logging_mixin.py:188} INFO - [2026-05-06T14:08:52.403+0000] {dagbag.py:545} INFO - Filling up the DagBag from /opt/airflow/dags/pipeline_dag.py
[2026-05-06T14:08:52.566+0000] {processor.py:840} INFO - DAG(s) 'ecommerce_pipeline' retrieved from /opt/airflow/dags/pipeline_dag.py
[2026-05-06T14:08:52.781+0000] {logging_mixin.py:188} INFO - [2026-05-06T14:08:52.781+0000] {dag.py:3096} INFO - Sync 1 DAGs
[2026-05-06T14:08:52.858+0000] {logging_mixin.py:188} INFO - [2026-05-06T14:08:52.857+0000] {dag.py:3954} INFO - Setting next_dagrun for ecommerce_pipeline to 2026-05-06 00:00:00+00:00, run_after=2026-05-07 00:00:00+00:00
[2026-05-06T14:08:52.911+0000] {processor.py:183} INFO - Processing /opt/airflow/dags/pipeline_dag.py took 0.592 seconds
[2026-05-06T14:09:25.560+0000] {processor.py:161} INFO - Started process (PID=2793) to work on /opt/airflow/dags/pipeline_dag.py
[2026-05-06T14:09:25.608+0000] {processor.py:830} INFO - Processing file /opt/airflow/dags/pipeline_dag.py for tasks to queue
[2026-05-06T14:09:25.680+0000] {logging_mixin.py:188} INFO - [2026-05-06T14:09:25.675+0000] {dagbag.py:545} INFO - Filling up the DagBag from /opt/airflow/dags/pipeline_dag.py
[2026-05-06T14:09:25.867+0000] {processor.py:840} INFO - DAG(s) 'ecommerce_pipeline' retrieved from /opt/airflow/dags/pipeline_dag.py
[2026-05-06T14:09:26.270+0000] {logging_mixin.py:188} INFO - [2026-05-06T14:09:26.270+0000] {dag.py:3096} INFO - Sync 1 DAGs
[2026-05-06T14:09:26.359+0000] {logging_mixin.py:188} INFO - [2026-05-06T14:09:26.359+0000] {dag.py:3954} INFO - Setting next_dagrun for ecommerce_pipeline to 2026-05-06 00:00:00+00:00, run_after=2026-05-07 00:00:00+00:00
[2026-05-06T14:09:26.793+0000] {processor.py:183} INFO - Processing /opt/airflow/dags/pipeline_dag.py took 1.497 seconds
[2026-05-06T14:09:59.479+0000] {processor.py:161} INFO - Started process (PID=2798) to work on /opt/airflow/dags/pipeline_dag.py
[2026-05-06T14:09:59.507+0000] {processor.py:830} INFO - Processing file /opt/airflow/dags/pipeline_dag.py for tasks to queue
[2026-05-06T14:09:59.557+0000] {logging_mixin.py:188} INFO - [2026-05-06T14:09:59.551+0000] {dagbag.py:545} INFO - Filling up the DagBag from /opt/airflow/dags/pipeline_dag.py
[2026-05-06T14:09:59.725+0000] {processor.py:840} INFO - DAG(s) 'ecommerce_pipeline' retrieved from /opt/airflow/dags/pipeline_dag.py
[2026-05-06T14:09:59.967+0000] {logging_mixin.py:188} INFO - [2026-05-06T14:09:59.966+0000] {dag.py:3096} INFO - Sync 1 DAGs
[2026-05-06T14:10:00.056+0000] {logging_mixin.py:188} INFO - [2026-05-06T14:10:00.056+0000] {dag.py:3954} INFO - Setting next_dagrun for ecommerce_pipeline to 2026-05-06 00:00:00+00:00, run_after=2026-05-07 00:00:00+00:00
[2026-05-06T14:10:00.101+0000] {processor.py:183} INFO - Processing /opt/airflow/dags/pipeline_dag.py took 0.697 seconds
[2026-05-06T14:10:31.933+0000] {processor.py:161} INFO - Started process (PID=2803) to work on /opt/airflow/dags/pipeline_dag.py
[2026-05-06T14:10:31.937+0000] {processor.py:830} INFO - Processing file /opt/airflow/dags/pipeline_dag.py for tasks to queue
[2026-05-06T14:10:31.946+0000] {logging_mixin.py:188} INFO - [2026-05-06T14:10:31.944+0000] {dagbag.py:545} INFO - Filling up the DagBag from /opt/airflow/dags/pipeline_dag.py
[2026-05-06T14:10:32.024+0000] {processor.py:840} INFO - DAG(s) 'ecommerce_pipeline' retrieved from /opt/airflow/dags/pipeline_dag.py
[2026-05-06T14:10:32.153+0000] {logging_mixin.py:188} INFO - [2026-05-06T14:10:32.153+0000] {dag.py:3096} INFO - Sync 1 DAGs
[2026-05-06T14:10:32.223+0000] {logging_mixin.py:188} INFO - [2026-05-06T14:10:32.223+0000] {dag.py:3954} INFO - Setting next_dagrun for ecommerce_pipeline to 2026-05-06 00:00:00+00:00, run_after=2026-05-07 00:00:00+00:00
[2026-05-06T14:10:32.270+0000] {processor.py:183} INFO - Processing /opt/airflow/dags/pipeline_dag.py took 0.369 seconds
[2026-05-06T14:11:04.688+0000] {processor.py:161} INFO - Started process (PID=2808) to work on /opt/airflow/dags/pipeline_dag.py
[2026-05-06T14:11:04.691+0000] {processor.py:830} INFO - Processing file /opt/airflow/dags/pipeline_dag.py for tasks to queue
[2026-05-06T14:11:04.698+0000] {logging_mixin.py:188} INFO - [2026-05-06T14:11:04.697+0000] {dagbag.py:545} INFO - Filling up the DagBag from /opt/airflow/dags/pipeline_dag.py
[2026-05-06T14:11:04.770+0000] {processor.py:840} INFO - DAG(s) 'ecommerce_pipeline' retrieved from /opt/airflow/dags/pipeline_dag.py
[2026-05-06T14:11:04.933+0000] {logging_mixin.py:188} INFO - [2026-05-06T14:11:04.932+0000] {dag.py:3096} INFO - Sync 1 DAGs
[2026-05-06T14:11:04.985+0000] {logging_mixin.py:188} INFO - [2026-05-06T14:11:04.985+0000] {dag.py:3954} INFO - Setting next_dagrun for ecommerce_pipeline to 2026-05-06 00:00:00+00:00, run_after=2026-05-07 00:00:00+00:00
[2026-05-06T14:11:05.033+0000] {processor.py:183} INFO - Processing /opt/airflow/dags/pipeline_dag.py took 0.369 seconds
[2026-05-06T14:11:37.601+0000] {processor.py:161} INFO - Started process (PID=2813) to work on /opt/airflow/dags/pipeline_dag.py
[2026-05-06T14:11:37.607+0000] {processor.py:830} INFO - Processing file /opt/airflow/dags/pipeline_dag.py for tasks to queue
[2026-05-06T14:11:37.619+0000] {logging_mixin.py:188} INFO - [2026-05-06T14:11:37.618+0000] {dagbag.py:545} INFO - Filling up the DagBag from /opt/airflow/dags/pipeline_dag.py
[2026-05-06T14:11:37.726+0000] {processor.py:840} INFO - DAG(s) 'ecommerce_pipeline' retrieved from /opt/airflow/dags/pipeline_dag.py
[2026-05-06T14:11:38.073+0000] {logging_mixin.py:188} INFO - [2026-05-06T14:11:38.072+0000] {dag.py:3096} INFO - Sync 1 DAGs
[2026-05-06T14:11:38.146+0000] {logging_mixin.py:188} INFO - [2026-05-06T14:11:38.146+0000] {dag.py:3954} INFO - Setting next_dagrun for ecommerce_pipeline to 2026-05-06 00:00:00+00:00, run_after=2026-05-07 00:00:00+00:00
[2026-05-06T14:11:38.190+0000] {processor.py:183} INFO - Processing /opt/airflow/dags/pipeline_dag.py took 0.678 seconds
[2026-05-06T14:12:11.062+0000] {processor.py:161} INFO - Started process (PID=2818) to work on /opt/airflow/dags/pipeline_dag.py
[2026-05-06T14:12:11.078+0000] {processor.py:830} INFO - Processing file /opt/airflow/dags/pipeline_dag.py for tasks to queue
[2026-05-06T14:12:11.089+0000] {logging_mixin.py:188} INFO - [2026-05-06T14:12:11.087+0000] {dagbag.py:545} INFO - Filling up the DagBag from /opt/airflow/dags/pipeline_dag.py
[2026-05-06T14:12:11.233+0000] {processor.py:840} INFO - DAG(s) 'ecommerce_pipeline' retrieved from /opt/airflow/dags/pipeline_dag.py
[2026-05-06T14:12:11.319+0000] {logging_mixin.py:188} INFO - [2026-05-06T14:12:11.319+0000] {dag.py:3096} INFO - Sync 1 DAGs
[2026-05-06T14:12:11.361+0000] {logging_mixin.py:188} INFO - [2026-05-06T14:12:11.361+0000] {dag.py:3954} INFO - Setting next_dagrun for ecommerce_pipeline to 2026-05-06 00:00:00+00:00, run_after=2026-05-07 00:00:00+00:00
[2026-05-06T14:12:11.403+0000] {processor.py:183} INFO - Processing /opt/airflow/dags/pipeline_dag.py took 0.362 seconds
[2026-05-06T14:12:44.148+0000] {processor.py:161} INFO - Started process (PID=2823) to work on /opt/airflow/dags/pipeline_dag.py
[2026-05-06T14:12:44.161+0000] {processor.py:830} INFO - Processing file /opt/airflow/dags/pipeline_dag.py for tasks to queue
[2026-05-06T14:12:44.191+0000] {logging_mixin.py:188} INFO - [2026-05-06T14:12:44.186+0000] {dagbag.py:545} INFO - Filling up the DagBag from /opt/airflow/dags/pipeline_dag.py
[2026-05-06T14:12:44.391+0000] {processor.py:840} INFO - DAG(s) 'ecommerce_pipeline' retrieved from /opt/airflow/dags/pipeline_dag.py
[2026-05-06T14:12:44.672+0000] {logging_mixin.py:188} INFO - [2026-05-06T14:12:44.672+0000] {dag.py:3096} INFO - Sync 1 DAGs
[2026-05-06T14:12:44.852+0000] {logging_mixin.py:188} INFO - [2026-05-06T14:12:44.851+0000] {dag.py:3954} INFO - Setting next_dagrun for ecommerce_pipeline to 2026-05-06 00:00:00+00:00, run_after=2026-05-07 00:00:00+00:00
[2026-05-06T14:12:44.993+0000] {processor.py:183} INFO - Processing /opt/airflow/dags/pipeline_dag.py took 0.953 seconds
[2026-05-06T14:13:16.660+0000] {processor.py:161} INFO - Started process (PID=2828) to work on /opt/airflow/dags/pipeline_dag.py
[2026-05-06T14:13:16.669+0000] {processor.py:830} INFO - Processing file /opt/airflow/dags/pipeline_dag.py for tasks to queue
[2026-05-06T14:13:16.694+0000] {logging_mixin.py:188} INFO - [2026-05-06T14:13:16.689+0000] {dagbag.py:545} INFO - Filling up the DagBag from /opt/airflow/dags/pipeline_dag.py
[2026-05-06T14:13:16.849+0000] {processor.py:840} INFO - DAG(s) 'ecommerce_pipeline' retrieved from /opt/airflow/dags/pipeline_dag.py
[2026-05-06T14:13:17.014+0000] {logging_mixin.py:188} INFO - [2026-05-06T14:13:17.013+0000] {dag.py:3096} INFO - Sync 1 DAGs
[2026-05-06T14:13:17.073+0000] {logging_mixin.py:188} INFO - [2026-05-06T14:13:17.072+0000] {dag.py:3954} INFO - Setting next_dagrun for ecommerce_pipeline to 2026-05-06 00:00:00+00:00, run_after=2026-05-07 00:00:00+00:00
[2026-05-06T14:13:17.116+0000] {processor.py:183} INFO - Processing /opt/airflow/dags/pipeline_dag.py took 0.526 seconds
[2026-05-06T14:13:49.856+0000] {processor.py:161} INFO - Started process (PID=2833) to work on /opt/airflow/dags/pipeline_dag.py
[2026-05-06T14:13:49.872+0000] {processor.py:830} INFO - Processing file /opt/airflow/dags/pipeline_dag.py for tasks to queue
[2026-05-06T14:13:49.935+0000] {logging_mixin.py:188} INFO - [2026-05-06T14:13:49.929+0000] {dagbag.py:545} INFO - Filling up the DagBag from /opt/airflow/dags/pipeline_dag.py
[2026-05-06T14:13:50.066+0000] {processor.py:840} INFO - DAG(s) 'ecommerce_pipeline' retrieved from /opt/airflow/dags/pipeline_dag.py
[2026-05-06T14:13:50.454+0000] {logging_mixin.py:188} INFO - [2026-05-06T14:13:50.454+0000] {dag.py:3096} INFO - Sync 1 DAGs
[2026-05-06T14:13:50.553+0000] {logging_mixin.py:188} INFO - [2026-05-06T14:13:50.549+0000] {dag.py:3954} INFO - Setting next_dagrun for ecommerce_pipeline to 2026-05-06 00:00:00+00:00, run_after=2026-05-07 00:00:00+00:00
[2026-05-06T14:13:50.706+0000] {processor.py:183} INFO - Processing /opt/airflow/dags/pipeline_dag.py took 0.905 seconds
[2026-05-06T14:14:23.081+0000] {processor.py:161} INFO - Started process (PID=2838) to work on /opt/airflow/dags/pipeline_dag.py
[2026-05-06T14:14:23.162+0000] {processor.py:830} INFO - Processing file /opt/airflow/dags/pipeline_dag.py for tasks to queue
[2026-05-06T14:14:23.166+0000] {logging_mixin.py:188} INFO - [2026-05-06T14:14:23.166+0000] {dagbag.py:545} INFO - Filling up the DagBag from /opt/airflow/dags/pipeline_dag.py
[2026-05-06T14:14:23.318+0000] {processor.py:840} INFO - DAG(s) 'ecommerce_pipeline' retrieved from /opt/airflow/dags/pipeline_dag.py
[2026-05-06T14:14:23.764+0000] {logging_mixin.py:188} INFO - [2026-05-06T14:14:23.764+0000] {dag.py:3096} INFO - Sync 1 DAGs
[2026-05-06T14:14:23.889+0000] {logging_mixin.py:188} INFO - [2026-05-06T14:14:23.885+0000] {dag.py:3954} INFO - Setting next_dagrun for ecommerce_pipeline to 2026-05-06 00:00:00+00:00, run_after=2026-05-07 00:00:00+00:00
[2026-05-06T14:14:24.017+0000] {processor.py:183} INFO - Processing /opt/airflow/dags/pipeline_dag.py took 0.944 seconds
[2026-05-06T14:14:55.748+0000] {processor.py:161} INFO - Started process (PID=2843) to work on /opt/airflow/dags/pipeline_dag.py
[2026-05-06T14:14:55.754+0000] {processor.py:830} INFO - Processing file /opt/airflow/dags/pipeline_dag.py for tasks to queue
[2026-05-06T14:14:55.772+0000] {logging_mixin.py:188} INFO - [2026-05-06T14:14:55.768+0000] {dagbag.py:545} INFO - Filling up the DagBag from /opt/airflow/dags/pipeline_dag.py
[2026-05-06T14:14:55.899+0000] {processor.py:840} INFO - DAG(s) 'ecommerce_pipeline' retrieved from /opt/airflow/dags/pipeline_dag.py
[2026-05-06T14:14:56.037+0000] {logging_mixin.py:188} INFO - [2026-05-06T14:14:56.036+0000] {dag.py:3096} INFO - Sync 1 DAGs
[2026-05-06T14:14:56.108+0000] {logging_mixin.py:188} INFO - [2026-05-06T14:14:56.108+0000] {dag.py:3954} INFO - Setting next_dagrun for ecommerce_pipeline to 2026-05-06 00:00:00+00:00, run_after=2026-05-07 00:00:00+00:00
[2026-05-06T14:14:56.149+0000] {processor.py:183} INFO - Processing /opt/airflow/dags/pipeline_dag.py took 0.438 seconds
[2026-05-06T14:15:28.828+0000] {processor.py:161} INFO - Started process (PID=2848) to work on /opt/airflow/dags/pipeline_dag.py
[2026-05-06T14:15:28.833+0000] {processor.py:830} INFO - Processing file /opt/airflow/dags/pipeline_dag.py for tasks to queue
[2026-05-06T14:15:28.852+0000] {logging_mixin.py:188} INFO - [2026-05-06T14:15:28.848+0000] {dagbag.py:545} INFO - Filling up the DagBag from /opt/airflow/dags/pipeline_dag.py
[2026-05-06T14:15:29.046+0000] {processor.py:840} INFO - DAG(s) 'ecommerce_pipeline' retrieved from /opt/airflow/dags/pipeline_dag.py
[2026-05-06T14:15:30.293+0000] {logging_mixin.py:188} INFO - [2026-05-06T14:15:30.292+0000] {dag.py:3096} INFO - Sync 1 DAGs
[2026-05-06T14:15:30.925+0000] {logging_mixin.py:188} INFO - [2026-05-06T14:15:30.924+0000] {dag.py:3954} INFO - Setting next_dagrun for ecommerce_pipeline to 2026-05-06 00:00:00+00:00, run_after=2026-05-07 00:00:00+00:00
[2026-05-06T14:15:31.344+0000] {processor.py:183} INFO - Processing /opt/airflow/dags/pipeline_dag.py took 2.594 seconds
[2026-05-06T14:16:01.526+0000] {processor.py:161} INFO - Started process (PID=2853) to work on /opt/airflow/dags/pipeline_dag.py
[2026-05-06T14:16:01.529+0000] {processor.py:830} INFO - Processing file /opt/airflow/dags/pipeline_dag.py for tasks to queue
[2026-05-06T14:16:01.532+0000] {logging_mixin.py:188} INFO - [2026-05-06T14:16:01.531+0000] {dagbag.py:545} INFO - Filling up the DagBag from /opt/airflow/dags/pipeline_dag.py
[2026-05-06T14:16:01.568+0000] {processor.py:840} INFO - DAG(s) 'ecommerce_pipeline' retrieved from /opt/airflow/dags/pipeline_dag.py
[2026-05-06T14:16:01.645+0000] {logging_mixin.py:188} INFO - [2026-05-06T14:16:01.644+0000] {dag.py:3096} INFO - Sync 1 DAGs
[2026-05-06T14:16:01.709+0000] {logging_mixin.py:188} INFO - [2026-05-06T14:16:01.707+0000] {dag.py:3954} INFO - Setting next_dagrun for ecommerce_pipeline to 2026-05-06 00:00:00+00:00, run_after=2026-05-07 00:00:00+00:00
[2026-05-06T14:16:01.750+0000] {processor.py:183} INFO - Processing /opt/airflow/dags/pipeline_dag.py took 0.235 seconds
[2026-05-06T14:16:35.618+0000] {processor.py:161} INFO - Started process (PID=2858) to work on /opt/airflow/dags/pipeline_dag.py
[2026-05-06T14:16:35.626+0000] {processor.py:830} INFO - Processing file /opt/airflow/dags/pipeline_dag.py for tasks to queue
[2026-05-06T14:16:35.676+0000] {logging_mixin.py:188} INFO - [2026-05-06T14:16:35.668+0000] {dagbag.py:545} INFO - Filling up the DagBag from /opt/airflow/dags/pipeline_dag.py
[2026-05-06T14:16:36.653+0000] {processor.py:840} INFO - DAG(s) 'ecommerce_pipeline' retrieved from /opt/airflow/dags/pipeline_dag.py
[2026-05-06T14:16:40.199+0000] {logging_mixin.py:188} INFO - [2026-05-06T14:16:40.198+0000] {dag.py:3096} INFO - Sync 1 DAGs
[2026-05-06T14:16:40.528+0000] {logging_mixin.py:188} INFO - [2026-05-06T14:16:40.527+0000] {dag.py:3954} INFO - Setting next_dagrun for ecommerce_pipeline to 2026-05-06 00:00:00+00:00, run_after=2026-05-07 00:00:00+00:00
[2026-05-06T14:16:40.687+0000] {processor.py:183} INFO - Processing /opt/airflow/dags/pipeline_dag.py took 5.181 seconds
[2026-05-06T14:17:13.744+0000] {processor.py:161} INFO - Started process (PID=2863) to work on /opt/airflow/dags/pipeline_dag.py
[2026-05-06T14:17:13.810+0000] {processor.py:830} INFO - Processing file /opt/airflow/dags/pipeline_dag.py for tasks to queue
[2026-05-06T14:17:14.007+0000] {logging_mixin.py:188} INFO - [2026-05-06T14:17:13.962+0000] {dagbag.py:545} INFO - Filling up the DagBag from /opt/airflow/dags/pipeline_dag.py
[2026-05-06T14:17:17.087+0000] {processor.py:840} INFO - DAG(s) 'ecommerce_pipeline' retrieved from /opt/airflow/dags/pipeline_dag.py
[2026-05-06T14:17:21.318+0000] {logging_mixin.py:188} INFO - [2026-05-06T14:17:21.316+0000] {dag.py:3096} INFO - Sync 1 DAGs
[2026-05-06T14:17:21.933+0000] {logging_mixin.py:188} INFO - [2026-05-06T14:17:21.931+0000] {dag.py:3954} INFO - Setting next_dagrun for ecommerce_pipeline to 2026-05-06 00:00:00+00:00, run_after=2026-05-07 00:00:00+00:00
[2026-05-06T14:17:22.598+0000] {processor.py:183} INFO - Processing /opt/airflow/dags/pipeline_dag.py took 9.457 seconds
[2026-05-06T14:17:55.782+0000] {processor.py:161} INFO - Started process (PID=2868) to work on /opt/airflow/dags/pipeline_dag.py
[2026-05-06T14:17:55.793+0000] {processor.py:830} INFO - Processing file /opt/airflow/dags/pipeline_dag.py for tasks to queue
[2026-05-06T14:17:55.829+0000] {logging_mixin.py:188} INFO - [2026-05-06T14:17:55.817+0000] {dagbag.py:545} INFO - Filling up the DagBag from /opt/airflow/dags/pipeline_dag.py
[2026-05-06T14:17:56.521+0000] {processor.py:840} INFO - DAG(s) 'ecommerce_pipeline' retrieved from /opt/airflow/dags/pipeline_dag.py
[2026-05-06T14:17:57.008+0000] {logging_mixin.py:188} INFO - [2026-05-06T14:17:57.008+0000] {dag.py:3096} INFO - Sync 1 DAGs
[2026-05-06T14:17:57.469+0000] {logging_mixin.py:188} INFO - [2026-05-06T14:17:57.464+0000] {dag.py:3954} INFO - Setting next_dagrun for ecommerce_pipeline to 2026-05-06 00:00:00+00:00, run_after=2026-05-07 00:00:00+00:00
[2026-05-06T14:17:57.938+0000] {processor.py:183} INFO - Processing /opt/airflow/dags/pipeline_dag.py took 2.248 seconds
[2026-05-06T14:18:28.890+0000] {processor.py:161} INFO - Started process (PID=2873) to work on /opt/airflow/dags/pipeline_dag.py
[2026-05-06T14:18:28.900+0000] {processor.py:830} INFO - Processing file /opt/airflow/dags/pipeline_dag.py for tasks to queue
[2026-05-06T14:18:28.926+0000] {logging_mixin.py:188} INFO - [2026-05-06T14:18:28.921+0000] {dagbag.py:545} INFO - Filling up the DagBag from /opt/airflow/dags/pipeline_dag.py
[2026-05-06T14:18:29.058+0000] {processor.py:840} INFO - DAG(s) 'ecommerce_pipeline' retrieved from /opt/airflow/dags/pipeline_dag.py
[2026-05-06T14:18:29.302+0000] {logging_mixin.py:188} INFO - [2026-05-06T14:18:29.301+0000] {dag.py:3096} INFO - Sync 1 DAGs
[2026-05-06T14:18:29.368+0000] {logging_mixin.py:188} INFO - [2026-05-06T14:18:29.368+0000] {dag.py:3954} INFO - Setting next_dagrun for ecommerce_pipeline to 2026-05-06 00:00:00+00:00, run_after=2026-05-07 00:00:00+00:00
[2026-05-06T14:18:29.437+0000] {processor.py:183} INFO - Processing /opt/airflow/dags/pipeline_dag.py took 0.623 seconds
[2026-05-06T14:18:59.869+0000] {processor.py:161} INFO - Started process (PID=2878) to work on /opt/airflow/dags/pipeline_dag.py
[2026-05-06T14:18:59.873+0000] {processor.py:830} INFO - Processing file /opt/airflow/dags/pipeline_dag.py for tasks to queue
[2026-05-06T14:18:59.887+0000] {logging_mixin.py:188} INFO - [2026-05-06T14:18:59.884+0000] {dagbag.py:545} INFO - Filling up the DagBag from /opt/airflow/dags/pipeline_dag.py
[2026-05-06T14:19:00.006+0000] {processor.py:840} INFO - DAG(s) 'ecommerce_pipeline' retrieved from /opt/airflow/dags/pipeline_dag.py
[2026-05-06T14:19:00.226+0000] {logging_mixin.py:188} INFO - [2026-05-06T14:19:00.224+0000] {dag.py:3096} INFO - Sync 1 DAGs
[2026-05-06T14:19:00.282+0000] {logging_mixin.py:188} INFO - [2026-05-06T14:19:00.282+0000] {dag.py:3954} INFO - Setting next_dagrun for ecommerce_pipeline to 2026-05-06 00:00:00+00:00, run_after=2026-05-07 00:00:00+00:00
[2026-05-06T14:19:00.328+0000] {processor.py:183} INFO - Processing /opt/airflow/dags/pipeline_dag.py took 0.512 seconds
[2026-05-06T14:19:35.378+0000] {processor.py:161} INFO - Started process (PID=2883) to work on /opt/airflow/dags/pipeline_dag.py
[2026-05-06T14:19:35.467+0000] {processor.py:830} INFO - Processing file /opt/airflow/dags/pipeline_dag.py for tasks to queue
[2026-05-06T14:19:36.144+0000] {logging_mixin.py:188} INFO - [2026-05-06T14:19:35.719+0000] {dagbag.py:545} INFO - Filling up the DagBag from /opt/airflow/dags/pipeline_dag.py
[2026-05-06T14:19:36.986+0000] {processor.py:840} INFO - DAG(s) 'ecommerce_pipeline' retrieved from /opt/airflow/dags/pipeline_dag.py
[2026-05-06T14:19:39.224+0000] {logging_mixin.py:188} INFO - [2026-05-06T14:19:39.213+0000] {dag.py:3096} INFO - Sync 1 DAGs
[2026-05-06T14:19:39.992+0000] {logging_mixin.py:188} INFO - [2026-05-06T14:19:39.989+0000] {dag.py:3954} INFO - Setting next_dagrun for ecommerce_pipeline to 2026-05-06 00:00:00+00:00, run_after=2026-05-07 00:00:00+00:00
[2026-05-06T14:19:40.404+0000] {processor.py:183} INFO - Processing /opt/airflow/dags/pipeline_dag.py took 6.083 seconds
[2026-05-06T14:20:10.698+0000] {processor.py:161} INFO - Started process (PID=2888) to work on /opt/airflow/dags/pipeline_dag.py
[2026-05-06T14:20:10.702+0000] {processor.py:830} INFO - Processing file /opt/airflow/dags/pipeline_dag.py for tasks to queue
[2026-05-06T14:20:10.707+0000] {logging_mixin.py:188} INFO - [2026-05-06T14:20:10.706+0000] {dagbag.py:545} INFO - Filling up the DagBag from /opt/airflow/dags/pipeline_dag.py
[2026-05-06T14:20:10.766+0000] {processor.py:840} INFO - DAG(s) 'ecommerce_pipeline' retrieved from /opt/airflow/dags/pipeline_dag.py
[2026-05-06T14:20:10.857+0000] {logging_mixin.py:188} INFO - [2026-05-06T14:20:10.856+0000] {dag.py:3096} INFO - Sync 1 DAGs
[2026-05-06T14:20:10.906+0000] {logging_mixin.py:188} INFO - [2026-05-06T14:20:10.905+0000] {dag.py:3954} INFO - Setting next_dagrun for ecommerce_pipeline to 2026-05-06 00:00:00+00:00, run_after=2026-05-07 00:00:00+00:00
[2026-05-06T14:20:10.981+0000] {processor.py:183} INFO - Processing /opt/airflow/dags/pipeline_dag.py took 0.305 seconds
[2026-05-06T14:20:41.867+0000] {processor.py:161} INFO - Started process (PID=2893) to work on /opt/airflow/dags/pipeline_dag.py
[2026-05-06T14:20:41.881+0000] {processor.py:830} INFO - Processing file /opt/airflow/dags/pipeline_dag.py for tasks to queue
[2026-05-06T14:20:41.915+0000] {logging_mixin.py:188} INFO - [2026-05-06T14:20:41.909+0000] {dagbag.py:545} INFO - Filling up the DagBag from /opt/airflow/dags/pipeline_dag.py
[2026-05-06T14:20:42.110+0000] {processor.py:840} INFO - DAG(s) 'ecommerce_pipeline' retrieved from /opt/airflow/dags/pipeline_dag.py
[2026-05-06T14:20:42.518+0000] {logging_mixin.py:188} INFO - [2026-05-06T14:20:42.517+0000] {dag.py:3096} INFO - Sync 1 DAGs
[2026-05-06T14:20:42.625+0000] {logging_mixin.py:188} INFO - [2026-05-06T14:20:42.625+0000] {dag.py:3954} INFO - Setting next_dagrun for ecommerce_pipeline to 2026-05-06 00:00:00+00:00, run_after=2026-05-07 00:00:00+00:00
[2026-05-06T14:20:42.696+0000] {processor.py:183} INFO - Processing /opt/airflow/dags/pipeline_dag.py took 0.971 seconds
[2026-05-06T14:21:12.800+0000] {processor.py:161} INFO - Started process (PID=2898) to work on /opt/airflow/dags/pipeline_dag.py
[2026-05-06T14:21:12.801+0000] {processor.py:830} INFO - Processing file /opt/airflow/dags/pipeline_dag.py for tasks to queue
[2026-05-06T14:21:12.804+0000] {logging_mixin.py:188} INFO - [2026-05-06T14:21:12.803+0000] {dagbag.py:545} INFO - Filling up the DagBag from /opt/airflow/dags/pipeline_dag.py
[2026-05-06T14:21:12.844+0000] {processor.py:840} INFO - DAG(s) 'ecommerce_pipeline' retrieved from /opt/airflow/dags/pipeline_dag.py
[2026-05-06T14:21:13.119+0000] {logging_mixin.py:188} INFO - [2026-05-06T14:21:13.119+0000] {dag.py:3096} INFO - Sync 1 DAGs
[2026-05-06T14:21:13.163+0000] {logging_mixin.py:188} INFO - [2026-05-06T14:21:13.163+0000] {dag.py:3954} INFO - Setting next_dagrun for ecommerce_pipeline to 2026-05-06 00:00:00+00:00, run_after=2026-05-07 00:00:00+00:00
[2026-05-06T14:21:13.192+0000] {processor.py:183} INFO - Processing /opt/airflow/dags/pipeline_dag.py took 0.403 seconds
[2026-05-06T14:21:43.436+0000] {processor.py:161} INFO - Started process (PID=2903) to work on /opt/airflow/dags/pipeline_dag.py
[2026-05-06T14:21:43.439+0000] {processor.py:830} INFO - Processing file /opt/airflow/dags/pipeline_dag.py for tasks to queue
[2026-05-06T14:21:43.444+0000] {logging_mixin.py:188} INFO - [2026-05-06T14:21:43.443+0000] {dagbag.py:545} INFO - Filling up the DagBag from /opt/airflow/dags/pipeline_dag.py
[2026-05-06T14:21:43.486+0000] {processor.py:840} INFO - DAG(s) 'ecommerce_pipeline' retrieved from /opt/airflow/dags/pipeline_dag.py
[2026-05-06T14:21:43.561+0000] {logging_mixin.py:188} INFO - [2026-05-06T14:21:43.558+0000] {dag.py:3096} INFO - Sync 1 DAGs
[2026-05-06T14:21:43.652+0000] {logging_mixin.py:188} INFO - [2026-05-06T14:21:43.651+0000] {dag.py:3954} INFO - Setting next_dagrun for ecommerce_pipeline to 2026-05-06 00:00:00+00:00, run_after=2026-05-07 00:00:00+00:00
[2026-05-06T14:21:43.790+0000] {processor.py:183} INFO - Processing /opt/airflow/dags/pipeline_dag.py took 0.362 seconds
[2026-05-06T14:22:15.591+0000] {processor.py:161} INFO - Started process (PID=2908) to work on /opt/airflow/dags/pipeline_dag.py
[2026-05-06T14:22:15.593+0000] {processor.py:830} INFO - Processing file /opt/airflow/dags/pipeline_dag.py for tasks to queue
[2026-05-06T14:22:15.595+0000] {logging_mixin.py:188} INFO - [2026-05-06T14:22:15.595+0000] {dagbag.py:545} INFO - Filling up the DagBag from /opt/airflow/dags/pipeline_dag.py
[2026-05-06T14:22:15.626+0000] {processor.py:840} INFO - DAG(s) 'ecommerce_pipeline' retrieved from /opt/airflow/dags/pipeline_dag.py
[2026-05-06T14:22:15.685+0000] {logging_mixin.py:188} INFO - [2026-05-06T14:22:15.685+0000] {dag.py:3096} INFO - Sync 1 DAGs
[2026-05-06T14:22:15.717+0000] {logging_mixin.py:188} INFO - [2026-05-06T14:22:15.716+0000] {dag.py:3954} INFO - Setting next_dagrun for ecommerce_pipeline to 2026-05-06 00:00:00+00:00, run_after=2026-05-07 00:00:00+00:00
[2026-05-06T14:22:15.743+0000] {processor.py:183} INFO - Processing /opt/airflow/dags/pipeline_dag.py took 0.163 seconds
[2026-05-06T14:22:48.959+0000] {processor.py:161} INFO - Started process (PID=2913) to work on /opt/airflow/dags/pipeline_dag.py
[2026-05-06T14:22:48.966+0000] {processor.py:830} INFO - Processing file /opt/airflow/dags/pipeline_dag.py for tasks to queue
[2026-05-06T14:22:48.984+0000] {logging_mixin.py:188} INFO - [2026-05-06T14:22:48.981+0000] {dagbag.py:545} INFO - Filling up the DagBag from /opt/airflow/dags/pipeline_dag.py
[2026-05-06T14:22:49.093+0000] {processor.py:840} INFO - DAG(s) 'ecommerce_pipeline' retrieved from /opt/airflow/dags/pipeline_dag.py
[2026-05-06T14:22:49.248+0000] {logging_mixin.py:188} INFO - [2026-05-06T14:22:49.244+0000] {dag.py:3096} INFO - Sync 1 DAGs
[2026-05-06T14:22:49.333+0000] {logging_mixin.py:188} INFO - [2026-05-06T14:22:49.332+0000] {dag.py:3954} INFO - Setting next_dagrun for ecommerce_pipeline to 2026-05-06 00:00:00+00:00, run_after=2026-05-07 00:00:00+00:00
[2026-05-06T14:22:49.377+0000] {processor.py:183} INFO - Processing /opt/airflow/dags/pipeline_dag.py took 0.482 seconds
[2026-05-06T14:23:21.794+0000] {processor.py:161} INFO - Started process (PID=2918) to work on /opt/airflow/dags/pipeline_dag.py
[2026-05-06T14:23:21.798+0000] {processor.py:830} INFO - Processing file /opt/airflow/dags/pipeline_dag.py for tasks to queue
[2026-05-06T14:23:21.810+0000] {logging_mixin.py:188} INFO - [2026-05-06T14:23:21.808+0000] {dagbag.py:545} INFO - Filling up the DagBag from /opt/airflow/dags/pipeline_dag.py
[2026-05-06T14:23:21.932+0000] {processor.py:840} INFO - DAG(s) 'ecommerce_pipeline' retrieved from /opt/airflow/dags/pipeline_dag.py
[2026-05-06T14:23:22.081+0000] {logging_mixin.py:188} INFO - [2026-05-06T14:23:22.081+0000] {dag.py:3096} INFO - Sync 1 DAGs
[2026-05-06T14:23:22.142+0000] {logging_mixin.py:188} INFO - [2026-05-06T14:23:22.141+0000] {dag.py:3954} INFO - Setting next_dagrun for ecommerce_pipeline to 2026-05-06 00:00:00+00:00, run_after=2026-05-07 00:00:00+00:00
[2026-05-06T14:23:22.211+0000] {processor.py:183} INFO - Processing /opt/airflow/dags/pipeline_dag.py took 0.470 seconds
[2026-05-06T14:23:54.966+0000] {processor.py:161} INFO - Started process (PID=2923) to work on /opt/airflow/dags/pipeline_dag.py
[2026-05-06T14:23:54.978+0000] {processor.py:830} INFO - Processing file /opt/airflow/dags/pipeline_dag.py for tasks to queue
[2026-05-06T14:23:55.025+0000] {logging_mixin.py:188} INFO - [2026-05-06T14:23:55.014+0000] {dagbag.py:545} INFO - Filling up the DagBag from /opt/airflow/dags/pipeline_dag.py
[2026-05-06T14:23:55.248+0000] {processor.py:840} INFO - DAG(s) 'ecommerce_pipeline' retrieved from /opt/airflow/dags/pipeline_dag.py
[2026-05-06T14:23:55.473+0000] {logging_mixin.py:188} INFO - [2026-05-06T14:23:55.473+0000] {dag.py:3096} INFO - Sync 1 DAGs
[2026-05-06T14:23:55.596+0000] {logging_mixin.py:188} INFO - [2026-05-06T14:23:55.595+0000] {dag.py:3954} INFO - Setting next_dagrun for ecommerce_pipeline to 2026-05-06 00:00:00+00:00, run_after=2026-05-07 00:00:00+00:00
[2026-05-06T14:23:55.656+0000] {processor.py:183} INFO - Processing /opt/airflow/dags/pipeline_dag.py took 0.808 seconds
[2026-05-06T14:24:27.037+0000] {processor.py:161} INFO - Started process (PID=2928) to work on /opt/airflow/dags/pipeline_dag.py
[2026-05-06T14:24:27.040+0000] {processor.py:830} INFO - Processing file /opt/airflow/dags/pipeline_dag.py for tasks to queue
[2026-05-06T14:24:27.052+0000] {logging_mixin.py:188} INFO - [2026-05-06T14:24:27.047+0000] {dagbag.py:545} INFO - Filling up the DagBag from /opt/airflow/dags/pipeline_dag.py
[2026-05-06T14:24:27.114+0000] {processor.py:840} INFO - DAG(s) 'ecommerce_pipeline' retrieved from /opt/airflow/dags/pipeline_dag.py
[2026-05-06T14:24:27.195+0000] {logging_mixin.py:188} INFO - [2026-05-06T14:24:27.195+0000] {dag.py:3096} INFO - Sync 1 DAGs
[2026-05-06T14:24:27.245+0000] {logging_mixin.py:188} INFO - [2026-05-06T14:24:27.244+0000] {dag.py:3954} INFO - Setting next_dagrun for ecommerce_pipeline to 2026-05-06 00:00:00+00:00, run_after=2026-05-07 00:00:00+00:00
[2026-05-06T14:24:27.301+0000] {processor.py:183} INFO - Processing /opt/airflow/dags/pipeline_dag.py took 0.298 seconds
[2026-05-06T14:24:59.893+0000] {processor.py:161} INFO - Started process (PID=2933) to work on /opt/airflow/dags/pipeline_dag.py
[2026-05-06T14:24:59.905+0000] {processor.py:830} INFO - Processing file /opt/airflow/dags/pipeline_dag.py for tasks to queue
[2026-05-06T14:24:59.943+0000] {logging_mixin.py:188} INFO - [2026-05-06T14:24:59.933+0000] {dagbag.py:545} INFO - Filling up the DagBag from /opt/airflow/dags/pipeline_dag.py
[2026-05-06T14:25:00.150+0000] {processor.py:840} INFO - DAG(s) 'ecommerce_pipeline' retrieved from /opt/airflow/dags/pipeline_dag.py
[2026-05-06T14:25:00.943+0000] {logging_mixin.py:188} INFO - [2026-05-06T14:25:00.942+0000] {dag.py:3096} INFO - Sync 1 DAGs
[2026-05-06T14:25:02.113+0000] {logging_mixin.py:188} INFO - [2026-05-06T14:25:02.111+0000] {dag.py:3954} INFO - Setting next_dagrun for ecommerce_pipeline to 2026-05-06 00:00:00+00:00, run_after=2026-05-07 00:00:00+00:00
[2026-05-06T14:25:02.407+0000] {processor.py:183} INFO - Processing /opt/airflow/dags/pipeline_dag.py took 2.659 seconds
[2026-05-06T14:25:32.877+0000] {processor.py:161} INFO - Started process (PID=2938) to work on /opt/airflow/dags/pipeline_dag.py
[2026-05-06T14:25:32.881+0000] {processor.py:830} INFO - Processing file /opt/airflow/dags/pipeline_dag.py for tasks to queue
[2026-05-06T14:25:32.897+0000] {logging_mixin.py:188} INFO - [2026-05-06T14:25:32.893+0000] {dagbag.py:545} INFO - Filling up the DagBag from /opt/airflow/dags/pipeline_dag.py
[2026-05-06T14:25:32.990+0000] {processor.py:840} INFO - DAG(s) 'ecommerce_pipeline' retrieved from /opt/airflow/dags/pipeline_dag.py
[2026-05-06T14:25:33.155+0000] {logging_mixin.py:188} INFO - [2026-05-06T14:25:33.154+0000] {dag.py:3096} INFO - Sync 1 DAGs
[2026-05-06T14:25:33.217+0000] {logging_mixin.py:188} INFO - [2026-05-06T14:25:33.216+0000] {dag.py:3954} INFO - Setting next_dagrun for ecommerce_pipeline to 2026-05-06 00:00:00+00:00, run_after=2026-05-07 00:00:00+00:00
[2026-05-06T14:25:33.281+0000] {processor.py:183} INFO - Processing /opt/airflow/dags/pipeline_dag.py took 0.443 seconds
[2026-05-06T14:26:05.758+0000] {processor.py:161} INFO - Started process (PID=2943) to work on /opt/airflow/dags/pipeline_dag.py
[2026-05-06T14:26:05.763+0000] {processor.py:830} INFO - Processing file /opt/airflow/dags/pipeline_dag.py for tasks to queue
[2026-05-06T14:26:05.779+0000] {logging_mixin.py:188} INFO - [2026-05-06T14:26:05.777+0000] {dagbag.py:545} INFO - Filling up the DagBag from /opt/airflow/dags/pipeline_dag.py
[2026-05-06T14:26:05.845+0000] {processor.py:840} INFO - DAG(s) 'ecommerce_pipeline' retrieved from /opt/airflow/dags/pipeline_dag.py
[2026-05-06T14:26:05.952+0000] {logging_mixin.py:188} INFO - [2026-05-06T14:26:05.952+0000] {dag.py:3096} INFO - Sync 1 DAGs
[2026-05-06T14:26:06.002+0000] {logging_mixin.py:188} INFO - [2026-05-06T14:26:06.002+0000] {dag.py:3954} INFO - Setting next_dagrun for ecommerce_pipeline to 2026-05-06 00:00:00+00:00, run_after=2026-05-07 00:00:00+00:00
[2026-05-06T14:26:06.049+0000] {processor.py:183} INFO - Processing /opt/airflow/dags/pipeline_dag.py took 0.323 seconds
[2026-05-06T14:26:36.513+0000] {processor.py:161} INFO - Started process (PID=2948) to work on /opt/airflow/dags/pipeline_dag.py
[2026-05-06T14:26:36.515+0000] {processor.py:830} INFO - Processing file /opt/airflow/dags/pipeline_dag.py for tasks to queue
[2026-05-06T14:26:36.521+0000] {logging_mixin.py:188} INFO - [2026-05-06T14:26:36.520+0000] {dagbag.py:545} INFO - Filling up the DagBag from /opt/airflow/dags/pipeline_dag.py
[2026-05-06T14:26:38.332+0000] {processor.py:840} INFO - DAG(s) 'ecommerce_pipeline' retrieved from /opt/airflow/dags/pipeline_dag.py
[2026-05-06T14:26:38.395+0000] {logging_mixin.py:188} INFO - [2026-05-06T14:26:38.395+0000] {dag.py:3096} INFO - Sync 1 DAGs
[2026-05-06T14:26:38.422+0000] {logging_mixin.py:188} INFO - [2026-05-06T14:26:38.422+0000] {dag.py:3954} INFO - Setting next_dagrun for ecommerce_pipeline to 2026-05-06 00:00:00+00:00, run_after=2026-05-07 00:00:00+00:00
[2026-05-06T14:26:38.491+0000] {processor.py:183} INFO - Processing /opt/airflow/dags/pipeline_dag.py took 0.237 seconds
[2026-05-06T14:27:12.695+0000] {processor.py:161} INFO - Started process (PID=2953) to work on /opt/airflow/dags/pipeline_dag.py
[2026-05-06T14:27:12.699+0000] {processor.py:830} INFO - Processing file /opt/airflow/dags/pipeline_dag.py for tasks to queue
[2026-05-06T14:27:12.714+0000] {logging_mixin.py:188} INFO - [2026-05-06T14:27:12.712+0000] {dagbag.py:545} INFO - Filling up the DagBag from /opt/airflow/dags/pipeline_dag.py
[2026-05-06T14:27:12.821+0000] {processor.py:840} INFO - DAG(s) 'ecommerce_pipeline' retrieved from /opt/airflow/dags/pipeline_dag.py
[2026-05-06T14:27:13.153+0000] {logging_mixin.py:188} INFO - [2026-05-06T14:27:13.153+0000] {dag.py:3096} INFO - Sync 1 DAGs
[2026-05-06T14:27:13.254+0000] {logging_mixin.py:188} INFO - [2026-05-06T14:27:13.253+0000] {dag.py:3954} INFO - Setting next_dagrun for ecommerce_pipeline to 2026-05-06 00:00:00+00:00, run_after=2026-05-07 00:00:00+00:00
[2026-05-06T14:27:13.345+0000] {processor.py:183} INFO - Processing /opt/airflow/dags/pipeline_dag.py took 0.670 seconds
[2026-05-06T14:27:46.069+0000] {processor.py:161} INFO - Started process (PID=2958) to work on /opt/airflow/dags/pipeline_dag.py
[2026-05-06T14:27:46.098+0000] {processor.py:830} INFO - Processing file /opt/airflow/dags/pipeline_dag.py for tasks to queue
[2026-05-06T14:27:46.115+0000] {logging_mixin.py:188} INFO - [2026-05-06T14:27:46.113+0000] {dagbag.py:545} INFO - Filling up the DagBag from /opt/airflow/dags/pipeline_dag.py
[2026-05-06T14:27:46.215+0000] {processor.py:840} INFO - DAG(s) 'ecommerce_pipeline' retrieved from /opt/airflow/dags/pipeline_dag.py
[2026-05-06T14:27:46.318+0000] {logging_mixin.py:188} INFO - [2026-05-06T14:27:46.317+0000] {dag.py:3096} INFO - Sync 1 DAGs
[2026-05-06T14:27:46.369+0000] {logging_mixin.py:188} INFO - [2026-05-06T14:27:46.368+0000] {dag.py:3954} INFO - Setting next_dagrun for ecommerce_pipeline to 2026-05-06 00:00:00+00:00, run_after=2026-05-07 00:00:00+00:00
[2026-05-06T14:27:46.407+0000] {processor.py:183} INFO - Processing /opt/airflow/dags/pipeline_dag.py took 0.359 seconds
[2026-05-06T14:28:17.876+0000] {processor.py:161} INFO - Started process (PID=2963) to work on /opt/airflow/dags/pipeline_dag.py
[2026-05-06T14:28:17.878+0000] {processor.py:830} INFO - Processing file /opt/airflow/dags/pipeline_dag.py for tasks to queue
[2026-05-06T14:28:17.880+0000] {logging_mixin.py:188} INFO - [2026-05-06T14:28:17.879+0000] {dagbag.py:545} INFO - Filling up the DagBag from /opt/airflow/dags/pipeline_dag.py
[2026-05-06T14:28:17.909+0000] {processor.py:840} INFO - DAG(s) 'ecommerce_pipeline' retrieved from /opt/airflow/dags/pipeline_dag.py
[2026-05-06T14:28:17.962+0000] {logging_mixin.py:188} INFO - [2026-05-06T14:28:17.961+0000] {dag.py:3096} INFO - Sync 1 DAGs
[2026-05-06T14:28:17.990+0000] {logging_mixin.py:188} INFO - [2026-05-06T14:28:17.990+0000] {dag.py:3954} INFO - Setting next_dagrun for ecommerce_pipeline to 2026-05-06 00:00:00+00:00, run_after=2026-05-07 00:00:00+00:00
[2026-05-06T14:28:18.017+0000] {processor.py:183} INFO - Processing /opt/airflow/dags/pipeline_dag.py took 0.149 seconds
[2026-05-06T14:28:48.437+0000] {processor.py:161} INFO - Started process (PID=2968) to work on /opt/airflow/dags/pipeline_dag.py
[2026-05-06T14:28:48.440+0000] {processor.py:830} INFO - Processing file /opt/airflow/dags/pipeline_dag.py for tasks to queue
[2026-05-06T14:28:48.442+0000] {logging_mixin.py:188} INFO - [2026-05-06T14:28:48.442+0000] {dagbag.py:545} INFO - Filling up the DagBag from /opt/airflow/dags/pipeline_dag.py
[2026-05-06T14:28:50.227+0000] {processor.py:840} INFO - DAG(s) 'ecommerce_pipeline' retrieved from /opt/airflow/dags/pipeline_dag.py
[2026-05-06T14:28:50.277+0000] {logging_mixin.py:188} INFO - [2026-05-06T14:28:50.277+0000] {dag.py:3096} INFO - Sync 1 DAGs
[2026-05-06T14:28:50.306+0000] {logging_mixin.py:188} INFO - [2026-05-06T14:28:50.305+0000] {dag.py:3954} INFO - Setting next_dagrun for ecommerce_pipeline to 2026-05-06 00:00:00+00:00, run_after=2026-05-07 00:00:00+00:00
[2026-05-06T14:28:50.332+0000] {processor.py:183} INFO - Processing /opt/airflow/dags/pipeline_dag.py took 0.152 seconds
[2026-05-06T14:29:23.292+0000] {processor.py:161} INFO - Started process (PID=2973) to work on /opt/airflow/dags/pipeline_dag.py
[2026-05-06T14:29:23.294+0000] {processor.py:830} INFO - Processing file /opt/airflow/dags/pipeline_dag.py for tasks to queue
[2026-05-06T14:29:23.296+0000] {logging_mixin.py:188} INFO - [2026-05-06T14:29:23.296+0000] {dagbag.py:545} INFO - Filling up the DagBag from /opt/airflow/dags/pipeline_dag.py
[2026-05-06T14:29:23.321+0000] {processor.py:840} INFO - DAG(s) 'ecommerce_pipeline' retrieved from /opt/airflow/dags/pipeline_dag.py
[2026-05-06T14:29:23.372+0000] {logging_mixin.py:188} INFO - [2026-05-06T14:29:23.371+0000] {dag.py:3096} INFO - Sync 1 DAGs
[2026-05-06T14:29:23.399+0000] {logging_mixin.py:188} INFO - [2026-05-06T14:29:23.399+0000] {dag.py:3954} INFO - Setting next_dagrun for ecommerce_pipeline to 2026-05-06 00:00:00+00:00, run_after=2026-05-07 00:00:00+00:00
[2026-05-06T14:29:23.429+0000] {processor.py:183} INFO - Processing /opt/airflow/dags/pipeline_dag.py took 0.147 seconds
[2026-05-06T14:29:56.575+0000] {processor.py:161} INFO - Started process (PID=2978) to work on /opt/airflow/dags/pipeline_dag.py
[2026-05-06T14:29:56.577+0000] {processor.py:830} INFO - Processing file /opt/airflow/dags/pipeline_dag.py for tasks to queue
[2026-05-06T14:29:56.579+0000] {logging_mixin.py:188} INFO - [2026-05-06T14:29:56.579+0000] {dagbag.py:545} INFO - Filling up the DagBag from /opt/airflow/dags/pipeline_dag.py
[2026-05-06T14:29:56.607+0000] {processor.py:840} INFO - DAG(s) 'ecommerce_pipeline' retrieved from /opt/airflow/dags/pipeline_dag.py
[2026-05-06T14:29:56.665+0000] {logging_mixin.py:188} INFO - [2026-05-06T14:29:56.664+0000] {dag.py:3096} INFO - Sync 1 DAGs
[2026-05-06T14:29:56.689+0000] {logging_mixin.py:188} INFO - [2026-05-06T14:29:56.688+0000] {dag.py:3954} INFO - Setting next_dagrun for ecommerce_pipeline to 2026-05-06 00:00:00+00:00, run_after=2026-05-07 00:00:00+00:00
[2026-05-06T14:29:56.719+0000] {processor.py:183} INFO - Processing /opt/airflow/dags/pipeline_dag.py took 0.152 seconds
[2026-05-06T14:30:29.588+0000] {processor.py:161} INFO - Started process (PID=2983) to work on /opt/airflow/dags/pipeline_dag.py
[2026-05-06T14:30:29.590+0000] {processor.py:830} INFO - Processing file /opt/airflow/dags/pipeline_dag.py for tasks to queue
[2026-05-06T14:30:29.593+0000] {logging_mixin.py:188} INFO - [2026-05-06T14:30:29.592+0000] {dagbag.py:545} INFO - Filling up the DagBag from /opt/airflow/dags/pipeline_dag.py
[2026-05-06T14:30:29.618+0000] {processor.py:840} INFO - DAG(s) 'ecommerce_pipeline' retrieved from /opt/airflow/dags/pipeline_dag.py
[2026-05-06T14:30:29.665+0000] {logging_mixin.py:188} INFO - [2026-05-06T14:30:29.664+0000] {dag.py:3096} INFO - Sync 1 DAGs
[2026-05-06T14:30:29.694+0000] {logging_mixin.py:188} INFO - [2026-05-06T14:30:29.694+0000] {dag.py:3954} INFO - Setting next_dagrun for ecommerce_pipeline to 2026-05-06 00:00:00+00:00, run_after=2026-05-07 00:00:00+00:00
[2026-05-06T14:30:29.718+0000] {processor.py:183} INFO - Processing /opt/airflow/dags/pipeline_dag.py took 0.137 seconds
[2026-05-06T14:31:01.747+0000] {processor.py:161} INFO - Started process (PID=2988) to work on /opt/airflow/dags/pipeline_dag.py
[2026-05-06T14:31:01.751+0000] {processor.py:830} INFO - Processing file /opt/airflow/dags/pipeline_dag.py for tasks to queue
[2026-05-06T14:31:01.754+0000] {logging_mixin.py:188} INFO - [2026-05-06T14:31:01.754+0000] {dagbag.py:545} INFO - Filling up the DagBag from /opt/airflow/dags/pipeline_dag.py
[2026-05-06T14:31:01.782+0000] {processor.py:840} INFO - DAG(s) 'ecommerce_pipeline' retrieved from /opt/airflow/dags/pipeline_dag.py
[2026-05-06T14:31:01.832+0000] {logging_mixin.py:188} INFO - [2026-05-06T14:31:01.832+0000] {dag.py:3096} INFO - Sync 1 DAGs
[2026-05-06T14:31:01.861+0000] {logging_mixin.py:188} INFO - [2026-05-06T14:31:01.861+0000] {dag.py:3954} INFO - Setting next_dagrun for ecommerce_pipeline to 2026-05-06 00:00:00+00:00, run_after=2026-05-07 00:00:00+00:00
[2026-05-06T14:31:01.887+0000] {processor.py:183} INFO - Processing /opt/airflow/dags/pipeline_dag.py took 0.149 seconds
[2026-05-06T14:31:34.812+0000] {processor.py:161} INFO - Started process (PID=2993) to work on /opt/airflow/dags/pipeline_dag.py
[2026-05-06T14:31:34.814+0000] {processor.py:830} INFO - Processing file /opt/airflow/dags/pipeline_dag.py for tasks to queue
[2026-05-06T14:31:34.816+0000] {logging_mixin.py:188} INFO - [2026-05-06T14:31:34.815+0000] {dagbag.py:545} INFO - Filling up the DagBag from /opt/airflow/dags/pipeline_dag.py
[2026-05-06T14:31:34.845+0000] {processor.py:840} INFO - DAG(s) 'ecommerce_pipeline' retrieved from /opt/airflow/dags/pipeline_dag.py
[2026-05-06T14:31:35.031+0000] {logging_mixin.py:188} INFO - [2026-05-06T14:31:35.030+0000] {dag.py:3096} INFO - Sync 1 DAGs
[2026-05-06T14:31:35.060+0000] {logging_mixin.py:188} INFO - [2026-05-06T14:31:35.060+0000] {dag.py:3954} INFO - Setting next_dagrun for ecommerce_pipeline to 2026-05-06 00:00:00+00:00, run_after=2026-05-07 00:00:00+00:00
[2026-05-06T14:31:35.248+0000] {processor.py:183} INFO - Processing /opt/airflow/dags/pipeline_dag.py took 0.442 seconds
[2026-05-06T14:32:08.070+0000] {processor.py:161} INFO - Started process (PID=2998) to work on /opt/airflow/dags/pipeline_dag.py
[2026-05-06T14:32:08.071+0000] {processor.py:830} INFO - Processing file /opt/airflow/dags/pipeline_dag.py for tasks to queue
[2026-05-06T14:32:08.074+0000] {logging_mixin.py:188} INFO - [2026-05-06T14:32:08.073+0000] {dagbag.py:545} INFO - Filling up the DagBag from /opt/airflow/dags/pipeline_dag.py
[2026-05-06T14:32:08.105+0000] {processor.py:840} INFO - DAG(s) 'ecommerce_pipeline' retrieved from /opt/airflow/dags/pipeline_dag.py
[2026-05-06T14:32:08.156+0000] {logging_mixin.py:188} INFO - [2026-05-06T14:32:08.155+0000] {dag.py:3096} INFO - Sync 1 DAGs
[2026-05-06T14:32:08.184+0000] {logging_mixin.py:188} INFO - [2026-05-06T14:32:08.184+0000] {dag.py:3954} INFO - Setting next_dagrun for ecommerce_pipeline to 2026-05-06 00:00:00+00:00, run_after=2026-05-07 00:00:00+00:00
[2026-05-06T14:32:08.213+0000] {processor.py:183} INFO - Processing /opt/airflow/dags/pipeline_dag.py took 0.152 seconds
[2026-05-06T14:32:38.556+0000] {processor.py:161} INFO - Started process (PID=3003) to work on /opt/airflow/dags/pipeline_dag.py
[2026-05-06T14:32:38.559+0000] {processor.py:830} INFO - Processing file /opt/airflow/dags/pipeline_dag.py for tasks to queue
[2026-05-06T14:32:38.562+0000] {logging_mixin.py:188} INFO - [2026-05-06T14:32:38.562+0000] {dagbag.py:545} INFO - Filling up the DagBag from /opt/airflow/dags/pipeline_dag.py
[2026-05-06T14:32:38.609+0000] {processor.py:840} INFO - DAG(s) 'ecommerce_pipeline' retrieved from /opt/airflow/dags/pipeline_dag.py
[2026-05-06T14:32:40.432+0000] {logging_mixin.py:188} INFO - [2026-05-06T14:32:40.431+0000] {dag.py:3096} INFO - Sync 1 DAGs
[2026-05-06T14:32:40.471+0000] {logging_mixin.py:188} INFO - [2026-05-06T14:32:40.471+0000] {dag.py:3954} INFO - Setting next_dagrun for ecommerce_pipeline to 2026-05-06 00:00:00+00:00, run_after=2026-05-07 00:00:00+00:00
[2026-05-06T14:32:40.502+0000] {processor.py:183} INFO - Processing /opt/airflow/dags/pipeline_dag.py took 0.210 seconds
[2026-05-06T14:33:13.342+0000] {processor.py:161} INFO - Started process (PID=3008) to work on /opt/airflow/dags/pipeline_dag.py
[2026-05-06T14:33:13.343+0000] {processor.py:830} INFO - Processing file /opt/airflow/dags/pipeline_dag.py for tasks to queue
[2026-05-06T14:33:13.346+0000] {logging_mixin.py:188} INFO - [2026-05-06T14:33:13.346+0000] {dagbag.py:545} INFO - Filling up the DagBag from /opt/airflow/dags/pipeline_dag.py
[2026-05-06T14:33:13.373+0000] {processor.py:840} INFO - DAG(s) 'ecommerce_pipeline' retrieved from /opt/airflow/dags/pipeline_dag.py
[2026-05-06T14:33:13.422+0000] {logging_mixin.py:188} INFO - [2026-05-06T14:33:13.421+0000] {dag.py:3096} INFO - Sync 1 DAGs
[2026-05-06T14:33:13.447+0000] {logging_mixin.py:188} INFO - [2026-05-06T14:33:13.447+0000] {dag.py:3954} INFO - Setting next_dagrun for ecommerce_pipeline to 2026-05-06 00:00:00+00:00, run_after=2026-05-07 00:00:00+00:00
[2026-05-06T14:33:13.474+0000] {processor.py:183} INFO - Processing /opt/airflow/dags/pipeline_dag.py took 0.138 seconds
[2026-05-06T14:33:46.384+0000] {processor.py:161} INFO - Started process (PID=3013) to work on /opt/airflow/dags/pipeline_dag.py
[2026-05-06T14:33:46.385+0000] {processor.py:830} INFO - Processing file /opt/airflow/dags/pipeline_dag.py for tasks to queue
[2026-05-06T14:33:46.387+0000] {logging_mixin.py:188} INFO - [2026-05-06T14:33:46.387+0000] {dagbag.py:545} INFO - Filling up the DagBag from /opt/airflow/dags/pipeline_dag.py
[2026-05-06T14:33:46.413+0000] {processor.py:840} INFO - DAG(s) 'ecommerce_pipeline' retrieved from /opt/airflow/dags/pipeline_dag.py
[2026-05-06T14:33:46.456+0000] {logging_mixin.py:188} INFO - [2026-05-06T14:33:46.455+0000] {dag.py:3096} INFO - Sync 1 DAGs
[2026-05-06T14:33:46.478+0000] {logging_mixin.py:188} INFO - [2026-05-06T14:33:46.477+0000] {dag.py:3954} INFO - Setting next_dagrun for ecommerce_pipeline to 2026-05-06 00:00:00+00:00, run_after=2026-05-07 00:00:00+00:00
[2026-05-06T14:33:46.505+0000] {processor.py:183} INFO - Processing /opt/airflow/dags/pipeline_dag.py took 0.130 seconds
[2026-05-06T14:34:19.508+0000] {processor.py:161} INFO - Started process (PID=3018) to work on /opt/airflow/dags/pipeline_dag.py
[2026-05-06T14:34:19.509+0000] {processor.py:830} INFO - Processing file /opt/airflow/dags/pipeline_dag.py for tasks to queue
[2026-05-06T14:34:19.512+0000] {logging_mixin.py:188} INFO - [2026-05-06T14:34:19.511+0000] {dagbag.py:545} INFO - Filling up the DagBag from /opt/airflow/dags/pipeline_dag.py
[2026-05-06T14:34:19.539+0000] {processor.py:840} INFO - DAG(s) 'ecommerce_pipeline' retrieved from /opt/airflow/dags/pipeline_dag.py
[2026-05-06T14:34:19.584+0000] {logging_mixin.py:188} INFO - [2026-05-06T14:34:19.584+0000] {dag.py:3096} INFO - Sync 1 DAGs
[2026-05-06T14:34:19.607+0000] {logging_mixin.py:188} INFO - [2026-05-06T14:34:19.606+0000] {dag.py:3954} INFO - Setting next_dagrun for ecommerce_pipeline to 2026-05-06 00:00:00+00:00, run_after=2026-05-07 00:00:00+00:00
[2026-05-06T14:34:19.635+0000] {processor.py:183} INFO - Processing /opt/airflow/dags/pipeline_dag.py took 0.136 seconds
[2026-05-06T14:34:49.931+0000] {processor.py:161} INFO - Started process (PID=3023) to work on /opt/airflow/dags/pipeline_dag.py
[2026-05-06T14:34:49.933+0000] {processor.py:830} INFO - Processing file /opt/airflow/dags/pipeline_dag.py for tasks to queue
[2026-05-06T14:34:49.935+0000] {logging_mixin.py:188} INFO - [2026-05-06T14:34:49.935+0000] {dagbag.py:545} INFO - Filling up the DagBag from /opt/airflow/dags/pipeline_dag.py
[2026-05-06T14:34:49.969+0000] {processor.py:840} INFO - DAG(s) 'ecommerce_pipeline' retrieved from /opt/airflow/dags/pipeline_dag.py
[2026-05-06T14:34:50.025+0000] {logging_mixin.py:188} INFO - [2026-05-06T14:34:50.025+0000] {dag.py:3096} INFO - Sync 1 DAGs
[2026-05-06T14:34:50.048+0000] {logging_mixin.py:188} INFO - [2026-05-06T14:34:50.048+0000] {dag.py:3954} INFO - Setting next_dagrun for ecommerce_pipeline to 2026-05-06 00:00:00+00:00, run_after=2026-05-07 00:00:00+00:00
[2026-05-06T14:34:50.074+0000] {processor.py:183} INFO - Processing /opt/airflow/dags/pipeline_dag.py took 0.150 seconds
[2026-05-06T14:35:21.049+0000] {processor.py:161} INFO - Started process (PID=3028) to work on /opt/airflow/dags/pipeline_dag.py
[2026-05-06T14:35:21.057+0000] {processor.py:830} INFO - Processing file /opt/airflow/dags/pipeline_dag.py for tasks to queue
[2026-05-06T14:35:21.080+0000] {logging_mixin.py:188} INFO - [2026-05-06T14:35:21.077+0000] {dagbag.py:545} INFO - Filling up the DagBag from /opt/airflow/dags/pipeline_dag.py
[2026-05-06T14:35:21.252+0000] {processor.py:840} INFO - DAG(s) 'ecommerce_pipeline' retrieved from /opt/airflow/dags/pipeline_dag.py
[2026-05-06T14:35:21.401+0000] {logging_mixin.py:188} INFO - [2026-05-06T14:35:21.401+0000] {dag.py:3096} INFO - Sync 1 DAGs
[2026-05-06T14:35:21.449+0000] {logging_mixin.py:188} INFO - [2026-05-06T14:35:21.449+0000] {dag.py:3954} INFO - Setting next_dagrun for ecommerce_pipeline to 2026-05-06 00:00:00+00:00, run_after=2026-05-07 00:00:00+00:00
[2026-05-06T14:35:21.485+0000] {processor.py:183} INFO - Processing /opt/airflow/dags/pipeline_dag.py took 0.490 seconds
[2026-05-06T14:35:51.751+0000] {processor.py:161} INFO - Started process (PID=3033) to work on /opt/airflow/dags/pipeline_dag.py
[2026-05-06T14:35:51.755+0000] {processor.py:830} INFO - Processing file /opt/airflow/dags/pipeline_dag.py for tasks to queue
[2026-05-06T14:35:51.758+0000] {logging_mixin.py:188} INFO - [2026-05-06T14:35:51.758+0000] {dagbag.py:545} INFO - Filling up the DagBag from /opt/airflow/dags/pipeline_dag.py
[2026-05-06T14:35:51.811+0000] {processor.py:840} INFO - DAG(s) 'ecommerce_pipeline' retrieved from /opt/airflow/dags/pipeline_dag.py
[2026-05-06T14:35:51.863+0000] {logging_mixin.py:188} INFO - [2026-05-06T14:35:51.863+0000] {dag.py:3096} INFO - Sync 1 DAGs
[2026-05-06T14:35:51.894+0000] {logging_mixin.py:188} INFO - [2026-05-06T14:35:51.894+0000] {dag.py:3954} INFO - Setting next_dagrun for ecommerce_pipeline to 2026-05-06 00:00:00+00:00, run_after=2026-05-07 00:00:00+00:00
[2026-05-06T14:35:51.923+0000] {processor.py:183} INFO - Processing /opt/airflow/dags/pipeline_dag.py took 0.195 seconds
[2026-05-06T14:36:22.213+0000] {processor.py:161} INFO - Started process (PID=3038) to work on /opt/airflow/dags/pipeline_dag.py
[2026-05-06T14:36:22.270+0000] {processor.py:830} INFO - Processing file /opt/airflow/dags/pipeline_dag.py for tasks to queue
[2026-05-06T14:36:22.272+0000] {logging_mixin.py:188} INFO - [2026-05-06T14:36:22.272+0000] {dagbag.py:545} INFO - Filling up the DagBag from /opt/airflow/dags/pipeline_dag.py
[2026-05-06T14:36:22.375+0000] {processor.py:840} INFO - DAG(s) 'ecommerce_pipeline' retrieved from /opt/airflow/dags/pipeline_dag.py
[2026-05-06T14:36:22.736+0000] {logging_mixin.py:188} INFO - [2026-05-06T14:36:22.735+0000] {dag.py:3096} INFO - Sync 1 DAGs
[2026-05-06T14:36:22.756+0000] {logging_mixin.py:188} INFO - [2026-05-06T14:36:22.755+0000] {dag.py:3954} INFO - Setting next_dagrun for ecommerce_pipeline to 2026-05-06 00:00:00+00:00, run_after=2026-05-07 00:00:00+00:00
[2026-05-06T14:36:22.895+0000] {processor.py:183} INFO - Processing /opt/airflow/dags/pipeline_dag.py took 0.689 seconds
[2026-05-06T14:36:53.738+0000] {processor.py:161} INFO - Started process (PID=3043) to work on /opt/airflow/dags/pipeline_dag.py
[2026-05-06T14:36:53.740+0000] {processor.py:830} INFO - Processing file /opt/airflow/dags/pipeline_dag.py for tasks to queue
[2026-05-06T14:36:53.743+0000] {logging_mixin.py:188} INFO - [2026-05-06T14:36:53.742+0000] {dagbag.py:545} INFO - Filling up the DagBag from /opt/airflow/dags/pipeline_dag.py
[2026-05-06T14:36:53.781+0000] {processor.py:840} INFO - DAG(s) 'ecommerce_pipeline' retrieved from /opt/airflow/dags/pipeline_dag.py
[2026-05-06T14:36:53.845+0000] {logging_mixin.py:188} INFO - [2026-05-06T14:36:53.845+0000] {dag.py:3096} INFO - Sync 1 DAGs
[2026-05-06T14:36:53.874+0000] {logging_mixin.py:188} INFO - [2026-05-06T14:36:53.874+0000] {dag.py:3954} INFO - Setting next_dagrun for ecommerce_pipeline to 2026-05-06 00:00:00+00:00, run_after=2026-05-07 00:00:00+00:00
[2026-05-06T14:36:53.898+0000] {processor.py:183} INFO - Processing /opt/airflow/dags/pipeline_dag.py took 0.169 seconds
[2026-05-06T14:37:24.029+0000] {processor.py:161} INFO - Started process (PID=3048) to work on /opt/airflow/dags/pipeline_dag.py
[2026-05-06T14:37:24.031+0000] {processor.py:830} INFO - Processing file /opt/airflow/dags/pipeline_dag.py for tasks to queue
[2026-05-06T14:37:24.041+0000] {logging_mixin.py:188} INFO - [2026-05-06T14:37:24.039+0000] {dagbag.py:545} INFO - Filling up the DagBag from /opt/airflow/dags/pipeline_dag.py
[2026-05-06T14:37:24.172+0000] {processor.py:840} INFO - DAG(s) 'ecommerce_pipeline' retrieved from /opt/airflow/dags/pipeline_dag.py
[2026-05-06T14:37:24.224+0000] {logging_mixin.py:188} INFO - [2026-05-06T14:37:24.224+0000] {dag.py:3096} INFO - Sync 1 DAGs
[2026-05-06T14:37:24.249+0000] {logging_mixin.py:188} INFO - [2026-05-06T14:37:24.248+0000] {dag.py:3954} INFO - Setting next_dagrun for ecommerce_pipeline to 2026-05-06 00:00:00+00:00, run_after=2026-05-07 00:00:00+00:00
[2026-05-06T14:37:24.274+0000] {processor.py:183} INFO - Processing /opt/airflow/dags/pipeline_dag.py took 0.261 seconds
[2026-05-06T14:37:54.539+0000] {processor.py:161} INFO - Started process (PID=3053) to work on /opt/airflow/dags/pipeline_dag.py
[2026-05-06T14:37:54.542+0000] {processor.py:830} INFO - Processing file /opt/airflow/dags/pipeline_dag.py for tasks to queue
[2026-05-06T14:37:54.547+0000] {logging_mixin.py:188} INFO - [2026-05-06T14:37:54.546+0000] {dagbag.py:545} INFO - Filling up the DagBag from /opt/airflow/dags/pipeline_dag.py
[2026-05-06T14:37:54.583+0000] {processor.py:840} INFO - DAG(s) 'ecommerce_pipeline' retrieved from /opt/airflow/dags/pipeline_dag.py
[2026-05-06T14:37:54.625+0000] {logging_mixin.py:188} INFO - [2026-05-06T14:37:54.625+0000] {dag.py:3096} INFO - Sync 1 DAGs
[2026-05-06T14:37:54.652+0000] {logging_mixin.py:188} INFO - [2026-05-06T14:37:54.651+0000] {dag.py:3954} INFO - Setting next_dagrun for ecommerce_pipeline to 2026-05-06 00:00:00+00:00, run_after=2026-05-07 00:00:00+00:00
[2026-05-06T14:37:54.673+0000] {processor.py:183} INFO - Processing /opt/airflow/dags/pipeline_dag.py took 0.148 seconds
[2026-05-06T14:38:25.394+0000] {processor.py:161} INFO - Started process (PID=3058) to work on /opt/airflow/dags/pipeline_dag.py
[2026-05-06T14:38:25.398+0000] {processor.py:830} INFO - Processing file /opt/airflow/dags/pipeline_dag.py for tasks to queue
[2026-05-06T14:38:25.403+0000] {logging_mixin.py:188} INFO - [2026-05-06T14:38:25.402+0000] {dagbag.py:545} INFO - Filling up the DagBag from /opt/airflow/dags/pipeline_dag.py
[2026-05-06T14:38:25.448+0000] {processor.py:840} INFO - DAG(s) 'ecommerce_pipeline' retrieved from /opt/airflow/dags/pipeline_dag.py
[2026-05-06T14:38:25.555+0000] {logging_mixin.py:188} INFO - [2026-05-06T14:38:25.554+0000] {dag.py:3096} INFO - Sync 1 DAGs
[2026-05-06T14:38:25.627+0000] {logging_mixin.py:188} INFO - [2026-05-06T14:38:25.627+0000] {dag.py:3954} INFO - Setting next_dagrun for ecommerce_pipeline to 2026-05-06 00:00:00+00:00, run_after=2026-05-07 00:00:00+00:00
[2026-05-06T14:38:25.744+0000] {processor.py:183} INFO - Processing /opt/airflow/dags/pipeline_dag.py took 0.364 seconds
[2026-05-06T14:38:56.204+0000] {processor.py:161} INFO - Started process (PID=3063) to work on /opt/airflow/dags/pipeline_dag.py
[2026-05-06T14:38:56.209+0000] {processor.py:830} INFO - Processing file /opt/airflow/dags/pipeline_dag.py for tasks to queue
[2026-05-06T14:38:56.217+0000] {logging_mixin.py:188} INFO - [2026-05-06T14:38:56.215+0000] {dagbag.py:545} INFO - Filling up the DagBag from /opt/airflow/dags/pipeline_dag.py
[2026-05-06T14:38:56.277+0000] {processor.py:840} INFO - DAG(s) 'ecommerce_pipeline' retrieved from /opt/airflow/dags/pipeline_dag.py
[2026-05-06T14:38:56.358+0000] {logging_mixin.py:188} INFO - [2026-05-06T14:38:56.358+0000] {dag.py:3096} INFO - Sync 1 DAGs
[2026-05-06T14:38:56.386+0000] {logging_mixin.py:188} INFO - [2026-05-06T14:38:56.386+0000] {dag.py:3954} INFO - Setting next_dagrun for ecommerce_pipeline to 2026-05-06 00:00:00+00:00, run_after=2026-05-07 00:00:00+00:00
[2026-05-06T14:38:56.415+0000] {processor.py:183} INFO - Processing /opt/airflow/dags/pipeline_dag.py took 0.247 seconds
[2026-05-06T14:39:26.823+0000] {processor.py:161} INFO - Started process (PID=3068) to work on /opt/airflow/dags/pipeline_dag.py
[2026-05-06T14:39:26.826+0000] {processor.py:830} INFO - Processing file /opt/airflow/dags/pipeline_dag.py for tasks to queue
[2026-05-06T14:39:26.833+0000] {logging_mixin.py:188} INFO - [2026-05-06T14:39:26.832+0000] {dagbag.py:545} INFO - Filling up the DagBag from /opt/airflow/dags/pipeline_dag.py
[2026-05-06T14:39:26.921+0000] {processor.py:840} INFO - DAG(s) 'ecommerce_pipeline' retrieved from /opt/airflow/dags/pipeline_dag.py
[2026-05-06T14:39:27.018+0000] {logging_mixin.py:188} INFO - [2026-05-06T14:39:27.018+0000] {dag.py:3096} INFO - Sync 1 DAGs
[2026-05-06T14:39:27.086+0000] {logging_mixin.py:188} INFO - [2026-05-06T14:39:27.086+0000] {dag.py:3954} INFO - Setting next_dagrun for ecommerce_pipeline to 2026-05-06 00:00:00+00:00, run_after=2026-05-07 00:00:00+00:00
[2026-05-06T14:39:27.119+0000] {processor.py:183} INFO - Processing /opt/airflow/dags/pipeline_dag.py took 0.322 seconds
[2026-05-06T14:39:59.798+0000] {processor.py:161} INFO - Started process (PID=3073) to work on /opt/airflow/dags/pipeline_dag.py
[2026-05-06T14:39:59.935+0000] {processor.py:830} INFO - Processing file /opt/airflow/dags/pipeline_dag.py for tasks to queue
[2026-05-06T14:39:59.955+0000] {logging_mixin.py:188} INFO - [2026-05-06T14:39:59.953+0000] {dagbag.py:545} INFO - Filling up the DagBag from /opt/airflow/dags/pipeline_dag.py
[2026-05-06T14:40:00.477+0000] {processor.py:840} INFO - DAG(s) 'ecommerce_pipeline' retrieved from /opt/airflow/dags/pipeline_dag.py
[2026-05-06T14:40:02.095+0000] {logging_mixin.py:188} INFO - [2026-05-06T14:40:02.094+0000] {dag.py:3096} INFO - Sync 1 DAGs
[2026-05-06T14:40:02.622+0000] {logging_mixin.py:188} INFO - [2026-05-06T14:40:02.610+0000] {dag.py:3954} INFO - Setting next_dagrun for ecommerce_pipeline to 2026-05-06 00:00:00+00:00, run_after=2026-05-07 00:00:00+00:00
[2026-05-06T14:40:03.210+0000] {processor.py:183} INFO - Processing /opt/airflow/dags/pipeline_dag.py took 3.429 seconds
[2026-05-06T14:40:35.388+0000] {processor.py:161} INFO - Started process (PID=3078) to work on /opt/airflow/dags/pipeline_dag.py
[2026-05-06T14:40:35.423+0000] {processor.py:830} INFO - Processing file /opt/airflow/dags/pipeline_dag.py for tasks to queue
[2026-05-06T14:40:35.566+0000] {logging_mixin.py:188} INFO - [2026-05-06T14:40:35.533+0000] {dagbag.py:545} INFO - Filling up the DagBag from /opt/airflow/dags/pipeline_dag.py
[2026-05-06T14:40:38.469+0000] {processor.py:840} INFO - DAG(s) 'ecommerce_pipeline' retrieved from /opt/airflow/dags/pipeline_dag.py
[2026-05-06T14:40:42.349+0000] {logging_mixin.py:188} INFO - [2026-05-06T14:40:42.342+0000] {dag.py:3096} INFO - Sync 1 DAGs
[2026-05-06T14:40:42.660+0000] {logging_mixin.py:188} INFO - [2026-05-06T14:40:42.659+0000] {dag.py:3954} INFO - Setting next_dagrun for ecommerce_pipeline to 2026-05-06 00:00:00+00:00, run_after=2026-05-07 00:00:00+00:00
[2026-05-06T14:40:43.077+0000] {processor.py:183} INFO - Processing /opt/airflow/dags/pipeline_dag.py took 7.762 seconds
[2026-05-06T14:41:15.387+0000] {processor.py:161} INFO - Started process (PID=3083) to work on /opt/airflow/dags/pipeline_dag.py
[2026-05-06T14:41:15.414+0000] {processor.py:830} INFO - Processing file /opt/airflow/dags/pipeline_dag.py for tasks to queue
[2026-05-06T14:41:15.481+0000] {logging_mixin.py:188} INFO - [2026-05-06T14:41:15.455+0000] {dagbag.py:545} INFO - Filling up the DagBag from /opt/airflow/dags/pipeline_dag.py
[2026-05-06T14:41:16.236+0000] {processor.py:840} INFO - DAG(s) 'ecommerce_pipeline' retrieved from /opt/airflow/dags/pipeline_dag.py
[2026-05-06T14:41:16.783+0000] {logging_mixin.py:188} INFO - [2026-05-06T14:41:16.782+0000] {dag.py:3096} INFO - Sync 1 DAGs
[2026-05-06T14:41:17.175+0000] {logging_mixin.py:188} INFO - [2026-05-06T14:41:17.172+0000] {dag.py:3954} INFO - Setting next_dagrun for ecommerce_pipeline to 2026-05-06 00:00:00+00:00, run_after=2026-05-07 00:00:00+00:00
[2026-05-06T14:41:17.444+0000] {processor.py:183} INFO - Processing /opt/airflow/dags/pipeline_dag.py took 2.285 seconds
[2026-05-06T14:41:48.587+0000] {processor.py:161} INFO - Started process (PID=3088) to work on /opt/airflow/dags/pipeline_dag.py
[2026-05-06T14:41:48.592+0000] {processor.py:830} INFO - Processing file /opt/airflow/dags/pipeline_dag.py for tasks to queue
[2026-05-06T14:41:48.607+0000] {logging_mixin.py:188} INFO - [2026-05-06T14:41:48.605+0000] {dagbag.py:545} INFO - Filling up the DagBag from /opt/airflow/dags/pipeline_dag.py
[2026-05-06T14:41:48.982+0000] {processor.py:840} INFO - DAG(s) 'ecommerce_pipeline' retrieved from /opt/airflow/dags/pipeline_dag.py
[2026-05-06T14:41:49.824+0000] {logging_mixin.py:188} INFO - [2026-05-06T14:41:49.824+0000] {dag.py:3096} INFO - Sync 1 DAGs
[2026-05-06T14:41:49.905+0000] {logging_mixin.py:188} INFO - [2026-05-06T14:41:49.904+0000] {dag.py:3954} INFO - Setting next_dagrun for ecommerce_pipeline to 2026-05-06 00:00:00+00:00, run_after=2026-05-07 00:00:00+00:00
[2026-05-06T14:41:49.957+0000] {processor.py:183} INFO - Processing /opt/airflow/dags/pipeline_dag.py took 1.520 seconds
[2026-05-06T14:42:21.370+0000] {processor.py:161} INFO - Started process (PID=3093) to work on /opt/airflow/dags/pipeline_dag.py
[2026-05-06T14:42:21.447+0000] {processor.py:830} INFO - Processing file /opt/airflow/dags/pipeline_dag.py for tasks to queue
[2026-05-06T14:42:21.488+0000] {logging_mixin.py:188} INFO - [2026-05-06T14:42:21.478+0000] {dagbag.py:545} INFO - Filling up the DagBag from /opt/airflow/dags/pipeline_dag.py
[2026-05-06T14:42:21.935+0000] {processor.py:840} INFO - DAG(s) 'ecommerce_pipeline' retrieved from /opt/airflow/dags/pipeline_dag.py
[2026-05-06T14:42:23.010+0000] {logging_mixin.py:188} INFO - [2026-05-06T14:42:23.009+0000] {dag.py:3096} INFO - Sync 1 DAGs
[2026-05-06T14:42:23.296+0000] {logging_mixin.py:188} INFO - [2026-05-06T14:42:23.296+0000] {dag.py:3954} INFO - Setting next_dagrun for ecommerce_pipeline to 2026-05-06 00:00:00+00:00, run_after=2026-05-07 00:00:00+00:00
[2026-05-06T14:42:23.618+0000] {processor.py:183} INFO - Processing /opt/airflow/dags/pipeline_dag.py took 2.397 seconds
[2026-05-06T14:42:58.673+0000] {processor.py:161} INFO - Started process (PID=3098) to work on /opt/airflow/dags/pipeline_dag.py
[2026-05-06T14:42:58.715+0000] {processor.py:830} INFO - Processing file /opt/airflow/dags/pipeline_dag.py for tasks to queue
[2026-05-06T14:42:58.961+0000] {logging_mixin.py:188} INFO - [2026-05-06T14:42:58.958+0000] {dagbag.py:545} INFO - Filling up the DagBag from /opt/airflow/dags/pipeline_dag.py
[2026-05-06T14:43:00.868+0000] {processor.py:840} INFO - DAG(s) 'ecommerce_pipeline' retrieved from /opt/airflow/dags/pipeline_dag.py
[2026-05-06T14:43:01.747+0000] {logging_mixin.py:188} INFO - [2026-05-06T14:43:01.745+0000] {dag.py:3096} INFO - Sync 1 DAGs
[2026-05-06T14:43:02.175+0000] {logging_mixin.py:188} INFO - [2026-05-06T14:43:02.174+0000] {dag.py:3954} INFO - Setting next_dagrun for ecommerce_pipeline to 2026-05-06 00:00:00+00:00, run_after=2026-05-07 00:00:00+00:00
[2026-05-06T14:43:02.964+0000] {processor.py:183} INFO - Processing /opt/airflow/dags/pipeline_dag.py took 6.486 seconds
[2026-05-06T14:43:34.157+0000] {processor.py:161} INFO - Started process (PID=3103) to work on /opt/airflow/dags/pipeline_dag.py
[2026-05-06T14:43:34.174+0000] {processor.py:830} INFO - Processing file /opt/airflow/dags/pipeline_dag.py for tasks to queue
[2026-05-06T14:43:34.270+0000] {logging_mixin.py:188} INFO - [2026-05-06T14:43:34.250+0000] {dagbag.py:545} INFO - Filling up the DagBag from /opt/airflow/dags/pipeline_dag.py
[2026-05-06T14:43:34.778+0000] {processor.py:840} INFO - DAG(s) 'ecommerce_pipeline' retrieved from /opt/airflow/dags/pipeline_dag.py
[2026-05-06T14:43:35.321+0000] {logging_mixin.py:188} INFO - [2026-05-06T14:43:35.320+0000] {dag.py:3096} INFO - Sync 1 DAGs
[2026-05-06T14:43:35.955+0000] {logging_mixin.py:188} INFO - [2026-05-06T14:43:35.950+0000] {dag.py:3954} INFO - Setting next_dagrun for ecommerce_pipeline to 2026-05-06 00:00:00+00:00, run_after=2026-05-07 00:00:00+00:00
[2026-05-06T14:43:36.578+0000] {processor.py:183} INFO - Processing /opt/airflow/dags/pipeline_dag.py took 2.456 seconds
[2026-05-06T14:44:08.067+0000] {processor.py:161} INFO - Started process (PID=3108) to work on /opt/airflow/dags/pipeline_dag.py
[2026-05-06T14:44:08.126+0000] {processor.py:830} INFO - Processing file /opt/airflow/dags/pipeline_dag.py for tasks to queue
[2026-05-06T14:44:08.134+0000] {logging_mixin.py:188} INFO - [2026-05-06T14:44:08.132+0000] {dagbag.py:545} INFO - Filling up the DagBag from /opt/airflow/dags/pipeline_dag.py
[2026-05-06T14:44:08.280+0000] {processor.py:840} INFO - DAG(s) 'ecommerce_pipeline' retrieved from /opt/airflow/dags/pipeline_dag.py
[2026-05-06T14:44:08.724+0000] {logging_mixin.py:188} INFO - [2026-05-06T14:44:08.723+0000] {dag.py:3096} INFO - Sync 1 DAGs
[2026-05-06T14:44:08.824+0000] {logging_mixin.py:188} INFO - [2026-05-06T14:44:08.823+0000] {dag.py:3954} INFO - Setting next_dagrun for ecommerce_pipeline to 2026-05-06 00:00:00+00:00, run_after=2026-05-07 00:00:00+00:00
[2026-05-06T14:44:09.268+0000] {processor.py:183} INFO - Processing /opt/airflow/dags/pipeline_dag.py took 1.348 seconds
[2026-05-06T14:44:42.070+0000] {processor.py:161} INFO - Started process (PID=3113) to work on /opt/airflow/dags/pipeline_dag.py
[2026-05-06T14:44:42.093+0000] {processor.py:830} INFO - Processing file /opt/airflow/dags/pipeline_dag.py for tasks to queue
[2026-05-06T14:44:42.117+0000] {logging_mixin.py:188} INFO - [2026-05-06T14:44:42.113+0000] {dagbag.py:545} INFO - Filling up the DagBag from /opt/airflow/dags/pipeline_dag.py
[2026-05-06T14:44:42.388+0000] {processor.py:840} INFO - DAG(s) 'ecommerce_pipeline' retrieved from /opt/airflow/dags/pipeline_dag.py
[2026-05-06T14:44:43.818+0000] {logging_mixin.py:188} INFO - [2026-05-06T14:44:43.817+0000] {dag.py:3096} INFO - Sync 1 DAGs
[2026-05-06T14:44:44.539+0000] {logging_mixin.py:188} INFO - [2026-05-06T14:44:44.538+0000] {dag.py:3954} INFO - Setting next_dagrun for ecommerce_pipeline to 2026-05-06 00:00:00+00:00, run_after=2026-05-07 00:00:00+00:00
[2026-05-06T14:44:44.925+0000] {processor.py:183} INFO - Processing /opt/airflow/dags/pipeline_dag.py took 2.895 seconds
[2026-05-06T14:45:16.888+0000] {processor.py:161} INFO - Started process (PID=3118) to work on /opt/airflow/dags/pipeline_dag.py
[2026-05-06T14:45:16.913+0000] {processor.py:830} INFO - Processing file /opt/airflow/dags/pipeline_dag.py for tasks to queue
[2026-05-06T14:45:17.065+0000] {logging_mixin.py:188} INFO - [2026-05-06T14:45:17.022+0000] {dagbag.py:545} INFO - Filling up the DagBag from /opt/airflow/dags/pipeline_dag.py
[2026-05-06T14:45:18.026+0000] {processor.py:840} INFO - DAG(s) 'ecommerce_pipeline' retrieved from /opt/airflow/dags/pipeline_dag.py
[2026-05-06T14:45:25.363+0000] {logging_mixin.py:188} INFO - [2026-05-06T14:45:25.346+0000] {dag.py:3096} INFO - Sync 1 DAGs
[2026-05-06T14:45:28.752+0000] {logging_mixin.py:188} INFO - [2026-05-06T14:45:28.751+0000] {dag.py:3954} INFO - Setting next_dagrun for ecommerce_pipeline to 2026-05-06 00:00:00+00:00, run_after=2026-05-07 00:00:00+00:00
[2026-05-06T14:45:28.879+0000] {processor.py:183} INFO - Processing /opt/airflow/dags/pipeline_dag.py took 9.230 seconds
[2026-05-06T14:46:00.852+0000] {processor.py:161} INFO - Started process (PID=3123) to work on /opt/airflow/dags/pipeline_dag.py
[2026-05-06T14:46:00.855+0000] {processor.py:830} INFO - Processing file /opt/airflow/dags/pipeline_dag.py for tasks to queue
[2026-05-06T14:46:00.867+0000] {logging_mixin.py:188} INFO - [2026-05-06T14:46:00.866+0000] {dagbag.py:545} INFO - Filling up the DagBag from /opt/airflow/dags/pipeline_dag.py
[2026-05-06T14:46:00.957+0000] {processor.py:840} INFO - DAG(s) 'ecommerce_pipeline' retrieved from /opt/airflow/dags/pipeline_dag.py
[2026-05-06T14:46:01.080+0000] {logging_mixin.py:188} INFO - [2026-05-06T14:46:01.080+0000] {dag.py:3096} INFO - Sync 1 DAGs
[2026-05-06T14:46:01.137+0000] {logging_mixin.py:188} INFO - [2026-05-06T14:46:01.137+0000] {dag.py:3954} INFO - Setting next_dagrun for ecommerce_pipeline to 2026-05-06 00:00:00+00:00, run_after=2026-05-07 00:00:00+00:00
[2026-05-06T14:46:01.176+0000] {processor.py:183} INFO - Processing /opt/airflow/dags/pipeline_dag.py took 0.352 seconds
[2026-05-06T14:46:34.013+0000] {processor.py:161} INFO - Started process (PID=3128) to work on /opt/airflow/dags/pipeline_dag.py
[2026-05-06T14:46:34.015+0000] {processor.py:830} INFO - Processing file /opt/airflow/dags/pipeline_dag.py for tasks to queue
[2026-05-06T14:46:34.019+0000] {logging_mixin.py:188} INFO - [2026-05-06T14:46:34.019+0000] {dagbag.py:545} INFO - Filling up the DagBag from /opt/airflow/dags/pipeline_dag.py
[2026-05-06T14:46:34.049+0000] {processor.py:840} INFO - DAG(s) 'ecommerce_pipeline' retrieved from /opt/airflow/dags/pipeline_dag.py
[2026-05-06T14:46:34.095+0000] {logging_mixin.py:188} INFO - [2026-05-06T14:46:34.094+0000] {dag.py:3096} INFO - Sync 1 DAGs
[2026-05-06T14:46:34.134+0000] {logging_mixin.py:188} INFO - [2026-05-06T14:46:34.134+0000] {dag.py:3954} INFO - Setting next_dagrun for ecommerce_pipeline to 2026-05-06 00:00:00+00:00, run_after=2026-05-07 00:00:00+00:00
[2026-05-06T14:46:34.168+0000] {processor.py:183} INFO - Processing /opt/airflow/dags/pipeline_dag.py took 0.165 seconds
[2026-05-06T14:47:06.422+0000] {processor.py:161} INFO - Started process (PID=3133) to work on /opt/airflow/dags/pipeline_dag.py
[2026-05-06T14:47:06.424+0000] {processor.py:830} INFO - Processing file /opt/airflow/dags/pipeline_dag.py for tasks to queue
[2026-05-06T14:47:06.425+0000] {logging_mixin.py:188} INFO - [2026-05-06T14:47:06.425+0000] {dagbag.py:545} INFO - Filling up the DagBag from /opt/airflow/dags/pipeline_dag.py
[2026-05-06T14:47:06.454+0000] {processor.py:840} INFO - DAG(s) 'ecommerce_pipeline' retrieved from /opt/airflow/dags/pipeline_dag.py
[2026-05-06T14:47:06.501+0000] {logging_mixin.py:188} INFO - [2026-05-06T14:47:06.500+0000] {dag.py:3096} INFO - Sync 1 DAGs
[2026-05-06T14:47:06.522+0000] {logging_mixin.py:188} INFO - [2026-05-06T14:47:06.522+0000] {dag.py:3954} INFO - Setting next_dagrun for ecommerce_pipeline to 2026-05-06 00:00:00+00:00, run_after=2026-05-07 00:00:00+00:00
[2026-05-06T14:47:06.548+0000] {processor.py:183} INFO - Processing /opt/airflow/dags/pipeline_dag.py took 0.133 seconds
[2026-05-06T14:47:41.919+0000] {processor.py:161} INFO - Started process (PID=3138) to work on /opt/airflow/dags/pipeline_dag.py
[2026-05-06T14:47:41.927+0000] {processor.py:830} INFO - Processing file /opt/airflow/dags/pipeline_dag.py for tasks to queue
[2026-05-06T14:47:41.947+0000] {logging_mixin.py:188} INFO - [2026-05-06T14:47:41.946+0000] {dagbag.py:545} INFO - Filling up the DagBag from /opt/airflow/dags/pipeline_dag.py
[2026-05-06T14:47:46.288+0000] {processor.py:840} INFO - DAG(s) 'ecommerce_pipeline' retrieved from /opt/airflow/dags/pipeline_dag.py
[2026-05-06T14:47:46.984+0000] {logging_mixin.py:188} INFO - [2026-05-06T14:47:46.983+0000] {dag.py:3096} INFO - Sync 1 DAGs
[2026-05-06T14:47:47.174+0000] {logging_mixin.py:188} INFO - [2026-05-06T14:47:47.173+0000] {dag.py:3954} INFO - Setting next_dagrun for ecommerce_pipeline to 2026-05-06 00:00:00+00:00, run_after=2026-05-07 00:00:00+00:00
[2026-05-06T14:47:47.311+0000] {processor.py:183} INFO - Processing /opt/airflow/dags/pipeline_dag.py took 5.476 seconds
[2026-05-06T14:48:17.608+0000] {processor.py:161} INFO - Started process (PID=3143) to work on /opt/airflow/dags/pipeline_dag.py
[2026-05-06T14:48:17.610+0000] {processor.py:830} INFO - Processing file /opt/airflow/dags/pipeline_dag.py for tasks to queue
[2026-05-06T14:48:17.625+0000] {logging_mixin.py:188} INFO - [2026-05-06T14:48:17.624+0000] {dagbag.py:545} INFO - Filling up the DagBag from /opt/airflow/dags/pipeline_dag.py
[2026-05-06T14:48:17.777+0000] {processor.py:840} INFO - DAG(s) 'ecommerce_pipeline' retrieved from /opt/airflow/dags/pipeline_dag.py
[2026-05-06T14:48:18.107+0000] {logging_mixin.py:188} INFO - [2026-05-06T14:48:18.106+0000] {dag.py:3096} INFO - Sync 1 DAGs
[2026-05-06T14:48:18.361+0000] {logging_mixin.py:188} INFO - [2026-05-06T14:48:18.358+0000] {dag.py:3954} INFO - Setting next_dagrun for ecommerce_pipeline to 2026-05-06 00:00:00+00:00, run_after=2026-05-07 00:00:00+00:00
[2026-05-06T14:48:18.513+0000] {processor.py:183} INFO - Processing /opt/airflow/dags/pipeline_dag.py took 0.938 seconds
[2026-05-06T14:48:53.274+0000] {processor.py:161} INFO - Started process (PID=3148) to work on /opt/airflow/dags/pipeline_dag.py
[2026-05-06T14:48:53.315+0000] {processor.py:830} INFO - Processing file /opt/airflow/dags/pipeline_dag.py for tasks to queue
[2026-05-06T14:48:53.374+0000] {logging_mixin.py:188} INFO - [2026-05-06T14:48:53.360+0000] {dagbag.py:545} INFO - Filling up the DagBag from /opt/airflow/dags/pipeline_dag.py
[2026-05-06T14:48:53.737+0000] {processor.py:840} INFO - DAG(s) 'ecommerce_pipeline' retrieved from /opt/airflow/dags/pipeline_dag.py
[2026-05-06T14:48:54.117+0000] {logging_mixin.py:188} INFO - [2026-05-06T14:48:54.116+0000] {dag.py:3096} INFO - Sync 1 DAGs
[2026-05-06T14:48:54.330+0000] {logging_mixin.py:188} INFO - [2026-05-06T14:48:54.329+0000] {dag.py:3954} INFO - Setting next_dagrun for ecommerce_pipeline to 2026-05-06 00:00:00+00:00, run_after=2026-05-07 00:00:00+00:00
[2026-05-06T14:48:54.525+0000] {processor.py:183} INFO - Processing /opt/airflow/dags/pipeline_dag.py took 1.465 seconds
[2026-05-06T14:49:24.865+0000] {processor.py:161} INFO - Started process (PID=3153) to work on /opt/airflow/dags/pipeline_dag.py
[2026-05-06T14:49:24.866+0000] {processor.py:830} INFO - Processing file /opt/airflow/dags/pipeline_dag.py for tasks to queue
[2026-05-06T14:49:24.872+0000] {logging_mixin.py:188} INFO - [2026-05-06T14:49:24.871+0000] {dagbag.py:545} INFO - Filling up the DagBag from /opt/airflow/dags/pipeline_dag.py
[2026-05-06T14:49:24.910+0000] {processor.py:840} INFO - DAG(s) 'ecommerce_pipeline' retrieved from /opt/airflow/dags/pipeline_dag.py
[2026-05-06T14:49:24.978+0000] {logging_mixin.py:188} INFO - [2026-05-06T14:49:24.978+0000] {dag.py:3096} INFO - Sync 1 DAGs
[2026-05-06T14:49:25.017+0000] {logging_mixin.py:188} INFO - [2026-05-06T14:49:25.017+0000] {dag.py:3954} INFO - Setting next_dagrun for ecommerce_pipeline to 2026-05-06 00:00:00+00:00, run_after=2026-05-07 00:00:00+00:00
[2026-05-06T14:49:25.064+0000] {processor.py:183} INFO - Processing /opt/airflow/dags/pipeline_dag.py took 0.209 seconds
[2026-05-06T14:49:58.606+0000] {processor.py:161} INFO - Started process (PID=3158) to work on /opt/airflow/dags/pipeline_dag.py
[2026-05-06T14:49:58.609+0000] {processor.py:830} INFO - Processing file /opt/airflow/dags/pipeline_dag.py for tasks to queue
[2026-05-06T14:49:58.624+0000] {logging_mixin.py:188} INFO - [2026-05-06T14:49:58.622+0000] {dagbag.py:545} INFO - Filling up the DagBag from /opt/airflow/dags/pipeline_dag.py
[2026-05-06T14:49:58.729+0000] {processor.py:840} INFO - DAG(s) 'ecommerce_pipeline' retrieved from /opt/airflow/dags/pipeline_dag.py
[2026-05-06T14:49:58.838+0000] {logging_mixin.py:188} INFO - [2026-05-06T14:49:58.838+0000] {dag.py:3096} INFO - Sync 1 DAGs
[2026-05-06T14:49:58.893+0000] {logging_mixin.py:188} INFO - [2026-05-06T14:49:58.893+0000] {dag.py:3954} INFO - Setting next_dagrun for ecommerce_pipeline to 2026-05-06 00:00:00+00:00, run_after=2026-05-07 00:00:00+00:00
[2026-05-06T14:49:58.952+0000] {processor.py:183} INFO - Processing /opt/airflow/dags/pipeline_dag.py took 0.375 seconds
[2026-05-06T14:50:30.919+0000] {processor.py:161} INFO - Started process (PID=3163) to work on /opt/airflow/dags/pipeline_dag.py
[2026-05-06T14:50:30.920+0000] {processor.py:830} INFO - Processing file /opt/airflow/dags/pipeline_dag.py for tasks to queue
[2026-05-06T14:50:30.925+0000] {logging_mixin.py:188} INFO - [2026-05-06T14:50:30.922+0000] {dagbag.py:545} INFO - Filling up the DagBag from /opt/airflow/dags/pipeline_dag.py
[2026-05-06T14:50:30.972+0000] {processor.py:840} INFO - DAG(s) 'ecommerce_pipeline' retrieved from /opt/airflow/dags/pipeline_dag.py
[2026-05-06T14:50:31.080+0000] {logging_mixin.py:188} INFO - [2026-05-06T14:50:31.080+0000] {dag.py:3096} INFO - Sync 1 DAGs
[2026-05-06T14:50:31.157+0000] {logging_mixin.py:188} INFO - [2026-05-06T14:50:31.153+0000] {dag.py:3954} INFO - Setting next_dagrun for ecommerce_pipeline to 2026-05-06 00:00:00+00:00, run_after=2026-05-07 00:00:00+00:00
[2026-05-06T14:50:31.339+0000] {processor.py:183} INFO - Processing /opt/airflow/dags/pipeline_dag.py took 0.442 seconds
[2026-05-06T14:51:03.598+0000] {processor.py:161} INFO - Started process (PID=3168) to work on /opt/airflow/dags/pipeline_dag.py
[2026-05-06T14:51:03.600+0000] {processor.py:830} INFO - Processing file /opt/airflow/dags/pipeline_dag.py for tasks to queue
[2026-05-06T14:51:03.605+0000] {logging_mixin.py:188} INFO - [2026-05-06T14:51:03.604+0000] {dagbag.py:545} INFO - Filling up the DagBag from /opt/airflow/dags/pipeline_dag.py
[2026-05-06T14:51:03.641+0000] {processor.py:840} INFO - DAG(s) 'ecommerce_pipeline' retrieved from /opt/airflow/dags/pipeline_dag.py
[2026-05-06T14:51:03.694+0000] {logging_mixin.py:188} INFO - [2026-05-06T14:51:03.694+0000] {dag.py:3096} INFO - Sync 1 DAGs
[2026-05-06T14:51:03.724+0000] {logging_mixin.py:188} INFO - [2026-05-06T14:51:03.724+0000] {dag.py:3954} INFO - Setting next_dagrun for ecommerce_pipeline to 2026-05-06 00:00:00+00:00, run_after=2026-05-07 00:00:00+00:00
[2026-05-06T14:51:03.752+0000] {processor.py:183} INFO - Processing /opt/airflow/dags/pipeline_dag.py took 0.162 seconds
[2026-05-06T14:51:37.072+0000] {processor.py:161} INFO - Started process (PID=3173) to work on /opt/airflow/dags/pipeline_dag.py
[2026-05-06T14:51:37.075+0000] {processor.py:830} INFO - Processing file /opt/airflow/dags/pipeline_dag.py for tasks to queue
[2026-05-06T14:51:37.088+0000] {logging_mixin.py:188} INFO - [2026-05-06T14:51:37.087+0000] {dagbag.py:545} INFO - Filling up the DagBag from /opt/airflow/dags/pipeline_dag.py
[2026-05-06T14:51:37.160+0000] {processor.py:840} INFO - DAG(s) 'ecommerce_pipeline' retrieved from /opt/airflow/dags/pipeline_dag.py
[2026-05-06T14:51:37.252+0000] {logging_mixin.py:188} INFO - [2026-05-06T14:51:37.252+0000] {dag.py:3096} INFO - Sync 1 DAGs
[2026-05-06T14:51:37.305+0000] {logging_mixin.py:188} INFO - [2026-05-06T14:51:37.305+0000] {dag.py:3954} INFO - Setting next_dagrun for ecommerce_pipeline to 2026-05-06 00:00:00+00:00, run_after=2026-05-07 00:00:00+00:00
[2026-05-06T14:51:37.359+0000] {processor.py:183} INFO - Processing /opt/airflow/dags/pipeline_dag.py took 0.320 seconds
[2026-05-06T14:52:09.264+0000] {processor.py:161} INFO - Started process (PID=3178) to work on /opt/airflow/dags/pipeline_dag.py
[2026-05-06T14:52:09.268+0000] {processor.py:830} INFO - Processing file /opt/airflow/dags/pipeline_dag.py for tasks to queue
[2026-05-06T14:52:09.270+0000] {logging_mixin.py:188} INFO - [2026-05-06T14:52:09.270+0000] {dagbag.py:545} INFO - Filling up the DagBag from /opt/airflow/dags/pipeline_dag.py
[2026-05-06T14:52:09.308+0000] {processor.py:840} INFO - DAG(s) 'ecommerce_pipeline' retrieved from /opt/airflow/dags/pipeline_dag.py
[2026-05-06T14:52:09.385+0000] {logging_mixin.py:188} INFO - [2026-05-06T14:52:09.385+0000] {dag.py:3096} INFO - Sync 1 DAGs
[2026-05-06T14:52:09.423+0000] {logging_mixin.py:188} INFO - [2026-05-06T14:52:09.423+0000] {dag.py:3954} INFO - Setting next_dagrun for ecommerce_pipeline to 2026-05-06 00:00:00+00:00, run_after=2026-05-07 00:00:00+00:00
[2026-05-06T14:52:09.463+0000] {processor.py:183} INFO - Processing /opt/airflow/dags/pipeline_dag.py took 0.217 seconds
[2026-05-06T14:52:42.627+0000] {processor.py:161} INFO - Started process (PID=3183) to work on /opt/airflow/dags/pipeline_dag.py
[2026-05-06T14:52:42.634+0000] {processor.py:830} INFO - Processing file /opt/airflow/dags/pipeline_dag.py for tasks to queue
[2026-05-06T14:52:42.638+0000] {logging_mixin.py:188} INFO - [2026-05-06T14:52:42.638+0000] {dagbag.py:545} INFO - Filling up the DagBag from /opt/airflow/dags/pipeline_dag.py
[2026-05-06T14:52:42.747+0000] {processor.py:840} INFO - DAG(s) 'ecommerce_pipeline' retrieved from /opt/airflow/dags/pipeline_dag.py
[2026-05-06T14:52:42.950+0000] {logging_mixin.py:188} INFO - [2026-05-06T14:52:42.948+0000] {dag.py:3096} INFO - Sync 1 DAGs
[2026-05-06T14:52:43.067+0000] {logging_mixin.py:188} INFO - [2026-05-06T14:52:43.067+0000] {dag.py:3954} INFO - Setting next_dagrun for ecommerce_pipeline to 2026-05-06 00:00:00+00:00, run_after=2026-05-07 00:00:00+00:00
[2026-05-06T14:52:43.160+0000] {processor.py:183} INFO - Processing /opt/airflow/dags/pipeline_dag.py took 0.563 seconds
[2026-05-06T14:53:15.041+0000] {processor.py:161} INFO - Started process (PID=3188) to work on /opt/airflow/dags/pipeline_dag.py
[2026-05-06T14:53:15.043+0000] {processor.py:830} INFO - Processing file /opt/airflow/dags/pipeline_dag.py for tasks to queue
[2026-05-06T14:53:15.049+0000] {logging_mixin.py:188} INFO - [2026-05-06T14:53:15.049+0000] {dagbag.py:545} INFO - Filling up the DagBag from /opt/airflow/dags/pipeline_dag.py
[2026-05-06T14:53:15.100+0000] {processor.py:840} INFO - DAG(s) 'ecommerce_pipeline' retrieved from /opt/airflow/dags/pipeline_dag.py
[2026-05-06T14:53:15.186+0000] {logging_mixin.py:188} INFO - [2026-05-06T14:53:15.186+0000] {dag.py:3096} INFO - Sync 1 DAGs
[2026-05-06T14:53:15.256+0000] {logging_mixin.py:188} INFO - [2026-05-06T14:53:15.256+0000] {dag.py:3954} INFO - Setting next_dagrun for ecommerce_pipeline to 2026-05-06 00:00:00+00:00, run_after=2026-05-07 00:00:00+00:00
[2026-05-06T14:53:15.325+0000] {processor.py:183} INFO - Processing /opt/airflow/dags/pipeline_dag.py took 0.294 seconds
[2026-05-06T14:53:48.912+0000] {processor.py:161} INFO - Started process (PID=3193) to work on /opt/airflow/dags/pipeline_dag.py
[2026-05-06T14:53:48.920+0000] {processor.py:830} INFO - Processing file /opt/airflow/dags/pipeline_dag.py for tasks to queue
[2026-05-06T14:53:48.943+0000] {logging_mixin.py:188} INFO - [2026-05-06T14:53:48.937+0000] {dagbag.py:545} INFO - Filling up the DagBag from /opt/airflow/dags/pipeline_dag.py
[2026-05-06T14:53:49.121+0000] {processor.py:840} INFO - DAG(s) 'ecommerce_pipeline' retrieved from /opt/airflow/dags/pipeline_dag.py
[2026-05-06T14:53:49.503+0000] {logging_mixin.py:188} INFO - [2026-05-06T14:53:49.501+0000] {dag.py:3096} INFO - Sync 1 DAGs
[2026-05-06T14:53:49.689+0000] {logging_mixin.py:188} INFO - [2026-05-06T14:53:49.689+0000] {dag.py:3954} INFO - Setting next_dagrun for ecommerce_pipeline to 2026-05-06 00:00:00+00:00, run_after=2026-05-07 00:00:00+00:00
[2026-05-06T14:53:49.846+0000] {processor.py:183} INFO - Processing /opt/airflow/dags/pipeline_dag.py took 0.996 seconds
[2026-05-06T14:54:21.227+0000] {processor.py:161} INFO - Started process (PID=3198) to work on /opt/airflow/dags/pipeline_dag.py
[2026-05-06T14:54:21.230+0000] {processor.py:830} INFO - Processing file /opt/airflow/dags/pipeline_dag.py for tasks to queue
[2026-05-06T14:54:21.243+0000] {logging_mixin.py:188} INFO - [2026-05-06T14:54:21.242+0000] {dagbag.py:545} INFO - Filling up the DagBag from /opt/airflow/dags/pipeline_dag.py
[2026-05-06T14:54:21.338+0000] {processor.py:840} INFO - DAG(s) 'ecommerce_pipeline' retrieved from /opt/airflow/dags/pipeline_dag.py
[2026-05-06T14:54:21.576+0000] {logging_mixin.py:188} INFO - [2026-05-06T14:54:21.572+0000] {dag.py:3096} INFO - Sync 1 DAGs
[2026-05-06T14:54:21.710+0000] {logging_mixin.py:188} INFO - [2026-05-06T14:54:21.710+0000] {dag.py:3954} INFO - Setting next_dagrun for ecommerce_pipeline to 2026-05-06 00:00:00+00:00, run_after=2026-05-07 00:00:00+00:00
[2026-05-06T14:54:21.863+0000] {processor.py:183} INFO - Processing /opt/airflow/dags/pipeline_dag.py took 0.672 seconds
[2026-05-06T14:54:53.894+0000] {processor.py:161} INFO - Started process (PID=3203) to work on /opt/airflow/dags/pipeline_dag.py
[2026-05-06T14:54:53.908+0000] {processor.py:830} INFO - Processing file /opt/airflow/dags/pipeline_dag.py for tasks to queue
[2026-05-06T14:54:53.918+0000] {logging_mixin.py:188} INFO - [2026-05-06T14:54:53.914+0000] {dagbag.py:545} INFO - Filling up the DagBag from /opt/airflow/dags/pipeline_dag.py
[2026-05-06T14:54:54.059+0000] {processor.py:840} INFO - DAG(s) 'ecommerce_pipeline' retrieved from /opt/airflow/dags/pipeline_dag.py
[2026-05-06T14:54:54.303+0000] {logging_mixin.py:188} INFO - [2026-05-06T14:54:54.303+0000] {dag.py:3096} INFO - Sync 1 DAGs
[2026-05-06T14:54:54.407+0000] {logging_mixin.py:188} INFO - [2026-05-06T14:54:54.404+0000] {dag.py:3954} INFO - Setting next_dagrun for ecommerce_pipeline to 2026-05-06 00:00:00+00:00, run_after=2026-05-07 00:00:00+00:00
[2026-05-06T14:54:54.534+0000] {processor.py:183} INFO - Processing /opt/airflow/dags/pipeline_dag.py took 0.670 seconds
[2026-05-06T14:55:26.998+0000] {processor.py:161} INFO - Started process (PID=3208) to work on /opt/airflow/dags/pipeline_dag.py
[2026-05-06T14:55:27.000+0000] {processor.py:830} INFO - Processing file /opt/airflow/dags/pipeline_dag.py for tasks to queue
[2026-05-06T14:55:27.005+0000] {logging_mixin.py:188} INFO - [2026-05-06T14:55:27.005+0000] {dagbag.py:545} INFO - Filling up the DagBag from /opt/airflow/dags/pipeline_dag.py
[2026-05-06T14:55:27.046+0000] {processor.py:840} INFO - DAG(s) 'ecommerce_pipeline' retrieved from /opt/airflow/dags/pipeline_dag.py
[2026-05-06T14:55:27.182+0000] {logging_mixin.py:188} INFO - [2026-05-06T14:55:27.182+0000] {dag.py:3096} INFO - Sync 1 DAGs
[2026-05-06T14:55:27.253+0000] {logging_mixin.py:188} INFO - [2026-05-06T14:55:27.253+0000] {dag.py:3954} INFO - Setting next_dagrun for ecommerce_pipeline to 2026-05-06 00:00:00+00:00, run_after=2026-05-07 00:00:00+00:00
[2026-05-06T14:55:27.597+0000] {processor.py:183} INFO - Processing /opt/airflow/dags/pipeline_dag.py took 0.617 seconds
[2026-05-06T14:55:59.968+0000] {processor.py:161} INFO - Started process (PID=3213) to work on /opt/airflow/dags/pipeline_dag.py
[2026-05-06T14:55:59.969+0000] {processor.py:830} INFO - Processing file /opt/airflow/dags/pipeline_dag.py for tasks to queue
[2026-05-06T14:55:59.971+0000] {logging_mixin.py:188} INFO - [2026-05-06T14:55:59.971+0000] {dagbag.py:545} INFO - Filling up the DagBag from /opt/airflow/dags/pipeline_dag.py
[2026-05-06T14:56:00.003+0000] {processor.py:840} INFO - DAG(s) 'ecommerce_pipeline' retrieved from /opt/airflow/dags/pipeline_dag.py
[2026-05-06T14:56:00.063+0000] {logging_mixin.py:188} INFO - [2026-05-06T14:56:00.063+0000] {dag.py:3096} INFO - Sync 1 DAGs
[2026-05-06T14:56:00.093+0000] {logging_mixin.py:188} INFO - [2026-05-06T14:56:00.093+0000] {dag.py:3954} INFO - Setting next_dagrun for ecommerce_pipeline to 2026-05-06 00:00:00+00:00, run_after=2026-05-07 00:00:00+00:00
[2026-05-06T14:56:00.121+0000] {processor.py:183} INFO - Processing /opt/airflow/dags/pipeline_dag.py took 0.159 seconds
[2026-05-06T14:56:32.416+0000] {processor.py:161} INFO - Started process (PID=3218) to work on /opt/airflow/dags/pipeline_dag.py
[2026-05-06T14:56:32.421+0000] {processor.py:830} INFO - Processing file /opt/airflow/dags/pipeline_dag.py for tasks to queue
[2026-05-06T14:56:32.433+0000] {logging_mixin.py:188} INFO - [2026-05-06T14:56:32.427+0000] {dagbag.py:545} INFO - Filling up the DagBag from /opt/airflow/dags/pipeline_dag.py
[2026-05-06T14:56:32.507+0000] {processor.py:840} INFO - DAG(s) 'ecommerce_pipeline' retrieved from /opt/airflow/dags/pipeline_dag.py
[2026-05-06T14:56:32.684+0000] {logging_mixin.py:188} INFO - [2026-05-06T14:56:32.683+0000] {dag.py:3096} INFO - Sync 1 DAGs
[2026-05-06T14:56:32.784+0000] {logging_mixin.py:188} INFO - [2026-05-06T14:56:32.782+0000] {dag.py:3954} INFO - Setting next_dagrun for ecommerce_pipeline to 2026-05-06 00:00:00+00:00, run_after=2026-05-07 00:00:00+00:00
[2026-05-06T14:56:32.830+0000] {processor.py:183} INFO - Processing /opt/airflow/dags/pipeline_dag.py took 0.447 seconds
[2026-05-06T14:57:05.224+0000] {processor.py:161} INFO - Started process (PID=3223) to work on /opt/airflow/dags/pipeline_dag.py
[2026-05-06T14:57:05.227+0000] {processor.py:830} INFO - Processing file /opt/airflow/dags/pipeline_dag.py for tasks to queue
[2026-05-06T14:57:05.230+0000] {logging_mixin.py:188} INFO - [2026-05-06T14:57:05.229+0000] {dagbag.py:545} INFO - Filling up the DagBag from /opt/airflow/dags/pipeline_dag.py
[2026-05-06T14:57:05.325+0000] {processor.py:840} INFO - DAG(s) 'ecommerce_pipeline' retrieved from /opt/airflow/dags/pipeline_dag.py
[2026-05-06T14:57:05.530+0000] {logging_mixin.py:188} INFO - [2026-05-06T14:57:05.528+0000] {dag.py:3096} INFO - Sync 1 DAGs
[2026-05-06T14:57:05.668+0000] {logging_mixin.py:188} INFO - [2026-05-06T14:57:05.667+0000] {dag.py:3954} INFO - Setting next_dagrun for ecommerce_pipeline to 2026-05-06 00:00:00+00:00, run_after=2026-05-07 00:00:00+00:00
[2026-05-06T14:57:05.729+0000] {processor.py:183} INFO - Processing /opt/airflow/dags/pipeline_dag.py took 0.514 seconds
[2026-05-06T14:57:37.979+0000] {processor.py:161} INFO - Started process (PID=3228) to work on /opt/airflow/dags/pipeline_dag.py
[2026-05-06T14:57:37.991+0000] {processor.py:830} INFO - Processing file /opt/airflow/dags/pipeline_dag.py for tasks to queue
[2026-05-06T14:57:38.014+0000] {logging_mixin.py:188} INFO - [2026-05-06T14:57:38.002+0000] {dagbag.py:545} INFO - Filling up the DagBag from /opt/airflow/dags/pipeline_dag.py
[2026-05-06T14:57:38.130+0000] {processor.py:840} INFO - DAG(s) 'ecommerce_pipeline' retrieved from /opt/airflow/dags/pipeline_dag.py
[2026-05-06T14:57:38.339+0000] {logging_mixin.py:188} INFO - [2026-05-06T14:57:38.339+0000] {dag.py:3096} INFO - Sync 1 DAGs
[2026-05-06T14:57:38.453+0000] {logging_mixin.py:188} INFO - [2026-05-06T14:57:38.452+0000] {dag.py:3954} INFO - Setting next_dagrun for ecommerce_pipeline to 2026-05-06 00:00:00+00:00, run_after=2026-05-07 00:00:00+00:00
[2026-05-06T14:57:38.599+0000] {processor.py:183} INFO - Processing /opt/airflow/dags/pipeline_dag.py took 0.662 seconds
[2026-05-06T14:58:11.150+0000] {processor.py:161} INFO - Started process (PID=3233) to work on /opt/airflow/dags/pipeline_dag.py
[2026-05-06T14:58:11.154+0000] {processor.py:830} INFO - Processing file /opt/airflow/dags/pipeline_dag.py for tasks to queue
[2026-05-06T14:58:11.161+0000] {logging_mixin.py:188} INFO - [2026-05-06T14:58:11.160+0000] {dagbag.py:545} INFO - Filling up the DagBag from /opt/airflow/dags/pipeline_dag.py
[2026-05-06T14:58:11.224+0000] {processor.py:840} INFO - DAG(s) 'ecommerce_pipeline' retrieved from /opt/airflow/dags/pipeline_dag.py
[2026-05-06T14:58:11.388+0000] {logging_mixin.py:188} INFO - [2026-05-06T14:58:11.387+0000] {dag.py:3096} INFO - Sync 1 DAGs
[2026-05-06T14:58:11.594+0000] {logging_mixin.py:188} INFO - [2026-05-06T14:58:11.589+0000] {dag.py:3954} INFO - Setting next_dagrun for ecommerce_pipeline to 2026-05-06 00:00:00+00:00, run_after=2026-05-07 00:00:00+00:00
[2026-05-06T14:58:11.742+0000] {processor.py:183} INFO - Processing /opt/airflow/dags/pipeline_dag.py took 0.619 seconds
[2026-05-06T14:58:44.197+0000] {processor.py:161} INFO - Started process (PID=3238) to work on /opt/airflow/dags/pipeline_dag.py
[2026-05-06T14:58:44.202+0000] {processor.py:830} INFO - Processing file /opt/airflow/dags/pipeline_dag.py for tasks to queue
[2026-05-06T14:58:44.210+0000] {logging_mixin.py:188} INFO - [2026-05-06T14:58:44.209+0000] {dagbag.py:545} INFO - Filling up the DagBag from /opt/airflow/dags/pipeline_dag.py
[2026-05-06T14:58:44.250+0000] {processor.py:840} INFO - DAG(s) 'ecommerce_pipeline' retrieved from /opt/airflow/dags/pipeline_dag.py
[2026-05-06T14:58:44.311+0000] {logging_mixin.py:188} INFO - [2026-05-06T14:58:44.310+0000] {dag.py:3096} INFO - Sync 1 DAGs
[2026-05-06T14:58:44.355+0000] {logging_mixin.py:188} INFO - [2026-05-06T14:58:44.353+0000] {dag.py:3954} INFO - Setting next_dagrun for ecommerce_pipeline to 2026-05-06 00:00:00+00:00, run_after=2026-05-07 00:00:00+00:00
[2026-05-06T14:58:44.390+0000] {processor.py:183} INFO - Processing /opt/airflow/dags/pipeline_dag.py took 0.209 seconds
[2026-05-06T14:59:16.610+0000] {processor.py:161} INFO - Started process (PID=3243) to work on /opt/airflow/dags/pipeline_dag.py
[2026-05-06T14:59:16.619+0000] {processor.py:830} INFO - Processing file /opt/airflow/dags/pipeline_dag.py for tasks to queue
[2026-05-06T14:59:16.645+0000] {logging_mixin.py:188} INFO - [2026-05-06T14:59:16.641+0000] {dagbag.py:545} INFO - Filling up the DagBag from /opt/airflow/dags/pipeline_dag.py
[2026-05-06T14:59:16.824+0000] {processor.py:840} INFO - DAG(s) 'ecommerce_pipeline' retrieved from /opt/airflow/dags/pipeline_dag.py
[2026-05-06T14:59:16.955+0000] {logging_mixin.py:188} INFO - [2026-05-06T14:59:16.955+0000] {dag.py:3096} INFO - Sync 1 DAGs
[2026-05-06T14:59:17.038+0000] {logging_mixin.py:188} INFO - [2026-05-06T14:59:17.038+0000] {dag.py:3954} INFO - Setting next_dagrun for ecommerce_pipeline to 2026-05-06 00:00:00+00:00, run_after=2026-05-07 00:00:00+00:00
[2026-05-06T14:59:17.112+0000] {processor.py:183} INFO - Processing /opt/airflow/dags/pipeline_dag.py took 0.542 seconds
[2026-05-06T14:59:49.610+0000] {processor.py:161} INFO - Started process (PID=3248) to work on /opt/airflow/dags/pipeline_dag.py
[2026-05-06T14:59:49.615+0000] {processor.py:830} INFO - Processing file /opt/airflow/dags/pipeline_dag.py for tasks to queue
[2026-05-06T14:59:49.627+0000] {logging_mixin.py:188} INFO - [2026-05-06T14:59:49.624+0000] {dagbag.py:545} INFO - Filling up the DagBag from /opt/airflow/dags/pipeline_dag.py
[2026-05-06T14:59:49.725+0000] {processor.py:840} INFO - DAG(s) 'ecommerce_pipeline' retrieved from /opt/airflow/dags/pipeline_dag.py
[2026-05-06T14:59:49.808+0000] {logging_mixin.py:188} INFO - [2026-05-06T14:59:49.808+0000] {dag.py:3096} INFO - Sync 1 DAGs
[2026-05-06T14:59:49.870+0000] {logging_mixin.py:188} INFO - [2026-05-06T14:59:49.870+0000] {dag.py:3954} INFO - Setting next_dagrun for ecommerce_pipeline to 2026-05-06 00:00:00+00:00, run_after=2026-05-07 00:00:00+00:00
[2026-05-06T14:59:49.904+0000] {processor.py:183} INFO - Processing /opt/airflow/dags/pipeline_dag.py took 0.329 seconds
[2026-05-06T15:00:23.004+0000] {processor.py:161} INFO - Started process (PID=3253) to work on /opt/airflow/dags/pipeline_dag.py
[2026-05-06T15:00:23.016+0000] {processor.py:830} INFO - Processing file /opt/airflow/dags/pipeline_dag.py for tasks to queue
[2026-05-06T15:00:23.033+0000] {logging_mixin.py:188} INFO - [2026-05-06T15:00:23.032+0000] {dagbag.py:545} INFO - Filling up the DagBag from /opt/airflow/dags/pipeline_dag.py
[2026-05-06T15:00:23.540+0000] {processor.py:840} INFO - DAG(s) 'ecommerce_pipeline' retrieved from /opt/airflow/dags/pipeline_dag.py
[2026-05-06T15:00:24.117+0000] {logging_mixin.py:188} INFO - [2026-05-06T15:00:24.116+0000] {dag.py:3096} INFO - Sync 1 DAGs
[2026-05-06T15:00:24.312+0000] {logging_mixin.py:188} INFO - [2026-05-06T15:00:24.307+0000] {dag.py:3954} INFO - Setting next_dagrun for ecommerce_pipeline to 2026-05-06 00:00:00+00:00, run_after=2026-05-07 00:00:00+00:00
[2026-05-06T15:00:24.443+0000] {processor.py:183} INFO - Processing /opt/airflow/dags/pipeline_dag.py took 1.650 seconds
[2026-05-06T15:00:55.728+0000] {processor.py:161} INFO - Started process (PID=3258) to work on /opt/airflow/dags/pipeline_dag.py
[2026-05-06T15:00:55.737+0000] {processor.py:830} INFO - Processing file /opt/airflow/dags/pipeline_dag.py for tasks to queue
[2026-05-06T15:00:55.747+0000] {logging_mixin.py:188} INFO - [2026-05-06T15:00:55.746+0000] {dagbag.py:545} INFO - Filling up the DagBag from /opt/airflow/dags/pipeline_dag.py
[2026-05-06T15:00:55.782+0000] {processor.py:840} INFO - DAG(s) 'ecommerce_pipeline' retrieved from /opt/airflow/dags/pipeline_dag.py
[2026-05-06T15:00:55.854+0000] {logging_mixin.py:188} INFO - [2026-05-06T15:00:55.853+0000] {dag.py:3096} INFO - Sync 1 DAGs
[2026-05-06T15:00:55.911+0000] {logging_mixin.py:188} INFO - [2026-05-06T15:00:55.909+0000] {dag.py:3954} INFO - Setting next_dagrun for ecommerce_pipeline to 2026-05-06 00:00:00+00:00, run_after=2026-05-07 00:00:00+00:00
[2026-05-06T15:00:56.021+0000] {processor.py:183} INFO - Processing /opt/airflow/dags/pipeline_dag.py took 0.301 seconds
[2026-05-06T15:01:26.489+0000] {processor.py:161} INFO - Started process (PID=3263) to work on /opt/airflow/dags/pipeline_dag.py
[2026-05-06T15:01:26.492+0000] {processor.py:830} INFO - Processing file /opt/airflow/dags/pipeline_dag.py for tasks to queue
[2026-05-06T15:01:26.495+0000] {logging_mixin.py:188} INFO - [2026-05-06T15:01:26.495+0000] {dagbag.py:545} INFO - Filling up the DagBag from /opt/airflow/dags/pipeline_dag.py
[2026-05-06T15:01:28.288+0000] {processor.py:840} INFO - DAG(s) 'ecommerce_pipeline' retrieved from /opt/airflow/dags/pipeline_dag.py
[2026-05-06T15:01:28.360+0000] {logging_mixin.py:188} INFO - [2026-05-06T15:01:28.360+0000] {dag.py:3096} INFO - Sync 1 DAGs
[2026-05-06T15:01:28.391+0000] {logging_mixin.py:188} INFO - [2026-05-06T15:01:28.390+0000] {dag.py:3954} INFO - Setting next_dagrun for ecommerce_pipeline to 2026-05-06 00:00:00+00:00, run_after=2026-05-07 00:00:00+00:00
[2026-05-06T15:01:28.442+0000] {processor.py:183} INFO - Processing /opt/airflow/dags/pipeline_dag.py took 0.204 seconds
[2026-05-06T15:02:02.064+0000] {processor.py:161} INFO - Started process (PID=3268) to work on /opt/airflow/dags/pipeline_dag.py
[2026-05-06T15:02:02.143+0000] {processor.py:830} INFO - Processing file /opt/airflow/dags/pipeline_dag.py for tasks to queue
[2026-05-06T15:02:02.148+0000] {logging_mixin.py:188} INFO - [2026-05-06T15:02:02.146+0000] {dagbag.py:545} INFO - Filling up the DagBag from /opt/airflow/dags/pipeline_dag.py
[2026-05-06T15:02:02.295+0000] {processor.py:840} INFO - DAG(s) 'ecommerce_pipeline' retrieved from /opt/airflow/dags/pipeline_dag.py
[2026-05-06T15:02:02.645+0000] {logging_mixin.py:188} INFO - [2026-05-06T15:02:02.645+0000] {dag.py:3096} INFO - Sync 1 DAGs
[2026-05-06T15:02:03.043+0000] {logging_mixin.py:188} INFO - [2026-05-06T15:02:03.042+0000] {dag.py:3954} INFO - Setting next_dagrun for ecommerce_pipeline to 2026-05-06 00:00:00+00:00, run_after=2026-05-07 00:00:00+00:00
[2026-05-06T15:02:03.126+0000] {processor.py:183} INFO - Processing /opt/airflow/dags/pipeline_dag.py took 1.078 seconds
[2026-05-06T15:02:34.254+0000] {processor.py:161} INFO - Started process (PID=3273) to work on /opt/airflow/dags/pipeline_dag.py
[2026-05-06T15:02:34.258+0000] {processor.py:830} INFO - Processing file /opt/airflow/dags/pipeline_dag.py for tasks to queue
[2026-05-06T15:02:34.261+0000] {logging_mixin.py:188} INFO - [2026-05-06T15:02:34.260+0000] {dagbag.py:545} INFO - Filling up the DagBag from /opt/airflow/dags/pipeline_dag.py
[2026-05-06T15:02:34.336+0000] {processor.py:840} INFO - DAG(s) 'ecommerce_pipeline' retrieved from /opt/airflow/dags/pipeline_dag.py
[2026-05-06T15:02:34.576+0000] {logging_mixin.py:188} INFO - [2026-05-06T15:02:34.576+0000] {dag.py:3096} INFO - Sync 1 DAGs
[2026-05-06T15:02:34.741+0000] {logging_mixin.py:188} INFO - [2026-05-06T15:02:34.740+0000] {dag.py:3954} INFO - Setting next_dagrun for ecommerce_pipeline to 2026-05-06 00:00:00+00:00, run_after=2026-05-07 00:00:00+00:00
[2026-05-06T15:02:34.861+0000] {processor.py:183} INFO - Processing /opt/airflow/dags/pipeline_dag.py took 0.629 seconds
[2026-05-06T15:03:07.382+0000] {processor.py:161} INFO - Started process (PID=3278) to work on /opt/airflow/dags/pipeline_dag.py
[2026-05-06T15:03:07.385+0000] {processor.py:830} INFO - Processing file /opt/airflow/dags/pipeline_dag.py for tasks to queue
[2026-05-06T15:03:07.392+0000] {logging_mixin.py:188} INFO - [2026-05-06T15:03:07.390+0000] {dagbag.py:545} INFO - Filling up the DagBag from /opt/airflow/dags/pipeline_dag.py
[2026-05-06T15:03:07.473+0000] {processor.py:840} INFO - DAG(s) 'ecommerce_pipeline' retrieved from /opt/airflow/dags/pipeline_dag.py
[2026-05-06T15:03:07.617+0000] {logging_mixin.py:188} INFO - [2026-05-06T15:03:07.617+0000] {dag.py:3096} INFO - Sync 1 DAGs
[2026-05-06T15:03:07.691+0000] {logging_mixin.py:188} INFO - [2026-05-06T15:03:07.690+0000] {dag.py:3954} INFO - Setting next_dagrun for ecommerce_pipeline to 2026-05-06 00:00:00+00:00, run_after=2026-05-07 00:00:00+00:00
[2026-05-06T15:03:07.809+0000] {processor.py:183} INFO - Processing /opt/airflow/dags/pipeline_dag.py took 0.446 seconds
[2026-05-06T15:03:40.084+0000] {processor.py:161} INFO - Started process (PID=3283) to work on /opt/airflow/dags/pipeline_dag.py
[2026-05-06T15:03:40.085+0000] {processor.py:830} INFO - Processing file /opt/airflow/dags/pipeline_dag.py for tasks to queue
[2026-05-06T15:03:40.087+0000] {logging_mixin.py:188} INFO - [2026-05-06T15:03:40.087+0000] {dagbag.py:545} INFO - Filling up the DagBag from /opt/airflow/dags/pipeline_dag.py
[2026-05-06T15:03:40.116+0000] {processor.py:840} INFO - DAG(s) 'ecommerce_pipeline' retrieved from /opt/airflow/dags/pipeline_dag.py
[2026-05-06T15:03:40.163+0000] {logging_mixin.py:188} INFO - [2026-05-06T15:03:40.163+0000] {dag.py:3096} INFO - Sync 1 DAGs
[2026-05-06T15:03:40.202+0000] {logging_mixin.py:188} INFO - [2026-05-06T15:03:40.202+0000] {dag.py:3954} INFO - Setting next_dagrun for ecommerce_pipeline to 2026-05-06 00:00:00+00:00, run_after=2026-05-07 00:00:00+00:00
[2026-05-06T15:03:40.235+0000] {processor.py:183} INFO - Processing /opt/airflow/dags/pipeline_dag.py took 0.160 seconds
[2026-05-06T15:04:13.263+0000] {processor.py:161} INFO - Started process (PID=3288) to work on /opt/airflow/dags/pipeline_dag.py
[2026-05-06T15:04:13.264+0000] {processor.py:830} INFO - Processing file /opt/airflow/dags/pipeline_dag.py for tasks to queue
[2026-05-06T15:04:13.266+0000] {logging_mixin.py:188} INFO - [2026-05-06T15:04:13.265+0000] {dagbag.py:545} INFO - Filling up the DagBag from /opt/airflow/dags/pipeline_dag.py
[2026-05-06T15:04:13.293+0000] {processor.py:840} INFO - DAG(s) 'ecommerce_pipeline' retrieved from /opt/airflow/dags/pipeline_dag.py
[2026-05-06T15:04:13.337+0000] {logging_mixin.py:188} INFO - [2026-05-06T15:04:13.337+0000] {dag.py:3096} INFO - Sync 1 DAGs
[2026-05-06T15:04:13.360+0000] {logging_mixin.py:188} INFO - [2026-05-06T15:04:13.359+0000] {dag.py:3954} INFO - Setting next_dagrun for ecommerce_pipeline to 2026-05-06 00:00:00+00:00, run_after=2026-05-07 00:00:00+00:00
[2026-05-06T15:04:13.390+0000] {processor.py:183} INFO - Processing /opt/airflow/dags/pipeline_dag.py took 0.134 seconds
[2026-05-06T15:04:46.396+0000] {processor.py:161} INFO - Started process (PID=3293) to work on /opt/airflow/dags/pipeline_dag.py
[2026-05-06T15:04:46.398+0000] {processor.py:830} INFO - Processing file /opt/airflow/dags/pipeline_dag.py for tasks to queue
[2026-05-06T15:04:46.401+0000] {logging_mixin.py:188} INFO - [2026-05-06T15:04:46.400+0000] {dagbag.py:545} INFO - Filling up the DagBag from /opt/airflow/dags/pipeline_dag.py
[2026-05-06T15:04:46.427+0000] {processor.py:840} INFO - DAG(s) 'ecommerce_pipeline' retrieved from /opt/airflow/dags/pipeline_dag.py
[2026-05-06T15:04:46.486+0000] {logging_mixin.py:188} INFO - [2026-05-06T15:04:46.486+0000] {dag.py:3096} INFO - Sync 1 DAGs
[2026-05-06T15:04:46.516+0000] {logging_mixin.py:188} INFO - [2026-05-06T15:04:46.516+0000] {dag.py:3954} INFO - Setting next_dagrun for ecommerce_pipeline to 2026-05-06 00:00:00+00:00, run_after=2026-05-07 00:00:00+00:00
[2026-05-06T15:04:46.554+0000] {processor.py:183} INFO - Processing /opt/airflow/dags/pipeline_dag.py took 0.169 seconds
[2026-05-06T15:05:18.656+0000] {processor.py:161} INFO - Started process (PID=3298) to work on /opt/airflow/dags/pipeline_dag.py
[2026-05-06T15:05:18.657+0000] {processor.py:830} INFO - Processing file /opt/airflow/dags/pipeline_dag.py for tasks to queue
[2026-05-06T15:05:18.659+0000] {logging_mixin.py:188} INFO - [2026-05-06T15:05:18.659+0000] {dagbag.py:545} INFO - Filling up the DagBag from /opt/airflow/dags/pipeline_dag.py
[2026-05-06T15:05:18.686+0000] {processor.py:840} INFO - DAG(s) 'ecommerce_pipeline' retrieved from /opt/airflow/dags/pipeline_dag.py
[2026-05-06T15:05:18.731+0000] {logging_mixin.py:188} INFO - [2026-05-06T15:05:18.731+0000] {dag.py:3096} INFO - Sync 1 DAGs
[2026-05-06T15:05:18.759+0000] {logging_mixin.py:188} INFO - [2026-05-06T15:05:18.759+0000] {dag.py:3954} INFO - Setting next_dagrun for ecommerce_pipeline to 2026-05-06 00:00:00+00:00, run_after=2026-05-07 00:00:00+00:00
[2026-05-06T15:05:18.782+0000] {processor.py:183} INFO - Processing /opt/airflow/dags/pipeline_dag.py took 0.131 seconds
[2026-05-06T15:05:51.692+0000] {processor.py:161} INFO - Started process (PID=3303) to work on /opt/airflow/dags/pipeline_dag.py
[2026-05-06T15:05:51.693+0000] {processor.py:830} INFO - Processing file /opt/airflow/dags/pipeline_dag.py for tasks to queue
[2026-05-06T15:05:51.695+0000] {logging_mixin.py:188} INFO - [2026-05-06T15:05:51.695+0000] {dagbag.py:545} INFO - Filling up the DagBag from /opt/airflow/dags/pipeline_dag.py
[2026-05-06T15:05:51.726+0000] {processor.py:840} INFO - DAG(s) 'ecommerce_pipeline' retrieved from /opt/airflow/dags/pipeline_dag.py
[2026-05-06T15:05:51.778+0000] {logging_mixin.py:188} INFO - [2026-05-06T15:05:51.778+0000] {dag.py:3096} INFO - Sync 1 DAGs
[2026-05-06T15:05:51.807+0000] {logging_mixin.py:188} INFO - [2026-05-06T15:05:51.806+0000] {dag.py:3954} INFO - Setting next_dagrun for ecommerce_pipeline to 2026-05-06 00:00:00+00:00, run_after=2026-05-07 00:00:00+00:00
[2026-05-06T15:05:51.828+0000] {processor.py:183} INFO - Processing /opt/airflow/dags/pipeline_dag.py took 0.142 seconds
[2026-05-06T15:06:24.860+0000] {processor.py:161} INFO - Started process (PID=3308) to work on /opt/airflow/dags/pipeline_dag.py
[2026-05-06T15:06:24.861+0000] {processor.py:830} INFO - Processing file /opt/airflow/dags/pipeline_dag.py for tasks to queue
[2026-05-06T15:06:24.864+0000] {logging_mixin.py:188} INFO - [2026-05-06T15:06:24.863+0000] {dagbag.py:545} INFO - Filling up the DagBag from /opt/airflow/dags/pipeline_dag.py
[2026-05-06T15:06:24.893+0000] {processor.py:840} INFO - DAG(s) 'ecommerce_pipeline' retrieved from /opt/airflow/dags/pipeline_dag.py
[2026-05-06T15:06:24.938+0000] {logging_mixin.py:188} INFO - [2026-05-06T15:06:24.938+0000] {dag.py:3096} INFO - Sync 1 DAGs
[2026-05-06T15:06:24.961+0000] {logging_mixin.py:188} INFO - [2026-05-06T15:06:24.961+0000] {dag.py:3954} INFO - Setting next_dagrun for ecommerce_pipeline to 2026-05-06 00:00:00+00:00, run_after=2026-05-07 00:00:00+00:00
[2026-05-06T15:06:24.987+0000] {processor.py:183} INFO - Processing /opt/airflow/dags/pipeline_dag.py took 0.135 seconds
[2026-05-06T15:06:58.003+0000] {processor.py:161} INFO - Started process (PID=3313) to work on /opt/airflow/dags/pipeline_dag.py
[2026-05-06T15:06:58.005+0000] {processor.py:830} INFO - Processing file /opt/airflow/dags/pipeline_dag.py for tasks to queue
[2026-05-06T15:06:58.008+0000] {logging_mixin.py:188} INFO - [2026-05-06T15:06:58.007+0000] {dagbag.py:545} INFO - Filling up the DagBag from /opt/airflow/dags/pipeline_dag.py
[2026-05-06T15:06:58.065+0000] {processor.py:840} INFO - DAG(s) 'ecommerce_pipeline' retrieved from /opt/airflow/dags/pipeline_dag.py
[2026-05-06T15:06:58.157+0000] {logging_mixin.py:188} INFO - [2026-05-06T15:06:58.155+0000] {dag.py:3096} INFO - Sync 1 DAGs
[2026-05-06T15:06:58.217+0000] {logging_mixin.py:188} INFO - [2026-05-06T15:06:58.216+0000] {dag.py:3954} INFO - Setting next_dagrun for ecommerce_pipeline to 2026-05-06 00:00:00+00:00, run_after=2026-05-07 00:00:00+00:00
[2026-05-06T15:06:58.269+0000] {processor.py:183} INFO - Processing /opt/airflow/dags/pipeline_dag.py took 0.278 seconds
[2026-05-06T15:07:28.429+0000] {processor.py:161} INFO - Started process (PID=3318) to work on /opt/airflow/dags/pipeline_dag.py
[2026-05-06T15:07:28.431+0000] {processor.py:830} INFO - Processing file /opt/airflow/dags/pipeline_dag.py for tasks to queue
[2026-05-06T15:07:28.434+0000] {logging_mixin.py:188} INFO - [2026-05-06T15:07:28.434+0000] {dagbag.py:545} INFO - Filling up the DagBag from /opt/airflow/dags/pipeline_dag.py
[2026-05-06T15:07:30.219+0000] {processor.py:840} INFO - DAG(s) 'ecommerce_pipeline' retrieved from /opt/airflow/dags/pipeline_dag.py
[2026-05-06T15:07:30.264+0000] {logging_mixin.py:188} INFO - [2026-05-06T15:07:30.264+0000] {dag.py:3096} INFO - Sync 1 DAGs
[2026-05-06T15:07:30.290+0000] {logging_mixin.py:188} INFO - [2026-05-06T15:07:30.290+0000] {dag.py:3954} INFO - Setting next_dagrun for ecommerce_pipeline to 2026-05-06 00:00:00+00:00, run_after=2026-05-07 00:00:00+00:00
[2026-05-06T15:07:30.314+0000] {processor.py:183} INFO - Processing /opt/airflow/dags/pipeline_dag.py took 0.129 seconds
[2026-05-06T15:08:03.226+0000] {processor.py:161} INFO - Started process (PID=3323) to work on /opt/airflow/dags/pipeline_dag.py
[2026-05-06T15:08:03.227+0000] {processor.py:830} INFO - Processing file /opt/airflow/dags/pipeline_dag.py for tasks to queue
[2026-05-06T15:08:03.229+0000] {logging_mixin.py:188} INFO - [2026-05-06T15:08:03.228+0000] {dagbag.py:545} INFO - Filling up the DagBag from /opt/airflow/dags/pipeline_dag.py
[2026-05-06T15:08:03.253+0000] {processor.py:840} INFO - DAG(s) 'ecommerce_pipeline' retrieved from /opt/airflow/dags/pipeline_dag.py
[2026-05-06T15:08:03.294+0000] {logging_mixin.py:188} INFO - [2026-05-06T15:08:03.294+0000] {dag.py:3096} INFO - Sync 1 DAGs
[2026-05-06T15:08:03.318+0000] {logging_mixin.py:188} INFO - [2026-05-06T15:08:03.318+0000] {dag.py:3954} INFO - Setting next_dagrun for ecommerce_pipeline to 2026-05-06 00:00:00+00:00, run_after=2026-05-07 00:00:00+00:00
[2026-05-06T15:08:03.343+0000] {processor.py:183} INFO - Processing /opt/airflow/dags/pipeline_dag.py took 0.123 seconds
[2026-05-06T15:08:36.395+0000] {processor.py:161} INFO - Started process (PID=3328) to work on /opt/airflow/dags/pipeline_dag.py
[2026-05-06T15:08:36.396+0000] {processor.py:830} INFO - Processing file /opt/airflow/dags/pipeline_dag.py for tasks to queue
[2026-05-06T15:08:36.399+0000] {logging_mixin.py:188} INFO - [2026-05-06T15:08:36.398+0000] {dagbag.py:545} INFO - Filling up the DagBag from /opt/airflow/dags/pipeline_dag.py
[2026-05-06T15:08:36.427+0000] {processor.py:840} INFO - DAG(s) 'ecommerce_pipeline' retrieved from /opt/airflow/dags/pipeline_dag.py
[2026-05-06T15:08:36.483+0000] {logging_mixin.py:188} INFO - [2026-05-06T15:08:36.483+0000] {dag.py:3096} INFO - Sync 1 DAGs
[2026-05-06T15:08:36.517+0000] {logging_mixin.py:188} INFO - [2026-05-06T15:08:36.517+0000] {dag.py:3954} INFO - Setting next_dagrun for ecommerce_pipeline to 2026-05-06 00:00:00+00:00, run_after=2026-05-07 00:00:00+00:00
[2026-05-06T15:08:36.559+0000] {processor.py:183} INFO - Processing /opt/airflow/dags/pipeline_dag.py took 0.172 seconds
[2026-05-06T15:09:07.706+0000] {processor.py:161} INFO - Started process (PID=3333) to work on /opt/airflow/dags/pipeline_dag.py
[2026-05-06T15:09:07.707+0000] {processor.py:830} INFO - Processing file /opt/airflow/dags/pipeline_dag.py for tasks to queue
[2026-05-06T15:09:07.709+0000] {logging_mixin.py:188} INFO - [2026-05-06T15:09:07.709+0000] {dagbag.py:545} INFO - Filling up the DagBag from /opt/airflow/dags/pipeline_dag.py
[2026-05-06T15:09:07.733+0000] {processor.py:840} INFO - DAG(s) 'ecommerce_pipeline' retrieved from /opt/airflow/dags/pipeline_dag.py
[2026-05-06T15:09:07.778+0000] {logging_mixin.py:188} INFO - [2026-05-06T15:09:07.777+0000] {dag.py:3096} INFO - Sync 1 DAGs
[2026-05-06T15:09:07.804+0000] {logging_mixin.py:188} INFO - [2026-05-06T15:09:07.804+0000] {dag.py:3954} INFO - Setting next_dagrun for ecommerce_pipeline to 2026-05-06 00:00:00+00:00, run_after=2026-05-07 00:00:00+00:00
[2026-05-06T15:09:07.832+0000] {processor.py:183} INFO - Processing /opt/airflow/dags/pipeline_dag.py took 0.132 seconds
[2026-05-06T15:09:37.887+0000] {processor.py:161} INFO - Started process (PID=3338) to work on /opt/airflow/dags/pipeline_dag.py
[2026-05-06T15:09:37.888+0000] {processor.py:830} INFO - Processing file /opt/airflow/dags/pipeline_dag.py for tasks to queue
[2026-05-06T15:09:37.892+0000] {logging_mixin.py:188} INFO - [2026-05-06T15:09:37.891+0000] {dagbag.py:545} INFO - Filling up the DagBag from /opt/airflow/dags/pipeline_dag.py
[2026-05-06T15:09:37.923+0000] {processor.py:840} INFO - DAG(s) 'ecommerce_pipeline' retrieved from /opt/airflow/dags/pipeline_dag.py
[2026-05-06T15:09:37.968+0000] {logging_mixin.py:188} INFO - [2026-05-06T15:09:37.968+0000] {dag.py:3096} INFO - Sync 1 DAGs
[2026-05-06T15:09:37.993+0000] {logging_mixin.py:188} INFO - [2026-05-06T15:09:37.992+0000] {dag.py:3954} INFO - Setting next_dagrun for ecommerce_pipeline to 2026-05-06 00:00:00+00:00, run_after=2026-05-07 00:00:00+00:00
[2026-05-06T15:09:38.020+0000] {processor.py:183} INFO - Processing /opt/airflow/dags/pipeline_dag.py took 0.142 seconds
[2026-05-06T15:10:08.654+0000] {processor.py:161} INFO - Started process (PID=3343) to work on /opt/airflow/dags/pipeline_dag.py
[2026-05-06T15:10:08.655+0000] {processor.py:830} INFO - Processing file /opt/airflow/dags/pipeline_dag.py for tasks to queue
[2026-05-06T15:10:08.656+0000] {logging_mixin.py:188} INFO - [2026-05-06T15:10:08.656+0000] {dagbag.py:545} INFO - Filling up the DagBag from /opt/airflow/dags/pipeline_dag.py
[2026-05-06T15:10:08.680+0000] {processor.py:840} INFO - DAG(s) 'ecommerce_pipeline' retrieved from /opt/airflow/dags/pipeline_dag.py
[2026-05-06T15:10:08.721+0000] {logging_mixin.py:188} INFO - [2026-05-06T15:10:08.721+0000] {dag.py:3096} INFO - Sync 1 DAGs
[2026-05-06T15:10:08.739+0000] {logging_mixin.py:188} INFO - [2026-05-06T15:10:08.739+0000] {dag.py:3954} INFO - Setting next_dagrun for ecommerce_pipeline to 2026-05-06 00:00:00+00:00, run_after=2026-05-07 00:00:00+00:00
[2026-05-06T15:10:08.764+0000] {processor.py:183} INFO - Processing /opt/airflow/dags/pipeline_dag.py took 0.116 seconds
[2026-05-06T15:10:38.818+0000] {processor.py:161} INFO - Started process (PID=3348) to work on /opt/airflow/dags/pipeline_dag.py
[2026-05-06T15:10:38.819+0000] {processor.py:830} INFO - Processing file /opt/airflow/dags/pipeline_dag.py for tasks to queue
[2026-05-06T15:10:38.822+0000] {logging_mixin.py:188} INFO - [2026-05-06T15:10:38.821+0000] {dagbag.py:545} INFO - Filling up the DagBag from /opt/airflow/dags/pipeline_dag.py
[2026-05-06T15:10:38.843+0000] {processor.py:840} INFO - DAG(s) 'ecommerce_pipeline' retrieved from /opt/airflow/dags/pipeline_dag.py
[2026-05-06T15:10:38.885+0000] {logging_mixin.py:188} INFO - [2026-05-06T15:10:38.884+0000] {dag.py:3096} INFO - Sync 1 DAGs
[2026-05-06T15:10:38.913+0000] {logging_mixin.py:188} INFO - [2026-05-06T15:10:38.913+0000] {dag.py:3954} INFO - Setting next_dagrun for ecommerce_pipeline to 2026-05-06 00:00:00+00:00, run_after=2026-05-07 00:00:00+00:00
[2026-05-06T15:10:38.938+0000] {processor.py:183} INFO - Processing /opt/airflow/dags/pipeline_dag.py took 0.126 seconds
[2026-05-06T15:11:09.762+0000] {processor.py:161} INFO - Started process (PID=3353) to work on /opt/airflow/dags/pipeline_dag.py
[2026-05-06T15:11:09.764+0000] {processor.py:830} INFO - Processing file /opt/airflow/dags/pipeline_dag.py for tasks to queue
[2026-05-06T15:11:09.767+0000] {logging_mixin.py:188} INFO - [2026-05-06T15:11:09.766+0000] {dagbag.py:545} INFO - Filling up the DagBag from /opt/airflow/dags/pipeline_dag.py
[2026-05-06T15:11:09.796+0000] {processor.py:840} INFO - DAG(s) 'ecommerce_pipeline' retrieved from /opt/airflow/dags/pipeline_dag.py
[2026-05-06T15:11:09.856+0000] {logging_mixin.py:188} INFO - [2026-05-06T15:11:09.855+0000] {dag.py:3096} INFO - Sync 1 DAGs
[2026-05-06T15:11:09.894+0000] {logging_mixin.py:188} INFO - [2026-05-06T15:11:09.894+0000] {dag.py:3954} INFO - Setting next_dagrun for ecommerce_pipeline to 2026-05-06 00:00:00+00:00, run_after=2026-05-07 00:00:00+00:00
[2026-05-06T15:11:09.920+0000] {processor.py:183} INFO - Processing /opt/airflow/dags/pipeline_dag.py took 0.165 seconds
[2026-05-06T15:11:40.910+0000] {processor.py:161} INFO - Started process (PID=3358) to work on /opt/airflow/dags/pipeline_dag.py
[2026-05-06T15:11:40.912+0000] {processor.py:830} INFO - Processing file /opt/airflow/dags/pipeline_dag.py for tasks to queue
[2026-05-06T15:11:40.915+0000] {logging_mixin.py:188} INFO - [2026-05-06T15:11:40.914+0000] {dagbag.py:545} INFO - Filling up the DagBag from /opt/airflow/dags/pipeline_dag.py
[2026-05-06T15:11:40.935+0000] {processor.py:840} INFO - DAG(s) 'ecommerce_pipeline' retrieved from /opt/airflow/dags/pipeline_dag.py
[2026-05-06T15:11:40.979+0000] {logging_mixin.py:188} INFO - [2026-05-06T15:11:40.979+0000] {dag.py:3096} INFO - Sync 1 DAGs
[2026-05-06T15:11:41.002+0000] {logging_mixin.py:188} INFO - [2026-05-06T15:11:41.002+0000] {dag.py:3954} INFO - Setting next_dagrun for ecommerce_pipeline to 2026-05-06 00:00:00+00:00, run_after=2026-05-07 00:00:00+00:00
[2026-05-06T15:11:41.028+0000] {processor.py:183} INFO - Processing /opt/airflow/dags/pipeline_dag.py took 0.125 seconds
[2026-05-06T15:12:11.972+0000] {processor.py:161} INFO - Started process (PID=3363) to work on /opt/airflow/dags/pipeline_dag.py
[2026-05-06T15:12:11.973+0000] {processor.py:830} INFO - Processing file /opt/airflow/dags/pipeline_dag.py for tasks to queue
[2026-05-06T15:12:11.976+0000] {logging_mixin.py:188} INFO - [2026-05-06T15:12:11.975+0000] {dagbag.py:545} INFO - Filling up the DagBag from /opt/airflow/dags/pipeline_dag.py
[2026-05-06T15:12:12.002+0000] {processor.py:840} INFO - DAG(s) 'ecommerce_pipeline' retrieved from /opt/airflow/dags/pipeline_dag.py
[2026-05-06T15:12:12.050+0000] {logging_mixin.py:188} INFO - [2026-05-06T15:12:12.050+0000] {dag.py:3096} INFO - Sync 1 DAGs
[2026-05-06T15:12:12.076+0000] {logging_mixin.py:188} INFO - [2026-05-06T15:12:12.076+0000] {dag.py:3954} INFO - Setting next_dagrun for ecommerce_pipeline to 2026-05-06 00:00:00+00:00, run_after=2026-05-07 00:00:00+00:00
[2026-05-06T15:12:12.096+0000] {processor.py:183} INFO - Processing /opt/airflow/dags/pipeline_dag.py took 0.131 seconds
[2026-05-06T15:12:42.168+0000] {processor.py:161} INFO - Started process (PID=3368) to work on /opt/airflow/dags/pipeline_dag.py
[2026-05-06T15:12:42.171+0000] {processor.py:830} INFO - Processing file /opt/airflow/dags/pipeline_dag.py for tasks to queue
[2026-05-06T15:12:42.173+0000] {logging_mixin.py:188} INFO - [2026-05-06T15:12:42.172+0000] {dagbag.py:545} INFO - Filling up the DagBag from /opt/airflow/dags/pipeline_dag.py
[2026-05-06T15:12:42.195+0000] {processor.py:840} INFO - DAG(s) 'ecommerce_pipeline' retrieved from /opt/airflow/dags/pipeline_dag.py
[2026-05-06T15:12:42.233+0000] {logging_mixin.py:188} INFO - [2026-05-06T15:12:42.233+0000] {dag.py:3096} INFO - Sync 1 DAGs
[2026-05-06T15:12:42.259+0000] {logging_mixin.py:188} INFO - [2026-05-06T15:12:42.259+0000] {dag.py:3954} INFO - Setting next_dagrun for ecommerce_pipeline to 2026-05-06 00:00:00+00:00, run_after=2026-05-07 00:00:00+00:00
[2026-05-06T15:12:42.280+0000] {processor.py:183} INFO - Processing /opt/airflow/dags/pipeline_dag.py took 0.119 seconds
[2026-05-06T15:13:13.082+0000] {processor.py:161} INFO - Started process (PID=3373) to work on /opt/airflow/dags/pipeline_dag.py
[2026-05-06T15:13:13.083+0000] {processor.py:830} INFO - Processing file /opt/airflow/dags/pipeline_dag.py for tasks to queue
[2026-05-06T15:13:13.085+0000] {logging_mixin.py:188} INFO - [2026-05-06T15:13:13.084+0000] {dagbag.py:545} INFO - Filling up the DagBag from /opt/airflow/dags/pipeline_dag.py
[2026-05-06T15:13:13.110+0000] {processor.py:840} INFO - DAG(s) 'ecommerce_pipeline' retrieved from /opt/airflow/dags/pipeline_dag.py
[2026-05-06T15:13:13.150+0000] {logging_mixin.py:188} INFO - [2026-05-06T15:13:13.150+0000] {dag.py:3096} INFO - Sync 1 DAGs
[2026-05-06T15:13:13.170+0000] {logging_mixin.py:188} INFO - [2026-05-06T15:13:13.170+0000] {dag.py:3954} INFO - Setting next_dagrun for ecommerce_pipeline to 2026-05-06 00:00:00+00:00, run_after=2026-05-07 00:00:00+00:00
[2026-05-06T15:13:13.199+0000] {processor.py:183} INFO - Processing /opt/airflow/dags/pipeline_dag.py took 0.122 seconds
[2026-05-06T15:13:44.221+0000] {processor.py:161} INFO - Started process (PID=3378) to work on /opt/airflow/dags/pipeline_dag.py
[2026-05-06T15:13:44.222+0000] {processor.py:830} INFO - Processing file /opt/airflow/dags/pipeline_dag.py for tasks to queue
[2026-05-06T15:13:44.224+0000] {logging_mixin.py:188} INFO - [2026-05-06T15:13:44.223+0000] {dagbag.py:545} INFO - Filling up the DagBag from /opt/airflow/dags/pipeline_dag.py
[2026-05-06T15:13:44.248+0000] {processor.py:840} INFO - DAG(s) 'ecommerce_pipeline' retrieved from /opt/airflow/dags/pipeline_dag.py
[2026-05-06T15:13:44.278+0000] {logging_mixin.py:188} INFO - [2026-05-06T15:13:44.278+0000] {dag.py:3096} INFO - Sync 1 DAGs
[2026-05-06T15:13:44.304+0000] {logging_mixin.py:188} INFO - [2026-05-06T15:13:44.303+0000] {dag.py:3954} INFO - Setting next_dagrun for ecommerce_pipeline to 2026-05-06 00:00:00+00:00, run_after=2026-05-07 00:00:00+00:00
[2026-05-06T15:13:44.332+0000] {processor.py:183} INFO - Processing /opt/airflow/dags/pipeline_dag.py took 0.117 seconds
[2026-05-06T15:14:15.271+0000] {processor.py:161} INFO - Started process (PID=3383) to work on /opt/airflow/dags/pipeline_dag.py
[2026-05-06T15:14:15.277+0000] {processor.py:830} INFO - Processing file /opt/airflow/dags/pipeline_dag.py for tasks to queue
[2026-05-06T15:14:15.279+0000] {logging_mixin.py:188} INFO - [2026-05-06T15:14:15.279+0000] {dagbag.py:545} INFO - Filling up the DagBag from /opt/airflow/dags/pipeline_dag.py
[2026-05-06T15:14:15.310+0000] {processor.py:840} INFO - DAG(s) 'ecommerce_pipeline' retrieved from /opt/airflow/dags/pipeline_dag.py
[2026-05-06T15:14:15.358+0000] {logging_mixin.py:188} INFO - [2026-05-06T15:14:15.358+0000] {dag.py:3096} INFO - Sync 1 DAGs
[2026-05-06T15:14:15.391+0000] {logging_mixin.py:188} INFO - [2026-05-06T15:14:15.390+0000] {dag.py:3954} INFO - Setting next_dagrun for ecommerce_pipeline to 2026-05-06 00:00:00+00:00, run_after=2026-05-07 00:00:00+00:00
[2026-05-06T15:14:15.419+0000] {processor.py:183} INFO - Processing /opt/airflow/dags/pipeline_dag.py took 0.155 seconds
[2026-05-06T15:14:45.710+0000] {processor.py:161} INFO - Started process (PID=3388) to work on /opt/airflow/dags/pipeline_dag.py
[2026-05-06T15:14:45.711+0000] {processor.py:830} INFO - Processing file /opt/airflow/dags/pipeline_dag.py for tasks to queue
[2026-05-06T15:14:45.713+0000] {logging_mixin.py:188} INFO - [2026-05-06T15:14:45.713+0000] {dagbag.py:545} INFO - Filling up the DagBag from /opt/airflow/dags/pipeline_dag.py
[2026-05-06T15:14:45.732+0000] {processor.py:840} INFO - DAG(s) 'ecommerce_pipeline' retrieved from /opt/airflow/dags/pipeline_dag.py
[2026-05-06T15:14:45.793+0000] {logging_mixin.py:188} INFO - [2026-05-06T15:14:45.793+0000] {dag.py:3096} INFO - Sync 1 DAGs
[2026-05-06T15:14:45.813+0000] {logging_mixin.py:188} INFO - [2026-05-06T15:14:45.813+0000] {dag.py:3954} INFO - Setting next_dagrun for ecommerce_pipeline to 2026-05-06 00:00:00+00:00, run_after=2026-05-07 00:00:00+00:00
[2026-05-06T15:14:45.835+0000] {processor.py:183} INFO - Processing /opt/airflow/dags/pipeline_dag.py took 0.130 seconds
[2026-05-06T15:15:16.583+0000] {processor.py:161} INFO - Started process (PID=3393) to work on /opt/airflow/dags/pipeline_dag.py
[2026-05-06T15:15:16.584+0000] {processor.py:830} INFO - Processing file /opt/airflow/dags/pipeline_dag.py for tasks to queue
[2026-05-06T15:15:16.586+0000] {logging_mixin.py:188} INFO - [2026-05-06T15:15:16.586+0000] {dagbag.py:545} INFO - Filling up the DagBag from /opt/airflow/dags/pipeline_dag.py
[2026-05-06T15:15:16.604+0000] {processor.py:840} INFO - DAG(s) 'ecommerce_pipeline' retrieved from /opt/airflow/dags/pipeline_dag.py
[2026-05-06T15:15:16.637+0000] {logging_mixin.py:188} INFO - [2026-05-06T15:15:16.637+0000] {dag.py:3096} INFO - Sync 1 DAGs
[2026-05-06T15:15:16.656+0000] {logging_mixin.py:188} INFO - [2026-05-06T15:15:16.656+0000] {dag.py:3954} INFO - Setting next_dagrun for ecommerce_pipeline to 2026-05-06 00:00:00+00:00, run_after=2026-05-07 00:00:00+00:00
[2026-05-06T15:15:16.675+0000] {processor.py:183} INFO - Processing /opt/airflow/dags/pipeline_dag.py took 0.097 seconds
[2026-05-06T15:15:47.668+0000] {processor.py:161} INFO - Started process (PID=3398) to work on /opt/airflow/dags/pipeline_dag.py
[2026-05-06T15:15:47.669+0000] {processor.py:830} INFO - Processing file /opt/airflow/dags/pipeline_dag.py for tasks to queue
[2026-05-06T15:15:47.671+0000] {logging_mixin.py:188} INFO - [2026-05-06T15:15:47.671+0000] {dagbag.py:545} INFO - Filling up the DagBag from /opt/airflow/dags/pipeline_dag.py
[2026-05-06T15:15:47.687+0000] {processor.py:840} INFO - DAG(s) 'ecommerce_pipeline' retrieved from /opt/airflow/dags/pipeline_dag.py
[2026-05-06T15:15:47.715+0000] {logging_mixin.py:188} INFO - [2026-05-06T15:15:47.714+0000] {dag.py:3096} INFO - Sync 1 DAGs
[2026-05-06T15:15:47.730+0000] {logging_mixin.py:188} INFO - [2026-05-06T15:15:47.730+0000] {dag.py:3954} INFO - Setting next_dagrun for ecommerce_pipeline to 2026-05-06 00:00:00+00:00, run_after=2026-05-07 00:00:00+00:00
[2026-05-06T15:15:47.752+0000] {processor.py:183} INFO - Processing /opt/airflow/dags/pipeline_dag.py took 0.088 seconds
[2026-05-06T15:16:18.705+0000] {processor.py:161} INFO - Started process (PID=3403) to work on /opt/airflow/dags/pipeline_dag.py
[2026-05-06T15:16:18.706+0000] {processor.py:830} INFO - Processing file /opt/airflow/dags/pipeline_dag.py for tasks to queue
[2026-05-06T15:16:18.707+0000] {logging_mixin.py:188} INFO - [2026-05-06T15:16:18.707+0000] {dagbag.py:545} INFO - Filling up the DagBag from /opt/airflow/dags/pipeline_dag.py
[2026-05-06T15:16:18.725+0000] {processor.py:840} INFO - DAG(s) 'ecommerce_pipeline' retrieved from /opt/airflow/dags/pipeline_dag.py
[2026-05-06T15:16:18.760+0000] {logging_mixin.py:188} INFO - [2026-05-06T15:16:18.760+0000] {dag.py:3096} INFO - Sync 1 DAGs
[2026-05-06T15:16:18.778+0000] {logging_mixin.py:188} INFO - [2026-05-06T15:16:18.778+0000] {dag.py:3954} INFO - Setting next_dagrun for ecommerce_pipeline to 2026-05-06 00:00:00+00:00, run_after=2026-05-07 00:00:00+00:00
[2026-05-06T15:16:18.797+0000] {processor.py:183} INFO - Processing /opt/airflow/dags/pipeline_dag.py took 0.098 seconds
[2026-05-06T15:16:48.857+0000] {processor.py:161} INFO - Started process (PID=3408) to work on /opt/airflow/dags/pipeline_dag.py
[2026-05-06T15:16:48.858+0000] {processor.py:830} INFO - Processing file /opt/airflow/dags/pipeline_dag.py for tasks to queue
[2026-05-06T15:16:48.859+0000] {logging_mixin.py:188} INFO - [2026-05-06T15:16:48.859+0000] {dagbag.py:545} INFO - Filling up the DagBag from /opt/airflow/dags/pipeline_dag.py
[2026-05-06T15:16:48.876+0000] {processor.py:840} INFO - DAG(s) 'ecommerce_pipeline' retrieved from /opt/airflow/dags/pipeline_dag.py
[2026-05-06T15:16:48.905+0000] {logging_mixin.py:188} INFO - [2026-05-06T15:16:48.905+0000] {dag.py:3096} INFO - Sync 1 DAGs
[2026-05-06T15:16:48.923+0000] {logging_mixin.py:188} INFO - [2026-05-06T15:16:48.922+0000] {dag.py:3954} INFO - Setting next_dagrun for ecommerce_pipeline to 2026-05-06 00:00:00+00:00, run_after=2026-05-07 00:00:00+00:00
[2026-05-06T15:16:48.942+0000] {processor.py:183} INFO - Processing /opt/airflow/dags/pipeline_dag.py took 0.092 seconds
[2026-05-06T15:17:22.027+0000] {processor.py:161} INFO - Started process (PID=3413) to work on /opt/airflow/dags/pipeline_dag.py
[2026-05-06T15:17:22.029+0000] {processor.py:830} INFO - Processing file /opt/airflow/dags/pipeline_dag.py for tasks to queue
[2026-05-06T15:17:22.032+0000] {logging_mixin.py:188} INFO - [2026-05-06T15:17:22.031+0000] {dagbag.py:545} INFO - Filling up the DagBag from /opt/airflow/dags/pipeline_dag.py
[2026-05-06T15:17:22.061+0000] {processor.py:840} INFO - DAG(s) 'ecommerce_pipeline' retrieved from /opt/airflow/dags/pipeline_dag.py
[2026-05-06T15:17:22.123+0000] {logging_mixin.py:188} INFO - [2026-05-06T15:17:22.123+0000] {dag.py:3096} INFO - Sync 1 DAGs
[2026-05-06T15:17:22.159+0000] {logging_mixin.py:188} INFO - [2026-05-06T15:17:22.159+0000] {dag.py:3954} INFO - Setting next_dagrun for ecommerce_pipeline to 2026-05-06 00:00:00+00:00, run_after=2026-05-07 00:00:00+00:00
[2026-05-06T15:17:22.190+0000] {processor.py:183} INFO - Processing /opt/airflow/dags/pipeline_dag.py took 0.170 seconds
[2026-05-06T16:30:21.251+0000] {processor.py:161} INFO - Started process (PID=3418) to work on /opt/airflow/dags/pipeline_dag.py
[2026-05-06T16:30:21.259+0000] {processor.py:830} INFO - Processing file /opt/airflow/dags/pipeline_dag.py for tasks to queue
[2026-05-06T16:30:21.402+0000] {logging_mixin.py:188} INFO - [2026-05-06T16:30:21.381+0000] {dagbag.py:545} INFO - Filling up the DagBag from /opt/airflow/dags/pipeline_dag.py
[2026-05-06T16:30:22.171+0000] {processor.py:840} INFO - DAG(s) 'ecommerce_pipeline' retrieved from /opt/airflow/dags/pipeline_dag.py
[2026-05-06T16:30:24.267+0000] {logging_mixin.py:188} INFO - [2026-05-06T16:30:24.266+0000] {dag.py:3096} INFO - Sync 1 DAGs
[2026-05-06T16:30:24.409+0000] {logging_mixin.py:188} INFO - [2026-05-06T16:30:24.408+0000] {dag.py:3954} INFO - Setting next_dagrun for ecommerce_pipeline to 2026-05-06 00:00:00+00:00, run_after=2026-05-07 00:00:00+00:00
[2026-05-06T16:30:24.566+0000] {processor.py:183} INFO - Processing /opt/airflow/dags/pipeline_dag.py took 2.014 seconds
[2026-05-06T16:30:56.520+0000] {processor.py:161} INFO - Started process (PID=3423) to work on /opt/airflow/dags/pipeline_dag.py
[2026-05-06T16:30:56.522+0000] {processor.py:830} INFO - Processing file /opt/airflow/dags/pipeline_dag.py for tasks to queue
[2026-05-06T16:30:56.525+0000] {logging_mixin.py:188} INFO - [2026-05-06T16:30:56.525+0000] {dagbag.py:545} INFO - Filling up the DagBag from /opt/airflow/dags/pipeline_dag.py
[2026-05-06T16:30:56.636+0000] {processor.py:840} INFO - DAG(s) 'ecommerce_pipeline' retrieved from /opt/airflow/dags/pipeline_dag.py
[2026-05-06T16:30:56.696+0000] {logging_mixin.py:188} INFO - [2026-05-06T16:30:56.696+0000] {dag.py:3096} INFO - Sync 1 DAGs
[2026-05-06T16:30:56.726+0000] {logging_mixin.py:188} INFO - [2026-05-06T16:30:56.726+0000] {dag.py:3954} INFO - Setting next_dagrun for ecommerce_pipeline to 2026-05-06 00:00:00+00:00, run_after=2026-05-07 00:00:00+00:00
[2026-05-06T16:30:56.752+0000] {processor.py:183} INFO - Processing /opt/airflow/dags/pipeline_dag.py took 0.238 seconds
[2026-05-06T16:31:29.527+0000] {processor.py:161} INFO - Started process (PID=3428) to work on /opt/airflow/dags/pipeline_dag.py
[2026-05-06T16:31:29.536+0000] {processor.py:830} INFO - Processing file /opt/airflow/dags/pipeline_dag.py for tasks to queue
[2026-05-06T16:31:29.553+0000] {logging_mixin.py:188} INFO - [2026-05-06T16:31:29.550+0000] {dagbag.py:545} INFO - Filling up the DagBag from /opt/airflow/dags/pipeline_dag.py
[2026-05-06T16:31:29.716+0000] {processor.py:840} INFO - DAG(s) 'ecommerce_pipeline' retrieved from /opt/airflow/dags/pipeline_dag.py
[2026-05-06T16:31:29.962+0000] {logging_mixin.py:188} INFO - [2026-05-06T16:31:29.961+0000] {dag.py:3096} INFO - Sync 1 DAGs
[2026-05-06T16:31:30.073+0000] {logging_mixin.py:188} INFO - [2026-05-06T16:31:30.073+0000] {dag.py:3954} INFO - Setting next_dagrun for ecommerce_pipeline to 2026-05-06 00:00:00+00:00, run_after=2026-05-07 00:00:00+00:00
[2026-05-06T16:31:30.137+0000] {processor.py:183} INFO - Processing /opt/airflow/dags/pipeline_dag.py took 0.671 seconds
[2026-05-06T16:32:03.653+0000] {processor.py:161} INFO - Started process (PID=3433) to work on /opt/airflow/dags/pipeline_dag.py
[2026-05-06T16:32:03.658+0000] {processor.py:830} INFO - Processing file /opt/airflow/dags/pipeline_dag.py for tasks to queue
[2026-05-06T16:32:03.663+0000] {logging_mixin.py:188} INFO - [2026-05-06T16:32:03.661+0000] {dagbag.py:545} INFO - Filling up the DagBag from /opt/airflow/dags/pipeline_dag.py
[2026-05-06T16:32:03.807+0000] {processor.py:840} INFO - DAG(s) 'ecommerce_pipeline' retrieved from /opt/airflow/dags/pipeline_dag.py
[2026-05-06T16:32:04.070+0000] {logging_mixin.py:188} INFO - [2026-05-06T16:32:04.070+0000] {dag.py:3096} INFO - Sync 1 DAGs
[2026-05-06T16:32:05.379+0000] {logging_mixin.py:188} INFO - [2026-05-06T16:32:05.379+0000] {dag.py:3954} INFO - Setting next_dagrun for ecommerce_pipeline to 2026-05-06 00:00:00+00:00, run_after=2026-05-07 00:00:00+00:00
[2026-05-06T16:32:05.448+0000] {processor.py:183} INFO - Processing /opt/airflow/dags/pipeline_dag.py took 1.825 seconds
[2026-05-06T16:32:36.054+0000] {processor.py:161} INFO - Started process (PID=3438) to work on /opt/airflow/dags/pipeline_dag.py
[2026-05-06T16:32:36.055+0000] {processor.py:830} INFO - Processing file /opt/airflow/dags/pipeline_dag.py for tasks to queue
[2026-05-06T16:32:36.057+0000] {logging_mixin.py:188} INFO - [2026-05-06T16:32:36.057+0000] {dagbag.py:545} INFO - Filling up the DagBag from /opt/airflow/dags/pipeline_dag.py
[2026-05-06T16:32:36.085+0000] {processor.py:840} INFO - DAG(s) 'ecommerce_pipeline' retrieved from /opt/airflow/dags/pipeline_dag.py
[2026-05-06T16:32:36.134+0000] {logging_mixin.py:188} INFO - [2026-05-06T16:32:36.134+0000] {dag.py:3096} INFO - Sync 1 DAGs
[2026-05-06T16:32:36.196+0000] {logging_mixin.py:188} INFO - [2026-05-06T16:32:36.196+0000] {dag.py:3954} INFO - Setting next_dagrun for ecommerce_pipeline to 2026-05-06 00:00:00+00:00, run_after=2026-05-07 00:00:00+00:00
[2026-05-06T16:32:36.251+0000] {processor.py:183} INFO - Processing /opt/airflow/dags/pipeline_dag.py took 0.208 seconds
[2026-05-06T16:33:08.241+0000] {processor.py:161} INFO - Started process (PID=3443) to work on /opt/airflow/dags/pipeline_dag.py
[2026-05-06T16:33:08.244+0000] {processor.py:830} INFO - Processing file /opt/airflow/dags/pipeline_dag.py for tasks to queue
[2026-05-06T16:33:08.248+0000] {logging_mixin.py:188} INFO - [2026-05-06T16:33:08.247+0000] {dagbag.py:545} INFO - Filling up the DagBag from /opt/airflow/dags/pipeline_dag.py
[2026-05-06T16:33:08.335+0000] {processor.py:840} INFO - DAG(s) 'ecommerce_pipeline' retrieved from /opt/airflow/dags/pipeline_dag.py
[2026-05-06T16:33:08.460+0000] {logging_mixin.py:188} INFO - [2026-05-06T16:33:08.460+0000] {dag.py:3096} INFO - Sync 1 DAGs
[2026-05-06T16:33:08.551+0000] {logging_mixin.py:188} INFO - [2026-05-06T16:33:08.551+0000] {dag.py:3954} INFO - Setting next_dagrun for ecommerce_pipeline to 2026-05-06 00:00:00+00:00, run_after=2026-05-07 00:00:00+00:00
[2026-05-06T16:33:08.602+0000] {processor.py:183} INFO - Processing /opt/airflow/dags/pipeline_dag.py took 0.373 seconds
[2026-05-06T16:33:40.204+0000] {processor.py:161} INFO - Started process (PID=3448) to work on /opt/airflow/dags/pipeline_dag.py
[2026-05-06T16:33:40.207+0000] {processor.py:830} INFO - Processing file /opt/airflow/dags/pipeline_dag.py for tasks to queue
[2026-05-06T16:33:40.213+0000] {logging_mixin.py:188} INFO - [2026-05-06T16:33:40.212+0000] {dagbag.py:545} INFO - Filling up the DagBag from /opt/airflow/dags/pipeline_dag.py
[2026-05-06T16:33:40.242+0000] {processor.py:840} INFO - DAG(s) 'ecommerce_pipeline' retrieved from /opt/airflow/dags/pipeline_dag.py
[2026-05-06T16:33:40.281+0000] {logging_mixin.py:188} INFO - [2026-05-06T16:33:40.281+0000] {dag.py:3096} INFO - Sync 1 DAGs
[2026-05-06T16:33:40.304+0000] {logging_mixin.py:188} INFO - [2026-05-06T16:33:40.304+0000] {dag.py:3954} INFO - Setting next_dagrun for ecommerce_pipeline to 2026-05-06 00:00:00+00:00, run_after=2026-05-07 00:00:00+00:00
[2026-05-06T16:33:40.323+0000] {processor.py:183} INFO - Processing /opt/airflow/dags/pipeline_dag.py took 0.136 seconds
[2026-05-06T16:34:12.858+0000] {processor.py:161} INFO - Started process (PID=3453) to work on /opt/airflow/dags/pipeline_dag.py
[2026-05-06T16:34:12.859+0000] {processor.py:830} INFO - Processing file /opt/airflow/dags/pipeline_dag.py for tasks to queue
[2026-05-06T16:34:12.861+0000] {logging_mixin.py:188} INFO - [2026-05-06T16:34:12.861+0000] {dagbag.py:545} INFO - Filling up the DagBag from /opt/airflow/dags/pipeline_dag.py
[2026-05-06T16:34:12.880+0000] {processor.py:840} INFO - DAG(s) 'ecommerce_pipeline' retrieved from /opt/airflow/dags/pipeline_dag.py
[2026-05-06T16:34:12.926+0000] {logging_mixin.py:188} INFO - [2026-05-06T16:34:12.926+0000] {dag.py:3096} INFO - Sync 1 DAGs
[2026-05-06T16:34:12.974+0000] {logging_mixin.py:188} INFO - [2026-05-06T16:34:12.974+0000] {dag.py:3954} INFO - Setting next_dagrun for ecommerce_pipeline to 2026-05-06 00:00:00+00:00, run_after=2026-05-07 00:00:00+00:00
[2026-05-06T16:34:13.001+0000] {processor.py:183} INFO - Processing /opt/airflow/dags/pipeline_dag.py took 0.150 seconds
[2026-05-06T16:34:45.145+0000] {processor.py:161} INFO - Started process (PID=3458) to work on /opt/airflow/dags/pipeline_dag.py
[2026-05-06T16:34:45.147+0000] {processor.py:830} INFO - Processing file /opt/airflow/dags/pipeline_dag.py for tasks to queue
[2026-05-06T16:34:45.150+0000] {logging_mixin.py:188} INFO - [2026-05-06T16:34:45.149+0000] {dagbag.py:545} INFO - Filling up the DagBag from /opt/airflow/dags/pipeline_dag.py
[2026-05-06T16:34:45.170+0000] {processor.py:840} INFO - DAG(s) 'ecommerce_pipeline' retrieved from /opt/airflow/dags/pipeline_dag.py
[2026-05-06T16:34:45.211+0000] {logging_mixin.py:188} INFO - [2026-05-06T16:34:45.211+0000] {dag.py:3096} INFO - Sync 1 DAGs
[2026-05-06T16:34:45.235+0000] {logging_mixin.py:188} INFO - [2026-05-06T16:34:45.235+0000] {dag.py:3954} INFO - Setting next_dagrun for ecommerce_pipeline to 2026-05-06 00:00:00+00:00, run_after=2026-05-07 00:00:00+00:00
[2026-05-06T16:34:45.257+0000] {processor.py:183} INFO - Processing /opt/airflow/dags/pipeline_dag.py took 0.117 seconds
[2026-05-06T16:35:17.898+0000] {processor.py:161} INFO - Started process (PID=3463) to work on /opt/airflow/dags/pipeline_dag.py
[2026-05-06T16:35:17.899+0000] {processor.py:830} INFO - Processing file /opt/airflow/dags/pipeline_dag.py for tasks to queue
[2026-05-06T16:35:17.901+0000] {logging_mixin.py:188} INFO - [2026-05-06T16:35:17.901+0000] {dagbag.py:545} INFO - Filling up the DagBag from /opt/airflow/dags/pipeline_dag.py
[2026-05-06T16:35:17.921+0000] {processor.py:840} INFO - DAG(s) 'ecommerce_pipeline' retrieved from /opt/airflow/dags/pipeline_dag.py
[2026-05-06T16:35:17.959+0000] {logging_mixin.py:188} INFO - [2026-05-06T16:35:17.958+0000] {dag.py:3096} INFO - Sync 1 DAGs
[2026-05-06T16:35:17.979+0000] {logging_mixin.py:188} INFO - [2026-05-06T16:35:17.979+0000] {dag.py:3954} INFO - Setting next_dagrun for ecommerce_pipeline to 2026-05-06 00:00:00+00:00, run_after=2026-05-07 00:00:00+00:00
[2026-05-06T16:35:18.000+0000] {processor.py:183} INFO - Processing /opt/airflow/dags/pipeline_dag.py took 0.114 seconds
[2026-05-06T16:35:50.873+0000] {processor.py:161} INFO - Started process (PID=3468) to work on /opt/airflow/dags/pipeline_dag.py
[2026-05-06T16:35:50.874+0000] {processor.py:830} INFO - Processing file /opt/airflow/dags/pipeline_dag.py for tasks to queue
[2026-05-06T16:35:50.875+0000] {logging_mixin.py:188} INFO - [2026-05-06T16:35:50.875+0000] {dagbag.py:545} INFO - Filling up the DagBag from /opt/airflow/dags/pipeline_dag.py
[2026-05-06T16:35:50.895+0000] {processor.py:840} INFO - DAG(s) 'ecommerce_pipeline' retrieved from /opt/airflow/dags/pipeline_dag.py
[2026-05-06T16:35:50.930+0000] {logging_mixin.py:188} INFO - [2026-05-06T16:35:50.930+0000] {dag.py:3096} INFO - Sync 1 DAGs
[2026-05-06T16:35:50.953+0000] {logging_mixin.py:188} INFO - [2026-05-06T16:35:50.953+0000] {dag.py:3954} INFO - Setting next_dagrun for ecommerce_pipeline to 2026-05-06 00:00:00+00:00, run_after=2026-05-07 00:00:00+00:00
[2026-05-06T16:35:50.974+0000] {processor.py:183} INFO - Processing /opt/airflow/dags/pipeline_dag.py took 0.107 seconds
[2026-05-06T16:36:23.581+0000] {processor.py:161} INFO - Started process (PID=3473) to work on /opt/airflow/dags/pipeline_dag.py
[2026-05-06T16:36:23.582+0000] {processor.py:830} INFO - Processing file /opt/airflow/dags/pipeline_dag.py for tasks to queue
[2026-05-06T16:36:23.584+0000] {logging_mixin.py:188} INFO - [2026-05-06T16:36:23.584+0000] {dagbag.py:545} INFO - Filling up the DagBag from /opt/airflow/dags/pipeline_dag.py
[2026-05-06T16:36:23.608+0000] {processor.py:840} INFO - DAG(s) 'ecommerce_pipeline' retrieved from /opt/airflow/dags/pipeline_dag.py
[2026-05-06T16:36:23.645+0000] {logging_mixin.py:188} INFO - [2026-05-06T16:36:23.644+0000] {dag.py:3096} INFO - Sync 1 DAGs
[2026-05-06T16:36:23.671+0000] {logging_mixin.py:188} INFO - [2026-05-06T16:36:23.671+0000] {dag.py:3954} INFO - Setting next_dagrun for ecommerce_pipeline to 2026-05-06 00:00:00+00:00, run_after=2026-05-07 00:00:00+00:00
[2026-05-06T16:36:23.700+0000] {processor.py:183} INFO - Processing /opt/airflow/dags/pipeline_dag.py took 0.125 seconds
[2026-05-06T16:36:55.397+0000] {processor.py:161} INFO - Started process (PID=3478) to work on /opt/airflow/dags/pipeline_dag.py
[2026-05-06T16:36:55.398+0000] {processor.py:830} INFO - Processing file /opt/airflow/dags/pipeline_dag.py for tasks to queue
[2026-05-06T16:36:55.400+0000] {logging_mixin.py:188} INFO - [2026-05-06T16:36:55.399+0000] {dagbag.py:545} INFO - Filling up the DagBag from /opt/airflow/dags/pipeline_dag.py
[2026-05-06T16:36:55.421+0000] {processor.py:840} INFO - DAG(s) 'ecommerce_pipeline' retrieved from /opt/airflow/dags/pipeline_dag.py
[2026-05-06T16:36:55.457+0000] {logging_mixin.py:188} INFO - [2026-05-06T16:36:55.457+0000] {dag.py:3096} INFO - Sync 1 DAGs
[2026-05-06T16:36:55.478+0000] {logging_mixin.py:188} INFO - [2026-05-06T16:36:55.477+0000] {dag.py:3954} INFO - Setting next_dagrun for ecommerce_pipeline to 2026-05-06 00:00:00+00:00, run_after=2026-05-07 00:00:00+00:00
[2026-05-06T16:36:55.501+0000] {processor.py:183} INFO - Processing /opt/airflow/dags/pipeline_dag.py took 0.110 seconds
[2026-05-06T16:37:28.180+0000] {processor.py:161} INFO - Started process (PID=3483) to work on /opt/airflow/dags/pipeline_dag.py
[2026-05-06T16:37:28.181+0000] {processor.py:830} INFO - Processing file /opt/airflow/dags/pipeline_dag.py for tasks to queue
[2026-05-06T16:37:28.183+0000] {logging_mixin.py:188} INFO - [2026-05-06T16:37:28.182+0000] {dagbag.py:545} INFO - Filling up the DagBag from /opt/airflow/dags/pipeline_dag.py
[2026-05-06T16:37:28.203+0000] {processor.py:840} INFO - DAG(s) 'ecommerce_pipeline' retrieved from /opt/airflow/dags/pipeline_dag.py
[2026-05-06T16:37:28.237+0000] {logging_mixin.py:188} INFO - [2026-05-06T16:37:28.237+0000] {dag.py:3096} INFO - Sync 1 DAGs
[2026-05-06T16:37:28.255+0000] {logging_mixin.py:188} INFO - [2026-05-06T16:37:28.255+0000] {dag.py:3954} INFO - Setting next_dagrun for ecommerce_pipeline to 2026-05-06 00:00:00+00:00, run_after=2026-05-07 00:00:00+00:00
[2026-05-06T16:37:28.275+0000] {processor.py:183} INFO - Processing /opt/airflow/dags/pipeline_dag.py took 0.101 seconds
[2026-05-06T16:38:00.976+0000] {processor.py:161} INFO - Started process (PID=3488) to work on /opt/airflow/dags/pipeline_dag.py
[2026-05-06T16:38:00.977+0000] {processor.py:830} INFO - Processing file /opt/airflow/dags/pipeline_dag.py for tasks to queue
[2026-05-06T16:38:00.980+0000] {logging_mixin.py:188} INFO - [2026-05-06T16:38:00.979+0000] {dagbag.py:545} INFO - Filling up the DagBag from /opt/airflow/dags/pipeline_dag.py
[2026-05-06T16:38:01.002+0000] {processor.py:840} INFO - DAG(s) 'ecommerce_pipeline' retrieved from /opt/airflow/dags/pipeline_dag.py
[2026-05-06T16:38:01.032+0000] {logging_mixin.py:188} INFO - [2026-05-06T16:38:01.032+0000] {dag.py:3096} INFO - Sync 1 DAGs
[2026-05-06T16:38:01.053+0000] {logging_mixin.py:188} INFO - [2026-05-06T16:38:01.053+0000] {dag.py:3954} INFO - Setting next_dagrun for ecommerce_pipeline to 2026-05-06 00:00:00+00:00, run_after=2026-05-07 00:00:00+00:00
[2026-05-06T16:38:01.078+0000] {processor.py:183} INFO - Processing /opt/airflow/dags/pipeline_dag.py took 0.109 seconds
[2026-05-06T16:38:33.744+0000] {processor.py:161} INFO - Started process (PID=3493) to work on /opt/airflow/dags/pipeline_dag.py
[2026-05-06T16:38:33.745+0000] {processor.py:830} INFO - Processing file /opt/airflow/dags/pipeline_dag.py for tasks to queue
[2026-05-06T16:38:33.747+0000] {logging_mixin.py:188} INFO - [2026-05-06T16:38:33.746+0000] {dagbag.py:545} INFO - Filling up the DagBag from /opt/airflow/dags/pipeline_dag.py
[2026-05-06T16:38:33.769+0000] {processor.py:840} INFO - DAG(s) 'ecommerce_pipeline' retrieved from /opt/airflow/dags/pipeline_dag.py
[2026-05-06T16:38:33.805+0000] {logging_mixin.py:188} INFO - [2026-05-06T16:38:33.805+0000] {dag.py:3096} INFO - Sync 1 DAGs
[2026-05-06T16:38:33.825+0000] {logging_mixin.py:188} INFO - [2026-05-06T16:38:33.825+0000] {dag.py:3954} INFO - Setting next_dagrun for ecommerce_pipeline to 2026-05-06 00:00:00+00:00, run_after=2026-05-07 00:00:00+00:00
[2026-05-06T16:38:33.849+0000] {processor.py:183} INFO - Processing /opt/airflow/dags/pipeline_dag.py took 0.111 seconds
[2026-05-06T16:39:06.521+0000] {processor.py:161} INFO - Started process (PID=3498) to work on /opt/airflow/dags/pipeline_dag.py
[2026-05-06T16:39:06.522+0000] {processor.py:830} INFO - Processing file /opt/airflow/dags/pipeline_dag.py for tasks to queue
[2026-05-06T16:39:06.524+0000] {logging_mixin.py:188} INFO - [2026-05-06T16:39:06.524+0000] {dagbag.py:545} INFO - Filling up the DagBag from /opt/airflow/dags/pipeline_dag.py
[2026-05-06T16:39:06.546+0000] {processor.py:840} INFO - DAG(s) 'ecommerce_pipeline' retrieved from /opt/airflow/dags/pipeline_dag.py
[2026-05-06T16:39:06.589+0000] {logging_mixin.py:188} INFO - [2026-05-06T16:39:06.589+0000] {dag.py:3096} INFO - Sync 1 DAGs
[2026-05-06T16:39:06.611+0000] {logging_mixin.py:188} INFO - [2026-05-06T16:39:06.611+0000] {dag.py:3954} INFO - Setting next_dagrun for ecommerce_pipeline to 2026-05-06 00:00:00+00:00, run_after=2026-05-07 00:00:00+00:00
[2026-05-06T16:39:06.632+0000] {processor.py:183} INFO - Processing /opt/airflow/dags/pipeline_dag.py took 0.123 seconds
[2026-05-06T16:39:38.458+0000] {processor.py:161} INFO - Started process (PID=3503) to work on /opt/airflow/dags/pipeline_dag.py
[2026-05-06T16:39:38.459+0000] {processor.py:830} INFO - Processing file /opt/airflow/dags/pipeline_dag.py for tasks to queue
[2026-05-06T16:39:38.461+0000] {logging_mixin.py:188} INFO - [2026-05-06T16:39:38.461+0000] {dagbag.py:545} INFO - Filling up the DagBag from /opt/airflow/dags/pipeline_dag.py
[2026-05-06T16:39:38.481+0000] {processor.py:840} INFO - DAG(s) 'ecommerce_pipeline' retrieved from /opt/airflow/dags/pipeline_dag.py
[2026-05-06T16:39:38.519+0000] {logging_mixin.py:188} INFO - [2026-05-06T16:39:38.519+0000] {dag.py:3096} INFO - Sync 1 DAGs
[2026-05-06T16:39:38.542+0000] {logging_mixin.py:188} INFO - [2026-05-06T16:39:38.542+0000] {dag.py:3954} INFO - Setting next_dagrun for ecommerce_pipeline to 2026-05-06 00:00:00+00:00, run_after=2026-05-07 00:00:00+00:00
[2026-05-06T16:39:38.565+0000] {processor.py:183} INFO - Processing /opt/airflow/dags/pipeline_dag.py took 0.113 seconds
[2026-05-06T16:40:11.258+0000] {processor.py:161} INFO - Started process (PID=3508) to work on /opt/airflow/dags/pipeline_dag.py
[2026-05-06T16:40:11.259+0000] {processor.py:830} INFO - Processing file /opt/airflow/dags/pipeline_dag.py for tasks to queue
[2026-05-06T16:40:11.260+0000] {logging_mixin.py:188} INFO - [2026-05-06T16:40:11.260+0000] {dagbag.py:545} INFO - Filling up the DagBag from /opt/airflow/dags/pipeline_dag.py
[2026-05-06T16:40:11.280+0000] {processor.py:840} INFO - DAG(s) 'ecommerce_pipeline' retrieved from /opt/airflow/dags/pipeline_dag.py
[2026-05-06T16:40:11.313+0000] {logging_mixin.py:188} INFO - [2026-05-06T16:40:11.313+0000] {dag.py:3096} INFO - Sync 1 DAGs
[2026-05-06T16:40:11.334+0000] {logging_mixin.py:188} INFO - [2026-05-06T16:40:11.334+0000] {dag.py:3954} INFO - Setting next_dagrun for ecommerce_pipeline to 2026-05-06 00:00:00+00:00, run_after=2026-05-07 00:00:00+00:00
[2026-05-06T16:40:11.353+0000] {processor.py:183} INFO - Processing /opt/airflow/dags/pipeline_dag.py took 0.101 seconds
[2026-05-06T16:40:44.233+0000] {processor.py:161} INFO - Started process (PID=3513) to work on /opt/airflow/dags/pipeline_dag.py
[2026-05-06T16:40:44.234+0000] {processor.py:830} INFO - Processing file /opt/airflow/dags/pipeline_dag.py for tasks to queue
[2026-05-06T16:40:44.236+0000] {logging_mixin.py:188} INFO - [2026-05-06T16:40:44.236+0000] {dagbag.py:545} INFO - Filling up the DagBag from /opt/airflow/dags/pipeline_dag.py
[2026-05-06T16:40:44.257+0000] {processor.py:840} INFO - DAG(s) 'ecommerce_pipeline' retrieved from /opt/airflow/dags/pipeline_dag.py
[2026-05-06T16:40:44.291+0000] {logging_mixin.py:188} INFO - [2026-05-06T16:40:44.291+0000] {dag.py:3096} INFO - Sync 1 DAGs
[2026-05-06T16:40:44.310+0000] {logging_mixin.py:188} INFO - [2026-05-06T16:40:44.310+0000] {dag.py:3954} INFO - Setting next_dagrun for ecommerce_pipeline to 2026-05-06 00:00:00+00:00, run_after=2026-05-07 00:00:00+00:00
[2026-05-06T16:40:44.331+0000] {processor.py:183} INFO - Processing /opt/airflow/dags/pipeline_dag.py took 0.103 seconds
[2026-05-06T16:41:17.025+0000] {processor.py:161} INFO - Started process (PID=3518) to work on /opt/airflow/dags/pipeline_dag.py
[2026-05-06T16:41:17.026+0000] {processor.py:830} INFO - Processing file /opt/airflow/dags/pipeline_dag.py for tasks to queue
[2026-05-06T16:41:17.028+0000] {logging_mixin.py:188} INFO - [2026-05-06T16:41:17.027+0000] {dagbag.py:545} INFO - Filling up the DagBag from /opt/airflow/dags/pipeline_dag.py
[2026-05-06T16:41:17.048+0000] {processor.py:840} INFO - DAG(s) 'ecommerce_pipeline' retrieved from /opt/airflow/dags/pipeline_dag.py
[2026-05-06T16:41:17.083+0000] {logging_mixin.py:188} INFO - [2026-05-06T16:41:17.083+0000] {dag.py:3096} INFO - Sync 1 DAGs
[2026-05-06T16:41:17.104+0000] {logging_mixin.py:188} INFO - [2026-05-06T16:41:17.104+0000] {dag.py:3954} INFO - Setting next_dagrun for ecommerce_pipeline to 2026-05-06 00:00:00+00:00, run_after=2026-05-07 00:00:00+00:00
[2026-05-06T16:41:17.126+0000] {processor.py:183} INFO - Processing /opt/airflow/dags/pipeline_dag.py took 0.108 seconds
[2026-05-06T16:41:47.168+0000] {processor.py:161} INFO - Started process (PID=3523) to work on /opt/airflow/dags/pipeline_dag.py
[2026-05-06T16:41:47.169+0000] {processor.py:830} INFO - Processing file /opt/airflow/dags/pipeline_dag.py for tasks to queue
[2026-05-06T16:41:47.170+0000] {logging_mixin.py:188} INFO - [2026-05-06T16:41:47.170+0000] {dagbag.py:545} INFO - Filling up the DagBag from /opt/airflow/dags/pipeline_dag.py
[2026-05-06T16:41:47.189+0000] {processor.py:840} INFO - DAG(s) 'ecommerce_pipeline' retrieved from /opt/airflow/dags/pipeline_dag.py
[2026-05-06T16:41:47.223+0000] {logging_mixin.py:188} INFO - [2026-05-06T16:41:47.222+0000] {dag.py:3096} INFO - Sync 1 DAGs
[2026-05-06T16:41:47.246+0000] {logging_mixin.py:188} INFO - [2026-05-06T16:41:47.246+0000] {dag.py:3954} INFO - Setting next_dagrun for ecommerce_pipeline to 2026-05-06 00:00:00+00:00, run_after=2026-05-07 00:00:00+00:00
[2026-05-06T16:41:47.268+0000] {processor.py:183} INFO - Processing /opt/airflow/dags/pipeline_dag.py took 0.106 seconds
[2026-05-06T16:42:18.063+0000] {processor.py:161} INFO - Started process (PID=3528) to work on /opt/airflow/dags/pipeline_dag.py
[2026-05-06T16:42:18.064+0000] {processor.py:830} INFO - Processing file /opt/airflow/dags/pipeline_dag.py for tasks to queue
[2026-05-06T16:42:18.065+0000] {logging_mixin.py:188} INFO - [2026-05-06T16:42:18.065+0000] {dagbag.py:545} INFO - Filling up the DagBag from /opt/airflow/dags/pipeline_dag.py
[2026-05-06T16:42:18.085+0000] {processor.py:840} INFO - DAG(s) 'ecommerce_pipeline' retrieved from /opt/airflow/dags/pipeline_dag.py
[2026-05-06T16:42:18.133+0000] {logging_mixin.py:188} INFO - [2026-05-06T16:42:18.133+0000] {dag.py:3096} INFO - Sync 1 DAGs
[2026-05-06T16:42:18.158+0000] {logging_mixin.py:188} INFO - [2026-05-06T16:42:18.158+0000] {dag.py:3954} INFO - Setting next_dagrun for ecommerce_pipeline to 2026-05-06 00:00:00+00:00, run_after=2026-05-07 00:00:00+00:00
[2026-05-06T16:42:18.182+0000] {processor.py:183} INFO - Processing /opt/airflow/dags/pipeline_dag.py took 0.125 seconds
[2026-05-06T16:42:49.095+0000] {processor.py:161} INFO - Started process (PID=3533) to work on /opt/airflow/dags/pipeline_dag.py
[2026-05-06T16:42:49.096+0000] {processor.py:830} INFO - Processing file /opt/airflow/dags/pipeline_dag.py for tasks to queue
[2026-05-06T16:42:49.098+0000] {logging_mixin.py:188} INFO - [2026-05-06T16:42:49.097+0000] {dagbag.py:545} INFO - Filling up the DagBag from /opt/airflow/dags/pipeline_dag.py
[2026-05-06T16:42:49.118+0000] {processor.py:840} INFO - DAG(s) 'ecommerce_pipeline' retrieved from /opt/airflow/dags/pipeline_dag.py
[2026-05-06T16:42:49.152+0000] {logging_mixin.py:188} INFO - [2026-05-06T16:42:49.151+0000] {dag.py:3096} INFO - Sync 1 DAGs
[2026-05-06T16:42:49.173+0000] {logging_mixin.py:188} INFO - [2026-05-06T16:42:49.172+0000] {dag.py:3954} INFO - Setting next_dagrun for ecommerce_pipeline to 2026-05-06 00:00:00+00:00, run_after=2026-05-07 00:00:00+00:00
[2026-05-06T16:42:49.194+0000] {processor.py:183} INFO - Processing /opt/airflow/dags/pipeline_dag.py took 0.105 seconds
[2026-05-06T16:43:19.622+0000] {processor.py:161} INFO - Started process (PID=3538) to work on /opt/airflow/dags/pipeline_dag.py
[2026-05-06T16:43:19.623+0000] {processor.py:830} INFO - Processing file /opt/airflow/dags/pipeline_dag.py for tasks to queue
[2026-05-06T16:43:19.625+0000] {logging_mixin.py:188} INFO - [2026-05-06T16:43:19.625+0000] {dagbag.py:545} INFO - Filling up the DagBag from /opt/airflow/dags/pipeline_dag.py
[2026-05-06T16:43:19.645+0000] {processor.py:840} INFO - DAG(s) 'ecommerce_pipeline' retrieved from /opt/airflow/dags/pipeline_dag.py
[2026-05-06T16:43:19.678+0000] {logging_mixin.py:188} INFO - [2026-05-06T16:43:19.678+0000] {dag.py:3096} INFO - Sync 1 DAGs
[2026-05-06T16:43:19.700+0000] {logging_mixin.py:188} INFO - [2026-05-06T16:43:19.700+0000] {dag.py:3954} INFO - Setting next_dagrun for ecommerce_pipeline to 2026-05-06 00:00:00+00:00, run_after=2026-05-07 00:00:00+00:00
[2026-05-06T16:43:19.721+0000] {processor.py:183} INFO - Processing /opt/airflow/dags/pipeline_dag.py took 0.105 seconds
[2026-05-06T16:43:50.444+0000] {processor.py:161} INFO - Started process (PID=3543) to work on /opt/airflow/dags/pipeline_dag.py
[2026-05-06T16:43:50.445+0000] {processor.py:830} INFO - Processing file /opt/airflow/dags/pipeline_dag.py for tasks to queue
[2026-05-06T16:43:50.448+0000] {logging_mixin.py:188} INFO - [2026-05-06T16:43:50.447+0000] {dagbag.py:545} INFO - Filling up the DagBag from /opt/airflow/dags/pipeline_dag.py
[2026-05-06T16:43:50.469+0000] {processor.py:840} INFO - DAG(s) 'ecommerce_pipeline' retrieved from /opt/airflow/dags/pipeline_dag.py
[2026-05-06T16:43:50.504+0000] {logging_mixin.py:188} INFO - [2026-05-06T16:43:50.504+0000] {dag.py:3096} INFO - Sync 1 DAGs
[2026-05-06T16:43:50.525+0000] {logging_mixin.py:188} INFO - [2026-05-06T16:43:50.524+0000] {dag.py:3954} INFO - Setting next_dagrun for ecommerce_pipeline to 2026-05-06 00:00:00+00:00, run_after=2026-05-07 00:00:00+00:00
[2026-05-06T16:43:50.546+0000] {processor.py:183} INFO - Processing /opt/airflow/dags/pipeline_dag.py took 0.108 seconds
[2026-05-06T16:44:21.318+0000] {processor.py:161} INFO - Started process (PID=3548) to work on /opt/airflow/dags/pipeline_dag.py
[2026-05-06T16:44:21.319+0000] {processor.py:830} INFO - Processing file /opt/airflow/dags/pipeline_dag.py for tasks to queue
[2026-05-06T16:44:21.320+0000] {logging_mixin.py:188} INFO - [2026-05-06T16:44:21.320+0000] {dagbag.py:545} INFO - Filling up the DagBag from /opt/airflow/dags/pipeline_dag.py
[2026-05-06T16:44:21.341+0000] {processor.py:840} INFO - DAG(s) 'ecommerce_pipeline' retrieved from /opt/airflow/dags/pipeline_dag.py
[2026-05-06T16:44:21.377+0000] {logging_mixin.py:188} INFO - [2026-05-06T16:44:21.376+0000] {dag.py:3096} INFO - Sync 1 DAGs
[2026-05-06T16:44:21.398+0000] {logging_mixin.py:188} INFO - [2026-05-06T16:44:21.398+0000] {dag.py:3954} INFO - Setting next_dagrun for ecommerce_pipeline to 2026-05-06 00:00:00+00:00, run_after=2026-05-07 00:00:00+00:00
[2026-05-06T16:44:21.417+0000] {processor.py:183} INFO - Processing /opt/airflow/dags/pipeline_dag.py took 0.106 seconds
[2026-05-06T16:44:52.195+0000] {processor.py:161} INFO - Started process (PID=3553) to work on /opt/airflow/dags/pipeline_dag.py
[2026-05-06T16:44:52.196+0000] {processor.py:830} INFO - Processing file /opt/airflow/dags/pipeline_dag.py for tasks to queue
[2026-05-06T16:44:52.198+0000] {logging_mixin.py:188} INFO - [2026-05-06T16:44:52.198+0000] {dagbag.py:545} INFO - Filling up the DagBag from /opt/airflow/dags/pipeline_dag.py
[2026-05-06T16:44:52.220+0000] {processor.py:840} INFO - DAG(s) 'ecommerce_pipeline' retrieved from /opt/airflow/dags/pipeline_dag.py
[2026-05-06T16:44:52.258+0000] {logging_mixin.py:188} INFO - [2026-05-06T16:44:52.257+0000] {dag.py:3096} INFO - Sync 1 DAGs
[2026-05-06T16:44:52.280+0000] {logging_mixin.py:188} INFO - [2026-05-06T16:44:52.280+0000] {dag.py:3954} INFO - Setting next_dagrun for ecommerce_pipeline to 2026-05-06 00:00:00+00:00, run_after=2026-05-07 00:00:00+00:00
[2026-05-06T16:44:52.299+0000] {processor.py:183} INFO - Processing /opt/airflow/dags/pipeline_dag.py took 0.110 seconds
[2026-05-06T16:45:23.081+0000] {processor.py:161} INFO - Started process (PID=3558) to work on /opt/airflow/dags/pipeline_dag.py
[2026-05-06T16:45:23.082+0000] {processor.py:830} INFO - Processing file /opt/airflow/dags/pipeline_dag.py for tasks to queue
[2026-05-06T16:45:23.084+0000] {logging_mixin.py:188} INFO - [2026-05-06T16:45:23.084+0000] {dagbag.py:545} INFO - Filling up the DagBag from /opt/airflow/dags/pipeline_dag.py
[2026-05-06T16:45:23.105+0000] {processor.py:840} INFO - DAG(s) 'ecommerce_pipeline' retrieved from /opt/airflow/dags/pipeline_dag.py
[2026-05-06T16:45:23.172+0000] {logging_mixin.py:188} INFO - [2026-05-06T16:45:23.172+0000] {dag.py:3096} INFO - Sync 1 DAGs
[2026-05-06T16:45:23.195+0000] {logging_mixin.py:188} INFO - [2026-05-06T16:45:23.195+0000] {dag.py:3954} INFO - Setting next_dagrun for ecommerce_pipeline to 2026-05-06 00:00:00+00:00, run_after=2026-05-07 00:00:00+00:00
[2026-05-06T16:45:23.242+0000] {processor.py:183} INFO - Processing /opt/airflow/dags/pipeline_dag.py took 0.166 seconds
[2026-05-06T16:45:53.898+0000] {processor.py:161} INFO - Started process (PID=3563) to work on /opt/airflow/dags/pipeline_dag.py
[2026-05-06T16:45:53.899+0000] {processor.py:830} INFO - Processing file /opt/airflow/dags/pipeline_dag.py for tasks to queue
[2026-05-06T16:45:53.902+0000] {logging_mixin.py:188} INFO - [2026-05-06T16:45:53.901+0000] {dagbag.py:545} INFO - Filling up the DagBag from /opt/airflow/dags/pipeline_dag.py
[2026-05-06T16:45:53.920+0000] {processor.py:840} INFO - DAG(s) 'ecommerce_pipeline' retrieved from /opt/airflow/dags/pipeline_dag.py
[2026-05-06T16:45:53.957+0000] {logging_mixin.py:188} INFO - [2026-05-06T16:45:53.956+0000] {dag.py:3096} INFO - Sync 1 DAGs
[2026-05-06T16:45:53.981+0000] {logging_mixin.py:188} INFO - [2026-05-06T16:45:53.981+0000] {dag.py:3954} INFO - Setting next_dagrun for ecommerce_pipeline to 2026-05-06 00:00:00+00:00, run_after=2026-05-07 00:00:00+00:00
[2026-05-06T16:45:54.007+0000] {processor.py:183} INFO - Processing /opt/airflow/dags/pipeline_dag.py took 0.114 seconds
[2026-05-06T16:46:24.833+0000] {processor.py:161} INFO - Started process (PID=3568) to work on /opt/airflow/dags/pipeline_dag.py
[2026-05-06T16:46:24.834+0000] {processor.py:830} INFO - Processing file /opt/airflow/dags/pipeline_dag.py for tasks to queue
[2026-05-06T16:46:24.835+0000] {logging_mixin.py:188} INFO - [2026-05-06T16:46:24.835+0000] {dagbag.py:545} INFO - Filling up the DagBag from /opt/airflow/dags/pipeline_dag.py
[2026-05-06T16:46:24.856+0000] {processor.py:840} INFO - DAG(s) 'ecommerce_pipeline' retrieved from /opt/airflow/dags/pipeline_dag.py
[2026-05-06T16:46:24.889+0000] {logging_mixin.py:188} INFO - [2026-05-06T16:46:24.889+0000] {dag.py:3096} INFO - Sync 1 DAGs
[2026-05-06T16:46:24.911+0000] {logging_mixin.py:188} INFO - [2026-05-06T16:46:24.910+0000] {dag.py:3954} INFO - Setting next_dagrun for ecommerce_pipeline to 2026-05-06 00:00:00+00:00, run_after=2026-05-07 00:00:00+00:00
[2026-05-06T16:46:24.931+0000] {processor.py:183} INFO - Processing /opt/airflow/dags/pipeline_dag.py took 0.103 seconds
[2026-05-06T16:46:55.695+0000] {processor.py:161} INFO - Started process (PID=3573) to work on /opt/airflow/dags/pipeline_dag.py
[2026-05-06T16:46:55.696+0000] {processor.py:830} INFO - Processing file /opt/airflow/dags/pipeline_dag.py for tasks to queue
[2026-05-06T16:46:55.697+0000] {logging_mixin.py:188} INFO - [2026-05-06T16:46:55.697+0000] {dagbag.py:545} INFO - Filling up the DagBag from /opt/airflow/dags/pipeline_dag.py
[2026-05-06T16:46:55.717+0000] {processor.py:840} INFO - DAG(s) 'ecommerce_pipeline' retrieved from /opt/airflow/dags/pipeline_dag.py
[2026-05-06T16:46:55.757+0000] {logging_mixin.py:188} INFO - [2026-05-06T16:46:55.757+0000] {dag.py:3096} INFO - Sync 1 DAGs
[2026-05-06T16:46:55.784+0000] {logging_mixin.py:188} INFO - [2026-05-06T16:46:55.783+0000] {dag.py:3954} INFO - Setting next_dagrun for ecommerce_pipeline to 2026-05-06 00:00:00+00:00, run_after=2026-05-07 00:00:00+00:00
[2026-05-06T16:46:55.808+0000] {processor.py:183} INFO - Processing /opt/airflow/dags/pipeline_dag.py took 0.120 seconds
[2026-05-06T16:47:26.594+0000] {processor.py:161} INFO - Started process (PID=3578) to work on /opt/airflow/dags/pipeline_dag.py
[2026-05-06T16:47:26.596+0000] {processor.py:830} INFO - Processing file /opt/airflow/dags/pipeline_dag.py for tasks to queue
[2026-05-06T16:47:26.598+0000] {logging_mixin.py:188} INFO - [2026-05-06T16:47:26.597+0000] {dagbag.py:545} INFO - Filling up the DagBag from /opt/airflow/dags/pipeline_dag.py
[2026-05-06T16:47:26.618+0000] {processor.py:840} INFO - DAG(s) 'ecommerce_pipeline' retrieved from /opt/airflow/dags/pipeline_dag.py
[2026-05-06T16:47:26.661+0000] {logging_mixin.py:188} INFO - [2026-05-06T16:47:26.661+0000] {dag.py:3096} INFO - Sync 1 DAGs
[2026-05-06T16:47:26.703+0000] {logging_mixin.py:188} INFO - [2026-05-06T16:47:26.702+0000] {dag.py:3954} INFO - Setting next_dagrun for ecommerce_pipeline to 2026-05-06 00:00:00+00:00, run_after=2026-05-07 00:00:00+00:00
[2026-05-06T16:47:26.729+0000] {processor.py:183} INFO - Processing /opt/airflow/dags/pipeline_dag.py took 0.142 seconds
[2026-05-06T16:47:57.551+0000] {processor.py:161} INFO - Started process (PID=3583) to work on /opt/airflow/dags/pipeline_dag.py
[2026-05-06T16:47:57.553+0000] {processor.py:830} INFO - Processing file /opt/airflow/dags/pipeline_dag.py for tasks to queue
[2026-05-06T16:47:57.554+0000] {logging_mixin.py:188} INFO - [2026-05-06T16:47:57.554+0000] {dagbag.py:545} INFO - Filling up the DagBag from /opt/airflow/dags/pipeline_dag.py
[2026-05-06T16:47:57.574+0000] {processor.py:840} INFO - DAG(s) 'ecommerce_pipeline' retrieved from /opt/airflow/dags/pipeline_dag.py
[2026-05-06T16:47:57.609+0000] {logging_mixin.py:188} INFO - [2026-05-06T16:47:57.609+0000] {dag.py:3096} INFO - Sync 1 DAGs
[2026-05-06T16:47:57.628+0000] {logging_mixin.py:188} INFO - [2026-05-06T16:47:57.628+0000] {dag.py:3954} INFO - Setting next_dagrun for ecommerce_pipeline to 2026-05-06 00:00:00+00:00, run_after=2026-05-07 00:00:00+00:00
[2026-05-06T16:47:57.648+0000] {processor.py:183} INFO - Processing /opt/airflow/dags/pipeline_dag.py took 0.102 seconds
[2026-05-06T16:48:28.524+0000] {processor.py:161} INFO - Started process (PID=3588) to work on /opt/airflow/dags/pipeline_dag.py
[2026-05-06T16:48:28.526+0000] {processor.py:830} INFO - Processing file /opt/airflow/dags/pipeline_dag.py for tasks to queue
[2026-05-06T16:48:28.528+0000] {logging_mixin.py:188} INFO - [2026-05-06T16:48:28.528+0000] {dagbag.py:545} INFO - Filling up the DagBag from /opt/airflow/dags/pipeline_dag.py
[2026-05-06T16:48:28.547+0000] {processor.py:840} INFO - DAG(s) 'ecommerce_pipeline' retrieved from /opt/airflow/dags/pipeline_dag.py
[2026-05-06T16:48:28.585+0000] {logging_mixin.py:188} INFO - [2026-05-06T16:48:28.584+0000] {dag.py:3096} INFO - Sync 1 DAGs
[2026-05-06T16:48:28.610+0000] {logging_mixin.py:188} INFO - [2026-05-06T16:48:28.610+0000] {dag.py:3954} INFO - Setting next_dagrun for ecommerce_pipeline to 2026-05-06 00:00:00+00:00, run_after=2026-05-07 00:00:00+00:00
[2026-05-06T16:48:28.633+0000] {processor.py:183} INFO - Processing /opt/airflow/dags/pipeline_dag.py took 0.115 seconds
[2026-05-06T16:48:58.718+0000] {processor.py:161} INFO - Started process (PID=3593) to work on /opt/airflow/dags/pipeline_dag.py
[2026-05-06T16:48:58.719+0000] {processor.py:830} INFO - Processing file /opt/airflow/dags/pipeline_dag.py for tasks to queue
[2026-05-06T16:48:58.722+0000] {logging_mixin.py:188} INFO - [2026-05-06T16:48:58.721+0000] {dagbag.py:545} INFO - Filling up the DagBag from /opt/airflow/dags/pipeline_dag.py
[2026-05-06T16:48:58.748+0000] {processor.py:840} INFO - DAG(s) 'ecommerce_pipeline' retrieved from /opt/airflow/dags/pipeline_dag.py
[2026-05-06T16:48:58.788+0000] {logging_mixin.py:188} INFO - [2026-05-06T16:48:58.788+0000] {dag.py:3096} INFO - Sync 1 DAGs
[2026-05-06T16:48:58.812+0000] {logging_mixin.py:188} INFO - [2026-05-06T16:48:58.811+0000] {dag.py:3954} INFO - Setting next_dagrun for ecommerce_pipeline to 2026-05-06 00:00:00+00:00, run_after=2026-05-07 00:00:00+00:00
[2026-05-06T16:48:58.845+0000] {processor.py:183} INFO - Processing /opt/airflow/dags/pipeline_dag.py took 0.134 seconds
[2026-05-06T16:49:29.043+0000] {processor.py:161} INFO - Started process (PID=3598) to work on /opt/airflow/dags/pipeline_dag.py
[2026-05-06T16:49:29.044+0000] {processor.py:830} INFO - Processing file /opt/airflow/dags/pipeline_dag.py for tasks to queue
[2026-05-06T16:49:29.046+0000] {logging_mixin.py:188} INFO - [2026-05-06T16:49:29.045+0000] {dagbag.py:545} INFO - Filling up the DagBag from /opt/airflow/dags/pipeline_dag.py
[2026-05-06T16:49:29.071+0000] {processor.py:840} INFO - DAG(s) 'ecommerce_pipeline' retrieved from /opt/airflow/dags/pipeline_dag.py
[2026-05-06T16:49:29.120+0000] {logging_mixin.py:188} INFO - [2026-05-06T16:49:29.119+0000] {dag.py:3096} INFO - Sync 1 DAGs
[2026-05-06T16:49:29.147+0000] {logging_mixin.py:188} INFO - [2026-05-06T16:49:29.147+0000] {dag.py:3954} INFO - Setting next_dagrun for ecommerce_pipeline to 2026-05-06 00:00:00+00:00, run_after=2026-05-07 00:00:00+00:00
[2026-05-06T16:49:29.169+0000] {processor.py:183} INFO - Processing /opt/airflow/dags/pipeline_dag.py took 0.133 seconds
[2026-05-06T16:49:59.957+0000] {processor.py:161} INFO - Started process (PID=3603) to work on /opt/airflow/dags/pipeline_dag.py
[2026-05-06T16:49:59.958+0000] {processor.py:830} INFO - Processing file /opt/airflow/dags/pipeline_dag.py for tasks to queue
[2026-05-06T16:49:59.961+0000] {logging_mixin.py:188} INFO - [2026-05-06T16:49:59.960+0000] {dagbag.py:545} INFO - Filling up the DagBag from /opt/airflow/dags/pipeline_dag.py
[2026-05-06T16:49:59.983+0000] {processor.py:840} INFO - DAG(s) 'ecommerce_pipeline' retrieved from /opt/airflow/dags/pipeline_dag.py
[2026-05-06T16:50:00.039+0000] {logging_mixin.py:188} INFO - [2026-05-06T16:50:00.039+0000] {dag.py:3096} INFO - Sync 1 DAGs
[2026-05-06T16:50:00.066+0000] {logging_mixin.py:188} INFO - [2026-05-06T16:50:00.066+0000] {dag.py:3954} INFO - Setting next_dagrun for ecommerce_pipeline to 2026-05-06 00:00:00+00:00, run_after=2026-05-07 00:00:00+00:00
[2026-05-06T16:50:00.093+0000] {processor.py:183} INFO - Processing /opt/airflow/dags/pipeline_dag.py took 0.142 seconds
[2026-05-06T16:50:32.076+0000] {processor.py:161} INFO - Started process (PID=3608) to work on /opt/airflow/dags/pipeline_dag.py
[2026-05-06T16:50:32.077+0000] {processor.py:830} INFO - Processing file /opt/airflow/dags/pipeline_dag.py for tasks to queue
[2026-05-06T16:50:32.079+0000] {logging_mixin.py:188} INFO - [2026-05-06T16:50:32.079+0000] {dagbag.py:545} INFO - Filling up the DagBag from /opt/airflow/dags/pipeline_dag.py
[2026-05-06T16:50:32.098+0000] {processor.py:840} INFO - DAG(s) 'ecommerce_pipeline' retrieved from /opt/airflow/dags/pipeline_dag.py
[2026-05-06T16:50:32.136+0000] {logging_mixin.py:188} INFO - [2026-05-06T16:50:32.136+0000] {dag.py:3096} INFO - Sync 1 DAGs
[2026-05-06T16:50:32.160+0000] {logging_mixin.py:188} INFO - [2026-05-06T16:50:32.160+0000] {dag.py:3954} INFO - Setting next_dagrun for ecommerce_pipeline to 2026-05-06 00:00:00+00:00, run_after=2026-05-07 00:00:00+00:00
[2026-05-06T16:50:32.183+0000] {processor.py:183} INFO - Processing /opt/airflow/dags/pipeline_dag.py took 0.114 seconds
[2026-05-06T16:51:04.815+0000] {processor.py:161} INFO - Started process (PID=3613) to work on /opt/airflow/dags/pipeline_dag.py
[2026-05-06T16:51:04.816+0000] {processor.py:830} INFO - Processing file /opt/airflow/dags/pipeline_dag.py for tasks to queue
[2026-05-06T16:51:04.818+0000] {logging_mixin.py:188} INFO - [2026-05-06T16:51:04.817+0000] {dagbag.py:545} INFO - Filling up the DagBag from /opt/airflow/dags/pipeline_dag.py
[2026-05-06T16:51:04.838+0000] {processor.py:840} INFO - DAG(s) 'ecommerce_pipeline' retrieved from /opt/airflow/dags/pipeline_dag.py
[2026-05-06T16:51:04.878+0000] {logging_mixin.py:188} INFO - [2026-05-06T16:51:04.878+0000] {dag.py:3096} INFO - Sync 1 DAGs
[2026-05-06T16:51:04.899+0000] {logging_mixin.py:188} INFO - [2026-05-06T16:51:04.899+0000] {dag.py:3954} INFO - Setting next_dagrun for ecommerce_pipeline to 2026-05-06 00:00:00+00:00, run_after=2026-05-07 00:00:00+00:00
[2026-05-06T16:51:04.925+0000] {processor.py:183} INFO - Processing /opt/airflow/dags/pipeline_dag.py took 0.115 seconds
[2026-05-06T16:51:37.694+0000] {processor.py:161} INFO - Started process (PID=3618) to work on /opt/airflow/dags/pipeline_dag.py
[2026-05-06T16:51:37.695+0000] {processor.py:830} INFO - Processing file /opt/airflow/dags/pipeline_dag.py for tasks to queue
[2026-05-06T16:51:37.696+0000] {logging_mixin.py:188} INFO - [2026-05-06T16:51:37.696+0000] {dagbag.py:545} INFO - Filling up the DagBag from /opt/airflow/dags/pipeline_dag.py
[2026-05-06T16:51:37.715+0000] {processor.py:840} INFO - DAG(s) 'ecommerce_pipeline' retrieved from /opt/airflow/dags/pipeline_dag.py
[2026-05-06T16:51:37.762+0000] {logging_mixin.py:188} INFO - [2026-05-06T16:51:37.762+0000] {dag.py:3096} INFO - Sync 1 DAGs
[2026-05-06T16:51:37.784+0000] {logging_mixin.py:188} INFO - [2026-05-06T16:51:37.784+0000] {dag.py:3954} INFO - Setting next_dagrun for ecommerce_pipeline to 2026-05-06 00:00:00+00:00, run_after=2026-05-07 00:00:00+00:00
[2026-05-06T16:51:37.806+0000] {processor.py:183} INFO - Processing /opt/airflow/dags/pipeline_dag.py took 0.117 seconds
[2026-05-06T16:52:07.951+0000] {processor.py:161} INFO - Started process (PID=3623) to work on /opt/airflow/dags/pipeline_dag.py
[2026-05-06T16:52:07.952+0000] {processor.py:830} INFO - Processing file /opt/airflow/dags/pipeline_dag.py for tasks to queue
[2026-05-06T16:52:07.954+0000] {logging_mixin.py:188} INFO - [2026-05-06T16:52:07.953+0000] {dagbag.py:545} INFO - Filling up the DagBag from /opt/airflow/dags/pipeline_dag.py
[2026-05-06T16:52:07.974+0000] {processor.py:840} INFO - DAG(s) 'ecommerce_pipeline' retrieved from /opt/airflow/dags/pipeline_dag.py
[2026-05-06T16:52:08.014+0000] {logging_mixin.py:188} INFO - [2026-05-06T16:52:08.014+0000] {dag.py:3096} INFO - Sync 1 DAGs
[2026-05-06T16:52:08.033+0000] {logging_mixin.py:188} INFO - [2026-05-06T16:52:08.033+0000] {dag.py:3954} INFO - Setting next_dagrun for ecommerce_pipeline to 2026-05-06 00:00:00+00:00, run_after=2026-05-07 00:00:00+00:00
[2026-05-06T16:52:09.770+0000] {processor.py:183} INFO - Processing /opt/airflow/dags/pipeline_dag.py took 0.114 seconds
[2026-05-06T16:52:40.868+0000] {processor.py:161} INFO - Started process (PID=3628) to work on /opt/airflow/dags/pipeline_dag.py
[2026-05-06T16:52:40.870+0000] {processor.py:830} INFO - Processing file /opt/airflow/dags/pipeline_dag.py for tasks to queue
[2026-05-06T16:52:40.872+0000] {logging_mixin.py:188} INFO - [2026-05-06T16:52:40.871+0000] {dagbag.py:545} INFO - Filling up the DagBag from /opt/airflow/dags/pipeline_dag.py
[2026-05-06T16:52:40.894+0000] {processor.py:840} INFO - DAG(s) 'ecommerce_pipeline' retrieved from /opt/airflow/dags/pipeline_dag.py
[2026-05-06T16:52:40.941+0000] {logging_mixin.py:188} INFO - [2026-05-06T16:52:40.941+0000] {dag.py:3096} INFO - Sync 1 DAGs
[2026-05-06T16:52:40.969+0000] {logging_mixin.py:188} INFO - [2026-05-06T16:52:40.969+0000] {dag.py:3954} INFO - Setting next_dagrun for ecommerce_pipeline to 2026-05-06 00:00:00+00:00, run_after=2026-05-07 00:00:00+00:00
[2026-05-06T16:52:40.996+0000] {processor.py:183} INFO - Processing /opt/airflow/dags/pipeline_dag.py took 0.138 seconds
[2026-05-06T16:53:11.110+0000] {processor.py:161} INFO - Started process (PID=3633) to work on /opt/airflow/dags/pipeline_dag.py
[2026-05-06T16:53:11.111+0000] {processor.py:830} INFO - Processing file /opt/airflow/dags/pipeline_dag.py for tasks to queue
[2026-05-06T16:53:11.113+0000] {logging_mixin.py:188} INFO - [2026-05-06T16:53:11.113+0000] {dagbag.py:545} INFO - Filling up the DagBag from /opt/airflow/dags/pipeline_dag.py
[2026-05-06T16:53:11.133+0000] {processor.py:840} INFO - DAG(s) 'ecommerce_pipeline' retrieved from /opt/airflow/dags/pipeline_dag.py
[2026-05-06T16:53:11.169+0000] {logging_mixin.py:188} INFO - [2026-05-06T16:53:11.169+0000] {dag.py:3096} INFO - Sync 1 DAGs
[2026-05-06T16:53:11.190+0000] {logging_mixin.py:188} INFO - [2026-05-06T16:53:11.189+0000] {dag.py:3954} INFO - Setting next_dagrun for ecommerce_pipeline to 2026-05-06 00:00:00+00:00, run_after=2026-05-07 00:00:00+00:00
[2026-05-06T16:53:11.211+0000] {processor.py:183} INFO - Processing /opt/airflow/dags/pipeline_dag.py took 0.107 seconds
[2026-05-06T16:53:41.586+0000] {processor.py:161} INFO - Started process (PID=3638) to work on /opt/airflow/dags/pipeline_dag.py
[2026-05-06T16:53:41.588+0000] {processor.py:830} INFO - Processing file /opt/airflow/dags/pipeline_dag.py for tasks to queue
[2026-05-06T16:53:41.590+0000] {logging_mixin.py:188} INFO - [2026-05-06T16:53:41.590+0000] {dagbag.py:545} INFO - Filling up the DagBag from /opt/airflow/dags/pipeline_dag.py
[2026-05-06T16:53:41.613+0000] {processor.py:840} INFO - DAG(s) 'ecommerce_pipeline' retrieved from /opt/airflow/dags/pipeline_dag.py
[2026-05-06T16:53:41.655+0000] {logging_mixin.py:188} INFO - [2026-05-06T16:53:41.654+0000] {dag.py:3096} INFO - Sync 1 DAGs
[2026-05-06T16:53:41.680+0000] {logging_mixin.py:188} INFO - [2026-05-06T16:53:41.680+0000] {dag.py:3954} INFO - Setting next_dagrun for ecommerce_pipeline to 2026-05-06 00:00:00+00:00, run_after=2026-05-07 00:00:00+00:00
[2026-05-06T16:53:41.700+0000] {processor.py:183} INFO - Processing /opt/airflow/dags/pipeline_dag.py took 0.120 seconds
[2026-05-06T16:54:12.406+0000] {processor.py:161} INFO - Started process (PID=3643) to work on /opt/airflow/dags/pipeline_dag.py
[2026-05-06T16:54:12.407+0000] {processor.py:830} INFO - Processing file /opt/airflow/dags/pipeline_dag.py for tasks to queue
[2026-05-06T16:54:12.409+0000] {logging_mixin.py:188} INFO - [2026-05-06T16:54:12.408+0000] {dagbag.py:545} INFO - Filling up the DagBag from /opt/airflow/dags/pipeline_dag.py
[2026-05-06T16:54:12.429+0000] {processor.py:840} INFO - DAG(s) 'ecommerce_pipeline' retrieved from /opt/airflow/dags/pipeline_dag.py
[2026-05-06T16:54:12.468+0000] {logging_mixin.py:188} INFO - [2026-05-06T16:54:12.468+0000] {dag.py:3096} INFO - Sync 1 DAGs
[2026-05-06T16:54:12.491+0000] {logging_mixin.py:188} INFO - [2026-05-06T16:54:12.490+0000] {dag.py:3954} INFO - Setting next_dagrun for ecommerce_pipeline to 2026-05-06 00:00:00+00:00, run_after=2026-05-07 00:00:00+00:00
[2026-05-06T16:54:12.511+0000] {processor.py:183} INFO - Processing /opt/airflow/dags/pipeline_dag.py took 0.110 seconds
[2026-05-06T16:54:43.377+0000] {processor.py:161} INFO - Started process (PID=3648) to work on /opt/airflow/dags/pipeline_dag.py
[2026-05-06T16:54:43.378+0000] {processor.py:830} INFO - Processing file /opt/airflow/dags/pipeline_dag.py for tasks to queue
[2026-05-06T16:54:43.379+0000] {logging_mixin.py:188} INFO - [2026-05-06T16:54:43.379+0000] {dagbag.py:545} INFO - Filling up the DagBag from /opt/airflow/dags/pipeline_dag.py
[2026-05-06T16:54:43.395+0000] {processor.py:840} INFO - DAG(s) 'ecommerce_pipeline' retrieved from /opt/airflow/dags/pipeline_dag.py
[2026-05-06T16:54:43.433+0000] {logging_mixin.py:188} INFO - [2026-05-06T16:54:43.433+0000] {dag.py:3096} INFO - Sync 1 DAGs
[2026-05-06T16:54:43.455+0000] {logging_mixin.py:188} INFO - [2026-05-06T16:54:43.455+0000] {dag.py:3954} INFO - Setting next_dagrun for ecommerce_pipeline to 2026-05-06 00:00:00+00:00, run_after=2026-05-07 00:00:00+00:00
[2026-05-06T16:54:43.476+0000] {processor.py:183} INFO - Processing /opt/airflow/dags/pipeline_dag.py took 0.104 seconds
[2026-05-06T16:55:14.372+0000] {processor.py:161} INFO - Started process (PID=3653) to work on /opt/airflow/dags/pipeline_dag.py
[2026-05-06T16:55:14.373+0000] {processor.py:830} INFO - Processing file /opt/airflow/dags/pipeline_dag.py for tasks to queue
[2026-05-06T16:55:14.374+0000] {logging_mixin.py:188} INFO - [2026-05-06T16:55:14.374+0000] {dagbag.py:545} INFO - Filling up the DagBag from /opt/airflow/dags/pipeline_dag.py
[2026-05-06T16:55:14.396+0000] {processor.py:840} INFO - DAG(s) 'ecommerce_pipeline' retrieved from /opt/airflow/dags/pipeline_dag.py
[2026-05-06T16:55:14.434+0000] {logging_mixin.py:188} INFO - [2026-05-06T16:55:14.433+0000] {dag.py:3096} INFO - Sync 1 DAGs
[2026-05-06T16:55:14.457+0000] {logging_mixin.py:188} INFO - [2026-05-06T16:55:14.457+0000] {dag.py:3954} INFO - Setting next_dagrun for ecommerce_pipeline to 2026-05-06 00:00:00+00:00, run_after=2026-05-07 00:00:00+00:00
[2026-05-06T16:55:14.481+0000] {processor.py:183} INFO - Processing /opt/airflow/dags/pipeline_dag.py took 0.116 seconds
[2026-05-06T16:55:44.551+0000] {processor.py:161} INFO - Started process (PID=3658) to work on /opt/airflow/dags/pipeline_dag.py
[2026-05-06T16:55:44.552+0000] {processor.py:830} INFO - Processing file /opt/airflow/dags/pipeline_dag.py for tasks to queue
[2026-05-06T16:55:44.553+0000] {logging_mixin.py:188} INFO - [2026-05-06T16:55:44.553+0000] {dagbag.py:545} INFO - Filling up the DagBag from /opt/airflow/dags/pipeline_dag.py
[2026-05-06T16:55:44.574+0000] {processor.py:840} INFO - DAG(s) 'ecommerce_pipeline' retrieved from /opt/airflow/dags/pipeline_dag.py
[2026-05-06T16:55:44.615+0000] {logging_mixin.py:188} INFO - [2026-05-06T16:55:44.614+0000] {dag.py:3096} INFO - Sync 1 DAGs
[2026-05-06T16:55:44.638+0000] {logging_mixin.py:188} INFO - [2026-05-06T16:55:44.638+0000] {dag.py:3954} INFO - Setting next_dagrun for ecommerce_pipeline to 2026-05-06 00:00:00+00:00, run_after=2026-05-07 00:00:00+00:00
[2026-05-06T16:55:44.659+0000] {processor.py:183} INFO - Processing /opt/airflow/dags/pipeline_dag.py took 0.114 seconds
[2026-05-06T16:56:14.932+0000] {processor.py:161} INFO - Started process (PID=3663) to work on /opt/airflow/dags/pipeline_dag.py
[2026-05-06T16:56:14.933+0000] {processor.py:830} INFO - Processing file /opt/airflow/dags/pipeline_dag.py for tasks to queue
[2026-05-06T16:56:14.935+0000] {logging_mixin.py:188} INFO - [2026-05-06T16:56:14.935+0000] {dagbag.py:545} INFO - Filling up the DagBag from /opt/airflow/dags/pipeline_dag.py
[2026-05-06T16:56:14.955+0000] {processor.py:840} INFO - DAG(s) 'ecommerce_pipeline' retrieved from /opt/airflow/dags/pipeline_dag.py
[2026-05-06T16:56:14.997+0000] {logging_mixin.py:188} INFO - [2026-05-06T16:56:14.997+0000] {dag.py:3096} INFO - Sync 1 DAGs
[2026-05-06T16:56:15.017+0000] {logging_mixin.py:188} INFO - [2026-05-06T16:56:15.017+0000] {dag.py:3954} INFO - Setting next_dagrun for ecommerce_pipeline to 2026-05-06 00:00:00+00:00, run_after=2026-05-07 00:00:00+00:00
[2026-05-06T16:56:15.042+0000] {processor.py:183} INFO - Processing /opt/airflow/dags/pipeline_dag.py took 0.115 seconds
[2026-05-06T16:56:45.902+0000] {processor.py:161} INFO - Started process (PID=3668) to work on /opt/airflow/dags/pipeline_dag.py
[2026-05-06T16:56:45.903+0000] {processor.py:830} INFO - Processing file /opt/airflow/dags/pipeline_dag.py for tasks to queue
[2026-05-06T16:56:45.905+0000] {logging_mixin.py:188} INFO - [2026-05-06T16:56:45.905+0000] {dagbag.py:545} INFO - Filling up the DagBag from /opt/airflow/dags/pipeline_dag.py
[2026-05-06T16:56:45.924+0000] {processor.py:840} INFO - DAG(s) 'ecommerce_pipeline' retrieved from /opt/airflow/dags/pipeline_dag.py
[2026-05-06T16:56:45.959+0000] {logging_mixin.py:188} INFO - [2026-05-06T16:56:45.959+0000] {dag.py:3096} INFO - Sync 1 DAGs
[2026-05-06T16:56:45.981+0000] {logging_mixin.py:188} INFO - [2026-05-06T16:56:45.981+0000] {dag.py:3954} INFO - Setting next_dagrun for ecommerce_pipeline to 2026-05-06 00:00:00+00:00, run_after=2026-05-07 00:00:00+00:00
[2026-05-06T16:56:46.003+0000] {processor.py:183} INFO - Processing /opt/airflow/dags/pipeline_dag.py took 0.107 seconds
[2026-05-06T16:57:16.858+0000] {processor.py:161} INFO - Started process (PID=3673) to work on /opt/airflow/dags/pipeline_dag.py
[2026-05-06T16:57:16.860+0000] {processor.py:830} INFO - Processing file /opt/airflow/dags/pipeline_dag.py for tasks to queue
[2026-05-06T16:57:16.861+0000] {logging_mixin.py:188} INFO - [2026-05-06T16:57:16.861+0000] {dagbag.py:545} INFO - Filling up the DagBag from /opt/airflow/dags/pipeline_dag.py
[2026-05-06T16:57:16.881+0000] {processor.py:840} INFO - DAG(s) 'ecommerce_pipeline' retrieved from /opt/airflow/dags/pipeline_dag.py
[2026-05-06T16:57:16.920+0000] {logging_mixin.py:188} INFO - [2026-05-06T16:57:16.920+0000] {dag.py:3096} INFO - Sync 1 DAGs
[2026-05-06T16:57:16.941+0000] {logging_mixin.py:188} INFO - [2026-05-06T16:57:16.941+0000] {dag.py:3954} INFO - Setting next_dagrun for ecommerce_pipeline to 2026-05-06 00:00:00+00:00, run_after=2026-05-07 00:00:00+00:00
[2026-05-06T16:57:16.965+0000] {processor.py:183} INFO - Processing /opt/airflow/dags/pipeline_dag.py took 0.112 seconds
[2026-05-06T16:57:47.639+0000] {processor.py:161} INFO - Started process (PID=3678) to work on /opt/airflow/dags/pipeline_dag.py
[2026-05-06T16:57:47.640+0000] {processor.py:830} INFO - Processing file /opt/airflow/dags/pipeline_dag.py for tasks to queue
[2026-05-06T16:57:47.643+0000] {logging_mixin.py:188} INFO - [2026-05-06T16:57:47.642+0000] {dagbag.py:545} INFO - Filling up the DagBag from /opt/airflow/dags/pipeline_dag.py
[2026-05-06T16:57:47.664+0000] {processor.py:840} INFO - DAG(s) 'ecommerce_pipeline' retrieved from /opt/airflow/dags/pipeline_dag.py
[2026-05-06T16:57:47.701+0000] {logging_mixin.py:188} INFO - [2026-05-06T16:57:47.701+0000] {dag.py:3096} INFO - Sync 1 DAGs
[2026-05-06T16:57:47.723+0000] {logging_mixin.py:188} INFO - [2026-05-06T16:57:47.723+0000] {dag.py:3954} INFO - Setting next_dagrun for ecommerce_pipeline to 2026-05-06 00:00:00+00:00, run_after=2026-05-07 00:00:00+00:00
[2026-05-06T16:57:47.743+0000] {processor.py:183} INFO - Processing /opt/airflow/dags/pipeline_dag.py took 0.110 seconds
[2026-05-06T16:58:18.554+0000] {processor.py:161} INFO - Started process (PID=3683) to work on /opt/airflow/dags/pipeline_dag.py
[2026-05-06T16:58:18.555+0000] {processor.py:830} INFO - Processing file /opt/airflow/dags/pipeline_dag.py for tasks to queue
[2026-05-06T16:58:18.558+0000] {logging_mixin.py:188} INFO - [2026-05-06T16:58:18.557+0000] {dagbag.py:545} INFO - Filling up the DagBag from /opt/airflow/dags/pipeline_dag.py
[2026-05-06T16:58:18.581+0000] {processor.py:840} INFO - DAG(s) 'ecommerce_pipeline' retrieved from /opt/airflow/dags/pipeline_dag.py
[2026-05-06T16:58:18.630+0000] {logging_mixin.py:188} INFO - [2026-05-06T16:58:18.629+0000] {dag.py:3096} INFO - Sync 1 DAGs
[2026-05-06T16:58:18.661+0000] {logging_mixin.py:188} INFO - [2026-05-06T16:58:18.661+0000] {dag.py:3954} INFO - Setting next_dagrun for ecommerce_pipeline to 2026-05-06 00:00:00+00:00, run_after=2026-05-07 00:00:00+00:00
[2026-05-06T16:58:18.695+0000] {processor.py:183} INFO - Processing /opt/airflow/dags/pipeline_dag.py took 0.146 seconds
[2026-05-06T16:58:49.357+0000] {processor.py:161} INFO - Started process (PID=3688) to work on /opt/airflow/dags/pipeline_dag.py
[2026-05-06T16:58:49.358+0000] {processor.py:830} INFO - Processing file /opt/airflow/dags/pipeline_dag.py for tasks to queue
[2026-05-06T16:58:49.360+0000] {logging_mixin.py:188} INFO - [2026-05-06T16:58:49.360+0000] {dagbag.py:545} INFO - Filling up the DagBag from /opt/airflow/dags/pipeline_dag.py
[2026-05-06T16:58:49.380+0000] {processor.py:840} INFO - DAG(s) 'ecommerce_pipeline' retrieved from /opt/airflow/dags/pipeline_dag.py
[2026-05-06T16:58:49.414+0000] {logging_mixin.py:188} INFO - [2026-05-06T16:58:49.414+0000] {dag.py:3096} INFO - Sync 1 DAGs
[2026-05-06T16:58:49.437+0000] {logging_mixin.py:188} INFO - [2026-05-06T16:58:49.437+0000] {dag.py:3954} INFO - Setting next_dagrun for ecommerce_pipeline to 2026-05-06 00:00:00+00:00, run_after=2026-05-07 00:00:00+00:00
[2026-05-06T16:58:49.460+0000] {processor.py:183} INFO - Processing /opt/airflow/dags/pipeline_dag.py took 0.109 seconds
[2026-05-06T16:59:20.280+0000] {processor.py:161} INFO - Started process (PID=3693) to work on /opt/airflow/dags/pipeline_dag.py
[2026-05-06T16:59:20.281+0000] {processor.py:830} INFO - Processing file /opt/airflow/dags/pipeline_dag.py for tasks to queue
[2026-05-06T16:59:20.282+0000] {logging_mixin.py:188} INFO - [2026-05-06T16:59:20.282+0000] {dagbag.py:545} INFO - Filling up the DagBag from /opt/airflow/dags/pipeline_dag.py
[2026-05-06T16:59:20.303+0000] {processor.py:840} INFO - DAG(s) 'ecommerce_pipeline' retrieved from /opt/airflow/dags/pipeline_dag.py
[2026-05-06T16:59:20.342+0000] {logging_mixin.py:188} INFO - [2026-05-06T16:59:20.342+0000] {dag.py:3096} INFO - Sync 1 DAGs
[2026-05-06T16:59:20.363+0000] {logging_mixin.py:188} INFO - [2026-05-06T16:59:20.362+0000] {dag.py:3954} INFO - Setting next_dagrun for ecommerce_pipeline to 2026-05-06 00:00:00+00:00, run_after=2026-05-07 00:00:00+00:00
[2026-05-06T16:59:20.384+0000] {processor.py:183} INFO - Processing /opt/airflow/dags/pipeline_dag.py took 0.110 seconds
[2026-05-06T16:59:51.246+0000] {processor.py:161} INFO - Started process (PID=3698) to work on /opt/airflow/dags/pipeline_dag.py
[2026-05-06T16:59:51.248+0000] {processor.py:830} INFO - Processing file /opt/airflow/dags/pipeline_dag.py for tasks to queue
[2026-05-06T16:59:51.250+0000] {logging_mixin.py:188} INFO - [2026-05-06T16:59:51.250+0000] {dagbag.py:545} INFO - Filling up the DagBag from /opt/airflow/dags/pipeline_dag.py
[2026-05-06T16:59:51.270+0000] {processor.py:840} INFO - DAG(s) 'ecommerce_pipeline' retrieved from /opt/airflow/dags/pipeline_dag.py
[2026-05-06T16:59:51.308+0000] {logging_mixin.py:188} INFO - [2026-05-06T16:59:51.307+0000] {dag.py:3096} INFO - Sync 1 DAGs
[2026-05-06T16:59:51.330+0000] {logging_mixin.py:188} INFO - [2026-05-06T16:59:51.330+0000] {dag.py:3954} INFO - Setting next_dagrun for ecommerce_pipeline to 2026-05-06 00:00:00+00:00, run_after=2026-05-07 00:00:00+00:00
[2026-05-06T16:59:51.353+0000] {processor.py:183} INFO - Processing /opt/airflow/dags/pipeline_dag.py took 0.113 seconds
[2026-05-06T17:00:22.003+0000] {processor.py:161} INFO - Started process (PID=3703) to work on /opt/airflow/dags/pipeline_dag.py
[2026-05-06T17:00:22.004+0000] {processor.py:830} INFO - Processing file /opt/airflow/dags/pipeline_dag.py for tasks to queue
[2026-05-06T17:00:22.006+0000] {logging_mixin.py:188} INFO - [2026-05-06T17:00:22.006+0000] {dagbag.py:545} INFO - Filling up the DagBag from /opt/airflow/dags/pipeline_dag.py
[2026-05-06T17:00:22.028+0000] {processor.py:840} INFO - DAG(s) 'ecommerce_pipeline' retrieved from /opt/airflow/dags/pipeline_dag.py
[2026-05-06T17:00:22.083+0000] {logging_mixin.py:188} INFO - [2026-05-06T17:00:22.082+0000] {dag.py:3096} INFO - Sync 1 DAGs
[2026-05-06T17:00:22.105+0000] {logging_mixin.py:188} INFO - [2026-05-06T17:00:22.105+0000] {dag.py:3954} INFO - Setting next_dagrun for ecommerce_pipeline to 2026-05-06 00:00:00+00:00, run_after=2026-05-07 00:00:00+00:00
[2026-05-06T17:00:22.138+0000] {processor.py:183} INFO - Processing /opt/airflow/dags/pipeline_dag.py took 0.144 seconds
[2026-05-06T17:00:52.199+0000] {processor.py:161} INFO - Started process (PID=3708) to work on /opt/airflow/dags/pipeline_dag.py
[2026-05-06T17:00:52.200+0000] {processor.py:830} INFO - Processing file /opt/airflow/dags/pipeline_dag.py for tasks to queue
[2026-05-06T17:00:52.202+0000] {logging_mixin.py:188} INFO - [2026-05-06T17:00:52.202+0000] {dagbag.py:545} INFO - Filling up the DagBag from /opt/airflow/dags/pipeline_dag.py
[2026-05-06T17:00:52.222+0000] {processor.py:840} INFO - DAG(s) 'ecommerce_pipeline' retrieved from /opt/airflow/dags/pipeline_dag.py
[2026-05-06T17:00:52.257+0000] {logging_mixin.py:188} INFO - [2026-05-06T17:00:52.257+0000] {dag.py:3096} INFO - Sync 1 DAGs
[2026-05-06T17:00:52.277+0000] {logging_mixin.py:188} INFO - [2026-05-06T17:00:52.277+0000] {dag.py:3954} INFO - Setting next_dagrun for ecommerce_pipeline to 2026-05-06 00:00:00+00:00, run_after=2026-05-07 00:00:00+00:00
[2026-05-06T17:00:52.297+0000] {processor.py:183} INFO - Processing /opt/airflow/dags/pipeline_dag.py took 0.105 seconds
[2026-05-06T17:01:22.407+0000] {processor.py:161} INFO - Started process (PID=3713) to work on /opt/airflow/dags/pipeline_dag.py
[2026-05-06T17:01:22.408+0000] {processor.py:830} INFO - Processing file /opt/airflow/dags/pipeline_dag.py for tasks to queue
[2026-05-06T17:01:22.410+0000] {logging_mixin.py:188} INFO - [2026-05-06T17:01:22.410+0000] {dagbag.py:545} INFO - Filling up the DagBag from /opt/airflow/dags/pipeline_dag.py
[2026-05-06T17:01:22.430+0000] {processor.py:840} INFO - DAG(s) 'ecommerce_pipeline' retrieved from /opt/airflow/dags/pipeline_dag.py
[2026-05-06T17:01:22.464+0000] {logging_mixin.py:188} INFO - [2026-05-06T17:01:22.464+0000] {dag.py:3096} INFO - Sync 1 DAGs
[2026-05-06T17:01:22.489+0000] {logging_mixin.py:188} INFO - [2026-05-06T17:01:22.489+0000] {dag.py:3954} INFO - Setting next_dagrun for ecommerce_pipeline to 2026-05-06 00:00:00+00:00, run_after=2026-05-07 00:00:00+00:00
[2026-05-06T17:01:22.511+0000] {processor.py:183} INFO - Processing /opt/airflow/dags/pipeline_dag.py took 0.110 seconds
[2026-05-06T17:01:52.944+0000] {processor.py:161} INFO - Started process (PID=3718) to work on /opt/airflow/dags/pipeline_dag.py
[2026-05-06T17:01:52.946+0000] {processor.py:830} INFO - Processing file /opt/airflow/dags/pipeline_dag.py for tasks to queue
[2026-05-06T17:01:52.947+0000] {logging_mixin.py:188} INFO - [2026-05-06T17:01:52.947+0000] {dagbag.py:545} INFO - Filling up the DagBag from /opt/airflow/dags/pipeline_dag.py
[2026-05-06T17:01:52.970+0000] {processor.py:840} INFO - DAG(s) 'ecommerce_pipeline' retrieved from /opt/airflow/dags/pipeline_dag.py
[2026-05-06T17:01:53.006+0000] {logging_mixin.py:188} INFO - [2026-05-06T17:01:53.006+0000] {dag.py:3096} INFO - Sync 1 DAGs
[2026-05-06T17:01:53.028+0000] {logging_mixin.py:188} INFO - [2026-05-06T17:01:53.028+0000] {dag.py:3954} INFO - Setting next_dagrun for ecommerce_pipeline to 2026-05-06 00:00:00+00:00, run_after=2026-05-07 00:00:00+00:00
[2026-05-06T17:01:53.052+0000] {processor.py:183} INFO - Processing /opt/airflow/dags/pipeline_dag.py took 0.114 seconds
[2026-05-06T17:02:23.842+0000] {processor.py:161} INFO - Started process (PID=3723) to work on /opt/airflow/dags/pipeline_dag.py
[2026-05-06T17:02:23.844+0000] {processor.py:830} INFO - Processing file /opt/airflow/dags/pipeline_dag.py for tasks to queue
[2026-05-06T17:02:23.846+0000] {logging_mixin.py:188} INFO - [2026-05-06T17:02:23.845+0000] {dagbag.py:545} INFO - Filling up the DagBag from /opt/airflow/dags/pipeline_dag.py
[2026-05-06T17:02:23.868+0000] {processor.py:840} INFO - DAG(s) 'ecommerce_pipeline' retrieved from /opt/airflow/dags/pipeline_dag.py
[2026-05-06T17:02:23.912+0000] {logging_mixin.py:188} INFO - [2026-05-06T17:02:23.912+0000] {dag.py:3096} INFO - Sync 1 DAGs
[2026-05-06T17:02:23.935+0000] {logging_mixin.py:188} INFO - [2026-05-06T17:02:23.935+0000] {dag.py:3954} INFO - Setting next_dagrun for ecommerce_pipeline to 2026-05-06 00:00:00+00:00, run_after=2026-05-07 00:00:00+00:00
[2026-05-06T17:02:23.960+0000] {processor.py:183} INFO - Processing /opt/airflow/dags/pipeline_dag.py took 0.124 seconds
[2026-05-06T17:02:54.644+0000] {processor.py:161} INFO - Started process (PID=3728) to work on /opt/airflow/dags/pipeline_dag.py
[2026-05-06T17:02:54.646+0000] {processor.py:830} INFO - Processing file /opt/airflow/dags/pipeline_dag.py for tasks to queue
[2026-05-06T17:02:54.648+0000] {logging_mixin.py:188} INFO - [2026-05-06T17:02:54.647+0000] {dagbag.py:545} INFO - Filling up the DagBag from /opt/airflow/dags/pipeline_dag.py
[2026-05-06T17:02:54.670+0000] {processor.py:840} INFO - DAG(s) 'ecommerce_pipeline' retrieved from /opt/airflow/dags/pipeline_dag.py
[2026-05-06T17:02:54.717+0000] {logging_mixin.py:188} INFO - [2026-05-06T17:02:54.717+0000] {dag.py:3096} INFO - Sync 1 DAGs
[2026-05-06T17:02:54.742+0000] {logging_mixin.py:188} INFO - [2026-05-06T17:02:54.742+0000] {dag.py:3954} INFO - Setting next_dagrun for ecommerce_pipeline to 2026-05-06 00:00:00+00:00, run_after=2026-05-07 00:00:00+00:00
[2026-05-06T17:02:54.764+0000] {processor.py:183} INFO - Processing /opt/airflow/dags/pipeline_dag.py took 0.125 seconds
[2026-05-06T17:03:25.566+0000] {processor.py:161} INFO - Started process (PID=3733) to work on /opt/airflow/dags/pipeline_dag.py
[2026-05-06T17:03:25.567+0000] {processor.py:830} INFO - Processing file /opt/airflow/dags/pipeline_dag.py for tasks to queue
[2026-05-06T17:03:25.570+0000] {logging_mixin.py:188} INFO - [2026-05-06T17:03:25.570+0000] {dagbag.py:545} INFO - Filling up the DagBag from /opt/airflow/dags/pipeline_dag.py
[2026-05-06T17:03:25.591+0000] {processor.py:840} INFO - DAG(s) 'ecommerce_pipeline' retrieved from /opt/airflow/dags/pipeline_dag.py
[2026-05-06T17:03:25.651+0000] {logging_mixin.py:188} INFO - [2026-05-06T17:03:25.651+0000] {dag.py:3096} INFO - Sync 1 DAGs
[2026-05-06T17:03:25.686+0000] {logging_mixin.py:188} INFO - [2026-05-06T17:03:25.685+0000] {dag.py:3954} INFO - Setting next_dagrun for ecommerce_pipeline to 2026-05-06 00:00:00+00:00, run_after=2026-05-07 00:00:00+00:00
[2026-05-06T17:03:25.712+0000] {processor.py:183} INFO - Processing /opt/airflow/dags/pipeline_dag.py took 0.153 seconds
[2026-05-06T17:03:56.482+0000] {processor.py:161} INFO - Started process (PID=3738) to work on /opt/airflow/dags/pipeline_dag.py
[2026-05-06T17:03:56.483+0000] {processor.py:830} INFO - Processing file /opt/airflow/dags/pipeline_dag.py for tasks to queue
[2026-05-06T17:03:56.485+0000] {logging_mixin.py:188} INFO - [2026-05-06T17:03:56.485+0000] {dagbag.py:545} INFO - Filling up the DagBag from /opt/airflow/dags/pipeline_dag.py
[2026-05-06T17:03:56.507+0000] {processor.py:840} INFO - DAG(s) 'ecommerce_pipeline' retrieved from /opt/airflow/dags/pipeline_dag.py
[2026-05-06T17:03:56.543+0000] {logging_mixin.py:188} INFO - [2026-05-06T17:03:56.543+0000] {dag.py:3096} INFO - Sync 1 DAGs
[2026-05-06T17:03:56.564+0000] {logging_mixin.py:188} INFO - [2026-05-06T17:03:56.564+0000] {dag.py:3954} INFO - Setting next_dagrun for ecommerce_pipeline to 2026-05-06 00:00:00+00:00, run_after=2026-05-07 00:00:00+00:00
[2026-05-06T17:03:56.584+0000] {processor.py:183} INFO - Processing /opt/airflow/dags/pipeline_dag.py took 0.107 seconds
[2026-05-06T17:04:27.533+0000] {processor.py:161} INFO - Started process (PID=3743) to work on /opt/airflow/dags/pipeline_dag.py
[2026-05-06T17:04:27.534+0000] {processor.py:830} INFO - Processing file /opt/airflow/dags/pipeline_dag.py for tasks to queue
[2026-05-06T17:04:27.536+0000] {logging_mixin.py:188} INFO - [2026-05-06T17:04:27.536+0000] {dagbag.py:545} INFO - Filling up the DagBag from /opt/airflow/dags/pipeline_dag.py
[2026-05-06T17:04:27.556+0000] {processor.py:840} INFO - DAG(s) 'ecommerce_pipeline' retrieved from /opt/airflow/dags/pipeline_dag.py
[2026-05-06T17:04:27.605+0000] {logging_mixin.py:188} INFO - [2026-05-06T17:04:27.600+0000] {dag.py:3096} INFO - Sync 1 DAGs
[2026-05-06T17:04:27.665+0000] {logging_mixin.py:188} INFO - [2026-05-06T17:04:27.665+0000] {dag.py:3954} INFO - Setting next_dagrun for ecommerce_pipeline to 2026-05-06 00:00:00+00:00, run_after=2026-05-07 00:00:00+00:00
[2026-05-06T17:04:27.690+0000] {processor.py:183} INFO - Processing /opt/airflow/dags/pipeline_dag.py took 0.162 seconds
[2026-05-06T17:04:58.383+0000] {processor.py:161} INFO - Started process (PID=3748) to work on /opt/airflow/dags/pipeline_dag.py
[2026-05-06T17:04:58.385+0000] {processor.py:830} INFO - Processing file /opt/airflow/dags/pipeline_dag.py for tasks to queue
[2026-05-06T17:04:58.387+0000] {logging_mixin.py:188} INFO - [2026-05-06T17:04:58.387+0000] {dagbag.py:545} INFO - Filling up the DagBag from /opt/airflow/dags/pipeline_dag.py
[2026-05-06T17:04:58.405+0000] {processor.py:840} INFO - DAG(s) 'ecommerce_pipeline' retrieved from /opt/airflow/dags/pipeline_dag.py
[2026-05-06T17:04:58.444+0000] {logging_mixin.py:188} INFO - [2026-05-06T17:04:58.443+0000] {dag.py:3096} INFO - Sync 1 DAGs
[2026-05-06T17:04:58.466+0000] {logging_mixin.py:188} INFO - [2026-05-06T17:04:58.466+0000] {dag.py:3954} INFO - Setting next_dagrun for ecommerce_pipeline to 2026-05-06 00:00:00+00:00, run_after=2026-05-07 00:00:00+00:00
[2026-05-06T17:04:58.488+0000] {processor.py:183} INFO - Processing /opt/airflow/dags/pipeline_dag.py took 0.110 seconds
[2026-05-06T17:05:29.400+0000] {processor.py:161} INFO - Started process (PID=3753) to work on /opt/airflow/dags/pipeline_dag.py
[2026-05-06T17:05:29.401+0000] {processor.py:830} INFO - Processing file /opt/airflow/dags/pipeline_dag.py for tasks to queue
[2026-05-06T17:05:29.403+0000] {logging_mixin.py:188} INFO - [2026-05-06T17:05:29.403+0000] {dagbag.py:545} INFO - Filling up the DagBag from /opt/airflow/dags/pipeline_dag.py
[2026-05-06T17:05:29.423+0000] {processor.py:840} INFO - DAG(s) 'ecommerce_pipeline' retrieved from /opt/airflow/dags/pipeline_dag.py
[2026-05-06T17:05:29.456+0000] {logging_mixin.py:188} INFO - [2026-05-06T17:05:29.456+0000] {dag.py:3096} INFO - Sync 1 DAGs
[2026-05-06T17:05:29.476+0000] {logging_mixin.py:188} INFO - [2026-05-06T17:05:29.476+0000] {dag.py:3954} INFO - Setting next_dagrun for ecommerce_pipeline to 2026-05-06 00:00:00+00:00, run_after=2026-05-07 00:00:00+00:00
[2026-05-06T17:05:29.497+0000] {processor.py:183} INFO - Processing /opt/airflow/dags/pipeline_dag.py took 0.104 seconds
[2026-05-06T17:06:00.185+0000] {processor.py:161} INFO - Started process (PID=3758) to work on /opt/airflow/dags/pipeline_dag.py
[2026-05-06T17:06:00.187+0000] {processor.py:830} INFO - Processing file /opt/airflow/dags/pipeline_dag.py for tasks to queue
[2026-05-06T17:06:00.189+0000] {logging_mixin.py:188} INFO - [2026-05-06T17:06:00.189+0000] {dagbag.py:545} INFO - Filling up the DagBag from /opt/airflow/dags/pipeline_dag.py
[2026-05-06T17:06:00.209+0000] {processor.py:840} INFO - DAG(s) 'ecommerce_pipeline' retrieved from /opt/airflow/dags/pipeline_dag.py
[2026-05-06T17:06:00.247+0000] {logging_mixin.py:188} INFO - [2026-05-06T17:06:00.247+0000] {dag.py:3096} INFO - Sync 1 DAGs
[2026-05-06T17:06:00.269+0000] {logging_mixin.py:188} INFO - [2026-05-06T17:06:00.269+0000] {dag.py:3954} INFO - Setting next_dagrun for ecommerce_pipeline to 2026-05-06 00:00:00+00:00, run_after=2026-05-07 00:00:00+00:00
[2026-05-06T17:06:00.290+0000] {processor.py:183} INFO - Processing /opt/airflow/dags/pipeline_dag.py took 0.110 seconds
[2026-05-06T17:06:31.070+0000] {processor.py:161} INFO - Started process (PID=3763) to work on /opt/airflow/dags/pipeline_dag.py
[2026-05-06T17:06:31.072+0000] {processor.py:830} INFO - Processing file /opt/airflow/dags/pipeline_dag.py for tasks to queue
[2026-05-06T17:06:31.074+0000] {logging_mixin.py:188} INFO - [2026-05-06T17:06:31.074+0000] {dagbag.py:545} INFO - Filling up the DagBag from /opt/airflow/dags/pipeline_dag.py
[2026-05-06T17:06:31.093+0000] {processor.py:840} INFO - DAG(s) 'ecommerce_pipeline' retrieved from /opt/airflow/dags/pipeline_dag.py
[2026-05-06T17:06:31.131+0000] {logging_mixin.py:188} INFO - [2026-05-06T17:06:31.131+0000] {dag.py:3096} INFO - Sync 1 DAGs
[2026-05-06T17:06:31.154+0000] {logging_mixin.py:188} INFO - [2026-05-06T17:06:31.154+0000] {dag.py:3954} INFO - Setting next_dagrun for ecommerce_pipeline to 2026-05-06 00:00:00+00:00, run_after=2026-05-07 00:00:00+00:00
[2026-05-06T17:06:31.174+0000] {processor.py:183} INFO - Processing /opt/airflow/dags/pipeline_dag.py took 0.109 seconds
[2026-05-06T17:07:01.997+0000] {processor.py:161} INFO - Started process (PID=3768) to work on /opt/airflow/dags/pipeline_dag.py
[2026-05-06T17:07:01.998+0000] {processor.py:830} INFO - Processing file /opt/airflow/dags/pipeline_dag.py for tasks to queue
[2026-05-06T17:07:01.999+0000] {logging_mixin.py:188} INFO - [2026-05-06T17:07:01.999+0000] {dagbag.py:545} INFO - Filling up the DagBag from /opt/airflow/dags/pipeline_dag.py
[2026-05-06T17:07:02.020+0000] {processor.py:840} INFO - DAG(s) 'ecommerce_pipeline' retrieved from /opt/airflow/dags/pipeline_dag.py
[2026-05-06T17:07:02.058+0000] {logging_mixin.py:188} INFO - [2026-05-06T17:07:02.057+0000] {dag.py:3096} INFO - Sync 1 DAGs
[2026-05-06T17:07:02.080+0000] {logging_mixin.py:188} INFO - [2026-05-06T17:07:02.080+0000] {dag.py:3954} INFO - Setting next_dagrun for ecommerce_pipeline to 2026-05-06 00:00:00+00:00, run_after=2026-05-07 00:00:00+00:00
[2026-05-06T17:07:02.101+0000] {processor.py:183} INFO - Processing /opt/airflow/dags/pipeline_dag.py took 0.110 seconds
[2026-05-06T17:07:32.947+0000] {processor.py:161} INFO - Started process (PID=3773) to work on /opt/airflow/dags/pipeline_dag.py
[2026-05-06T17:07:32.950+0000] {processor.py:830} INFO - Processing file /opt/airflow/dags/pipeline_dag.py for tasks to queue
[2026-05-06T17:07:32.952+0000] {logging_mixin.py:188} INFO - [2026-05-06T17:07:32.951+0000] {dagbag.py:545} INFO - Filling up the DagBag from /opt/airflow/dags/pipeline_dag.py
[2026-05-06T17:07:32.971+0000] {processor.py:840} INFO - DAG(s) 'ecommerce_pipeline' retrieved from /opt/airflow/dags/pipeline_dag.py
[2026-05-06T17:07:33.007+0000] {logging_mixin.py:188} INFO - [2026-05-06T17:07:33.007+0000] {dag.py:3096} INFO - Sync 1 DAGs
[2026-05-06T17:07:33.031+0000] {logging_mixin.py:188} INFO - [2026-05-06T17:07:33.031+0000] {dag.py:3954} INFO - Setting next_dagrun for ecommerce_pipeline to 2026-05-06 00:00:00+00:00, run_after=2026-05-07 00:00:00+00:00
[2026-05-06T17:07:33.054+0000] {processor.py:183} INFO - Processing /opt/airflow/dags/pipeline_dag.py took 0.112 seconds
[2026-05-06T17:08:03.901+0000] {processor.py:161} INFO - Started process (PID=3778) to work on /opt/airflow/dags/pipeline_dag.py
[2026-05-06T17:08:03.902+0000] {processor.py:830} INFO - Processing file /opt/airflow/dags/pipeline_dag.py for tasks to queue
[2026-05-06T17:08:03.904+0000] {logging_mixin.py:188} INFO - [2026-05-06T17:08:03.904+0000] {dagbag.py:545} INFO - Filling up the DagBag from /opt/airflow/dags/pipeline_dag.py
[2026-05-06T17:08:03.924+0000] {processor.py:840} INFO - DAG(s) 'ecommerce_pipeline' retrieved from /opt/airflow/dags/pipeline_dag.py
[2026-05-06T17:08:03.961+0000] {logging_mixin.py:188} INFO - [2026-05-06T17:08:03.960+0000] {dag.py:3096} INFO - Sync 1 DAGs
[2026-05-06T17:08:03.983+0000] {logging_mixin.py:188} INFO - [2026-05-06T17:08:03.983+0000] {dag.py:3954} INFO - Setting next_dagrun for ecommerce_pipeline to 2026-05-06 00:00:00+00:00, run_after=2026-05-07 00:00:00+00:00
[2026-05-06T17:08:04.004+0000] {processor.py:183} INFO - Processing /opt/airflow/dags/pipeline_dag.py took 0.109 seconds
[2026-05-06T17:08:34.897+0000] {processor.py:161} INFO - Started process (PID=3783) to work on /opt/airflow/dags/pipeline_dag.py
[2026-05-06T17:08:34.898+0000] {processor.py:830} INFO - Processing file /opt/airflow/dags/pipeline_dag.py for tasks to queue
[2026-05-06T17:08:34.900+0000] {logging_mixin.py:188} INFO - [2026-05-06T17:08:34.899+0000] {dagbag.py:545} INFO - Filling up the DagBag from /opt/airflow/dags/pipeline_dag.py
[2026-05-06T17:08:34.920+0000] {processor.py:840} INFO - DAG(s) 'ecommerce_pipeline' retrieved from /opt/airflow/dags/pipeline_dag.py
[2026-05-06T17:08:34.960+0000] {logging_mixin.py:188} INFO - [2026-05-06T17:08:34.960+0000] {dag.py:3096} INFO - Sync 1 DAGs
[2026-05-06T17:08:34.979+0000] {logging_mixin.py:188} INFO - [2026-05-06T17:08:34.979+0000] {dag.py:3954} INFO - Setting next_dagrun for ecommerce_pipeline to 2026-05-06 00:00:00+00:00, run_after=2026-05-07 00:00:00+00:00
[2026-05-06T17:08:35.001+0000] {processor.py:183} INFO - Processing /opt/airflow/dags/pipeline_dag.py took 0.109 seconds
[2026-05-06T17:09:05.843+0000] {processor.py:161} INFO - Started process (PID=3788) to work on /opt/airflow/dags/pipeline_dag.py
[2026-05-06T17:09:05.844+0000] {processor.py:830} INFO - Processing file /opt/airflow/dags/pipeline_dag.py for tasks to queue
[2026-05-06T17:09:05.846+0000] {logging_mixin.py:188} INFO - [2026-05-06T17:09:05.846+0000] {dagbag.py:545} INFO - Filling up the DagBag from /opt/airflow/dags/pipeline_dag.py
[2026-05-06T17:09:05.865+0000] {processor.py:840} INFO - DAG(s) 'ecommerce_pipeline' retrieved from /opt/airflow/dags/pipeline_dag.py
[2026-05-06T17:09:05.903+0000] {logging_mixin.py:188} INFO - [2026-05-06T17:09:05.902+0000] {dag.py:3096} INFO - Sync 1 DAGs
[2026-05-06T17:09:05.925+0000] {logging_mixin.py:188} INFO - [2026-05-06T17:09:05.925+0000] {dag.py:3954} INFO - Setting next_dagrun for ecommerce_pipeline to 2026-05-06 00:00:00+00:00, run_after=2026-05-07 00:00:00+00:00
[2026-05-06T17:09:05.947+0000] {processor.py:183} INFO - Processing /opt/airflow/dags/pipeline_dag.py took 0.110 seconds
[2026-05-06T17:09:36.936+0000] {processor.py:161} INFO - Started process (PID=3793) to work on /opt/airflow/dags/pipeline_dag.py
[2026-05-06T17:09:36.937+0000] {processor.py:830} INFO - Processing file /opt/airflow/dags/pipeline_dag.py for tasks to queue
[2026-05-06T17:09:36.938+0000] {logging_mixin.py:188} INFO - [2026-05-06T17:09:36.938+0000] {dagbag.py:545} INFO - Filling up the DagBag from /opt/airflow/dags/pipeline_dag.py
[2026-05-06T17:09:36.957+0000] {processor.py:840} INFO - DAG(s) 'ecommerce_pipeline' retrieved from /opt/airflow/dags/pipeline_dag.py
[2026-05-06T17:09:36.994+0000] {logging_mixin.py:188} INFO - [2026-05-06T17:09:36.994+0000] {dag.py:3096} INFO - Sync 1 DAGs
[2026-05-06T17:09:37.016+0000] {logging_mixin.py:188} INFO - [2026-05-06T17:09:37.016+0000] {dag.py:3954} INFO - Setting next_dagrun for ecommerce_pipeline to 2026-05-06 00:00:00+00:00, run_after=2026-05-07 00:00:00+00:00
[2026-05-06T17:09:37.039+0000] {processor.py:183} INFO - Processing /opt/airflow/dags/pipeline_dag.py took 0.108 seconds
[2026-05-06T17:10:07.198+0000] {processor.py:161} INFO - Started process (PID=3798) to work on /opt/airflow/dags/pipeline_dag.py
[2026-05-06T17:10:07.199+0000] {processor.py:830} INFO - Processing file /opt/airflow/dags/pipeline_dag.py for tasks to queue
[2026-05-06T17:10:07.202+0000] {logging_mixin.py:188} INFO - [2026-05-06T17:10:07.201+0000] {dagbag.py:545} INFO - Filling up the DagBag from /opt/airflow/dags/pipeline_dag.py
[2026-05-06T17:10:07.220+0000] {processor.py:840} INFO - DAG(s) 'ecommerce_pipeline' retrieved from /opt/airflow/dags/pipeline_dag.py
[2026-05-06T17:10:07.256+0000] {logging_mixin.py:188} INFO - [2026-05-06T17:10:07.256+0000] {dag.py:3096} INFO - Sync 1 DAGs
[2026-05-06T17:10:07.279+0000] {logging_mixin.py:188} INFO - [2026-05-06T17:10:07.279+0000] {dag.py:3954} INFO - Setting next_dagrun for ecommerce_pipeline to 2026-05-06 00:00:00+00:00, run_after=2026-05-07 00:00:00+00:00
[2026-05-06T17:10:07.297+0000] {processor.py:183} INFO - Processing /opt/airflow/dags/pipeline_dag.py took 0.105 seconds
[2026-05-06T17:10:37.400+0000] {processor.py:161} INFO - Started process (PID=3803) to work on /opt/airflow/dags/pipeline_dag.py
[2026-05-06T17:10:37.401+0000] {processor.py:830} INFO - Processing file /opt/airflow/dags/pipeline_dag.py for tasks to queue
[2026-05-06T17:10:37.403+0000] {logging_mixin.py:188} INFO - [2026-05-06T17:10:37.402+0000] {dagbag.py:545} INFO - Filling up the DagBag from /opt/airflow/dags/pipeline_dag.py
[2026-05-06T17:10:37.422+0000] {processor.py:840} INFO - DAG(s) 'ecommerce_pipeline' retrieved from /opt/airflow/dags/pipeline_dag.py
[2026-05-06T17:10:37.461+0000] {logging_mixin.py:188} INFO - [2026-05-06T17:10:37.461+0000] {dag.py:3096} INFO - Sync 1 DAGs
[2026-05-06T17:10:37.483+0000] {logging_mixin.py:188} INFO - [2026-05-06T17:10:37.482+0000] {dag.py:3954} INFO - Setting next_dagrun for ecommerce_pipeline to 2026-05-06 00:00:00+00:00, run_after=2026-05-07 00:00:00+00:00
[2026-05-06T17:10:37.505+0000] {processor.py:183} INFO - Processing /opt/airflow/dags/pipeline_dag.py took 0.111 seconds
[2026-05-06T17:11:07.891+0000] {processor.py:161} INFO - Started process (PID=3808) to work on /opt/airflow/dags/pipeline_dag.py
[2026-05-06T17:11:07.893+0000] {processor.py:830} INFO - Processing file /opt/airflow/dags/pipeline_dag.py for tasks to queue
[2026-05-06T17:11:07.894+0000] {logging_mixin.py:188} INFO - [2026-05-06T17:11:07.894+0000] {dagbag.py:545} INFO - Filling up the DagBag from /opt/airflow/dags/pipeline_dag.py
[2026-05-06T17:11:07.911+0000] {processor.py:840} INFO - DAG(s) 'ecommerce_pipeline' retrieved from /opt/airflow/dags/pipeline_dag.py
[2026-05-06T17:11:07.949+0000] {logging_mixin.py:188} INFO - [2026-05-06T17:11:07.949+0000] {dag.py:3096} INFO - Sync 1 DAGs
[2026-05-06T17:11:07.972+0000] {logging_mixin.py:188} INFO - [2026-05-06T17:11:07.972+0000] {dag.py:3954} INFO - Setting next_dagrun for ecommerce_pipeline to 2026-05-06 00:00:00+00:00, run_after=2026-05-07 00:00:00+00:00
[2026-05-06T17:11:07.994+0000] {processor.py:183} INFO - Processing /opt/airflow/dags/pipeline_dag.py took 0.108 seconds
[2026-05-06T17:11:38.822+0000] {processor.py:161} INFO - Started process (PID=3813) to work on /opt/airflow/dags/pipeline_dag.py
[2026-05-06T17:11:38.823+0000] {processor.py:830} INFO - Processing file /opt/airflow/dags/pipeline_dag.py for tasks to queue
[2026-05-06T17:11:38.824+0000] {logging_mixin.py:188} INFO - [2026-05-06T17:11:38.824+0000] {dagbag.py:545} INFO - Filling up the DagBag from /opt/airflow/dags/pipeline_dag.py
[2026-05-06T17:11:38.844+0000] {processor.py:840} INFO - DAG(s) 'ecommerce_pipeline' retrieved from /opt/airflow/dags/pipeline_dag.py
[2026-05-06T17:11:38.879+0000] {logging_mixin.py:188} INFO - [2026-05-06T17:11:38.879+0000] {dag.py:3096} INFO - Sync 1 DAGs
[2026-05-06T17:11:38.897+0000] {logging_mixin.py:188} INFO - [2026-05-06T17:11:38.897+0000] {dag.py:3954} INFO - Setting next_dagrun for ecommerce_pipeline to 2026-05-06 00:00:00+00:00, run_after=2026-05-07 00:00:00+00:00
[2026-05-06T17:11:38.918+0000] {processor.py:183} INFO - Processing /opt/airflow/dags/pipeline_dag.py took 0.102 seconds
[2026-05-06T17:12:09.811+0000] {processor.py:161} INFO - Started process (PID=3818) to work on /opt/airflow/dags/pipeline_dag.py
[2026-05-06T17:12:09.812+0000] {processor.py:830} INFO - Processing file /opt/airflow/dags/pipeline_dag.py for tasks to queue
[2026-05-06T17:12:09.813+0000] {logging_mixin.py:188} INFO - [2026-05-06T17:12:09.813+0000] {dagbag.py:545} INFO - Filling up the DagBag from /opt/airflow/dags/pipeline_dag.py
[2026-05-06T17:12:09.831+0000] {processor.py:840} INFO - DAG(s) 'ecommerce_pipeline' retrieved from /opt/airflow/dags/pipeline_dag.py
[2026-05-06T17:12:09.866+0000] {logging_mixin.py:188} INFO - [2026-05-06T17:12:09.866+0000] {dag.py:3096} INFO - Sync 1 DAGs
[2026-05-06T17:12:09.890+0000] {logging_mixin.py:188} INFO - [2026-05-06T17:12:09.890+0000] {dag.py:3954} INFO - Setting next_dagrun for ecommerce_pipeline to 2026-05-06 00:00:00+00:00, run_after=2026-05-07 00:00:00+00:00
[2026-05-06T17:12:09.910+0000] {processor.py:183} INFO - Processing /opt/airflow/dags/pipeline_dag.py took 0.104 seconds
[2026-05-06T17:12:40.708+0000] {processor.py:161} INFO - Started process (PID=3823) to work on /opt/airflow/dags/pipeline_dag.py
[2026-05-06T17:12:40.710+0000] {processor.py:830} INFO - Processing file /opt/airflow/dags/pipeline_dag.py for tasks to queue
[2026-05-06T17:12:40.712+0000] {logging_mixin.py:188} INFO - [2026-05-06T17:12:40.712+0000] {dagbag.py:545} INFO - Filling up the DagBag from /opt/airflow/dags/pipeline_dag.py
[2026-05-06T17:12:40.732+0000] {processor.py:840} INFO - DAG(s) 'ecommerce_pipeline' retrieved from /opt/airflow/dags/pipeline_dag.py
[2026-05-06T17:12:40.769+0000] {logging_mixin.py:188} INFO - [2026-05-06T17:12:40.769+0000] {dag.py:3096} INFO - Sync 1 DAGs
[2026-05-06T17:12:40.790+0000] {logging_mixin.py:188} INFO - [2026-05-06T17:12:40.789+0000] {dag.py:3954} INFO - Setting next_dagrun for ecommerce_pipeline to 2026-05-06 00:00:00+00:00, run_after=2026-05-07 00:00:00+00:00
[2026-05-06T17:12:40.812+0000] {processor.py:183} INFO - Processing /opt/airflow/dags/pipeline_dag.py took 0.109 seconds
[2026-05-06T17:13:11.715+0000] {processor.py:161} INFO - Started process (PID=3828) to work on /opt/airflow/dags/pipeline_dag.py
[2026-05-06T17:13:11.716+0000] {processor.py:830} INFO - Processing file /opt/airflow/dags/pipeline_dag.py for tasks to queue
[2026-05-06T17:13:11.718+0000] {logging_mixin.py:188} INFO - [2026-05-06T17:13:11.717+0000] {dagbag.py:545} INFO - Filling up the DagBag from /opt/airflow/dags/pipeline_dag.py
[2026-05-06T17:13:11.737+0000] {processor.py:840} INFO - DAG(s) 'ecommerce_pipeline' retrieved from /opt/airflow/dags/pipeline_dag.py
[2026-05-06T17:13:11.773+0000] {logging_mixin.py:188} INFO - [2026-05-06T17:13:11.772+0000] {dag.py:3096} INFO - Sync 1 DAGs
[2026-05-06T17:13:11.793+0000] {logging_mixin.py:188} INFO - [2026-05-06T17:13:11.793+0000] {dag.py:3954} INFO - Setting next_dagrun for ecommerce_pipeline to 2026-05-06 00:00:00+00:00, run_after=2026-05-07 00:00:00+00:00
[2026-05-06T17:13:11.815+0000] {processor.py:183} INFO - Processing /opt/airflow/dags/pipeline_dag.py took 0.105 seconds
[2026-05-06T17:13:42.649+0000] {processor.py:161} INFO - Started process (PID=3833) to work on /opt/airflow/dags/pipeline_dag.py
[2026-05-06T17:13:42.650+0000] {processor.py:830} INFO - Processing file /opt/airflow/dags/pipeline_dag.py for tasks to queue
[2026-05-06T17:13:42.652+0000] {logging_mixin.py:188} INFO - [2026-05-06T17:13:42.651+0000] {dagbag.py:545} INFO - Filling up the DagBag from /opt/airflow/dags/pipeline_dag.py
[2026-05-06T17:13:42.673+0000] {processor.py:840} INFO - DAG(s) 'ecommerce_pipeline' retrieved from /opt/airflow/dags/pipeline_dag.py
[2026-05-06T17:13:42.718+0000] {logging_mixin.py:188} INFO - [2026-05-06T17:13:42.718+0000] {dag.py:3096} INFO - Sync 1 DAGs
[2026-05-06T17:13:42.746+0000] {logging_mixin.py:188} INFO - [2026-05-06T17:13:42.746+0000] {dag.py:3954} INFO - Setting next_dagrun for ecommerce_pipeline to 2026-05-06 00:00:00+00:00, run_after=2026-05-07 00:00:00+00:00
[2026-05-06T17:13:42.770+0000] {processor.py:183} INFO - Processing /opt/airflow/dags/pipeline_dag.py took 0.128 seconds
[2026-05-06T17:14:13.752+0000] {processor.py:161} INFO - Started process (PID=3838) to work on /opt/airflow/dags/pipeline_dag.py
[2026-05-06T17:14:13.753+0000] {processor.py:830} INFO - Processing file /opt/airflow/dags/pipeline_dag.py for tasks to queue
[2026-05-06T17:14:13.755+0000] {logging_mixin.py:188} INFO - [2026-05-06T17:14:13.754+0000] {dagbag.py:545} INFO - Filling up the DagBag from /opt/airflow/dags/pipeline_dag.py
[2026-05-06T17:14:13.778+0000] {processor.py:840} INFO - DAG(s) 'ecommerce_pipeline' retrieved from /opt/airflow/dags/pipeline_dag.py
[2026-05-06T17:14:13.814+0000] {logging_mixin.py:188} INFO - [2026-05-06T17:14:13.814+0000] {dag.py:3096} INFO - Sync 1 DAGs
[2026-05-06T17:14:13.835+0000] {logging_mixin.py:188} INFO - [2026-05-06T17:14:13.835+0000] {dag.py:3954} INFO - Setting next_dagrun for ecommerce_pipeline to 2026-05-06 00:00:00+00:00, run_after=2026-05-07 00:00:00+00:00
[2026-05-06T17:14:13.855+0000] {processor.py:183} INFO - Processing /opt/airflow/dags/pipeline_dag.py took 0.108 seconds
[2026-05-06T17:14:44.608+0000] {processor.py:161} INFO - Started process (PID=3843) to work on /opt/airflow/dags/pipeline_dag.py
[2026-05-06T17:14:44.609+0000] {processor.py:830} INFO - Processing file /opt/airflow/dags/pipeline_dag.py for tasks to queue
[2026-05-06T17:14:44.611+0000] {logging_mixin.py:188} INFO - [2026-05-06T17:14:44.610+0000] {dagbag.py:545} INFO - Filling up the DagBag from /opt/airflow/dags/pipeline_dag.py
[2026-05-06T17:14:44.631+0000] {processor.py:840} INFO - DAG(s) 'ecommerce_pipeline' retrieved from /opt/airflow/dags/pipeline_dag.py
[2026-05-06T17:14:44.670+0000] {logging_mixin.py:188} INFO - [2026-05-06T17:14:44.670+0000] {dag.py:3096} INFO - Sync 1 DAGs
[2026-05-06T17:14:44.692+0000] {logging_mixin.py:188} INFO - [2026-05-06T17:14:44.692+0000] {dag.py:3954} INFO - Setting next_dagrun for ecommerce_pipeline to 2026-05-06 00:00:00+00:00, run_after=2026-05-07 00:00:00+00:00
[2026-05-06T17:14:44.716+0000] {processor.py:183} INFO - Processing /opt/airflow/dags/pipeline_dag.py took 0.114 seconds
[2026-05-06T17:15:15.549+0000] {processor.py:161} INFO - Started process (PID=3848) to work on /opt/airflow/dags/pipeline_dag.py
[2026-05-06T17:15:15.550+0000] {processor.py:830} INFO - Processing file /opt/airflow/dags/pipeline_dag.py for tasks to queue
[2026-05-06T17:15:15.552+0000] {logging_mixin.py:188} INFO - [2026-05-06T17:15:15.552+0000] {dagbag.py:545} INFO - Filling up the DagBag from /opt/airflow/dags/pipeline_dag.py
[2026-05-06T17:15:15.574+0000] {processor.py:840} INFO - DAG(s) 'ecommerce_pipeline' retrieved from /opt/airflow/dags/pipeline_dag.py
[2026-05-06T17:15:15.612+0000] {logging_mixin.py:188} INFO - [2026-05-06T17:15:15.611+0000] {dag.py:3096} INFO - Sync 1 DAGs
[2026-05-06T17:15:15.632+0000] {logging_mixin.py:188} INFO - [2026-05-06T17:15:15.632+0000] {dag.py:3954} INFO - Setting next_dagrun for ecommerce_pipeline to 2026-05-06 00:00:00+00:00, run_after=2026-05-07 00:00:00+00:00
[2026-05-06T17:15:15.653+0000] {processor.py:183} INFO - Processing /opt/airflow/dags/pipeline_dag.py took 0.108 seconds
[2026-05-06T17:15:46.519+0000] {processor.py:161} INFO - Started process (PID=3853) to work on /opt/airflow/dags/pipeline_dag.py
[2026-05-06T17:15:46.520+0000] {processor.py:830} INFO - Processing file /opt/airflow/dags/pipeline_dag.py for tasks to queue
[2026-05-06T17:15:46.521+0000] {logging_mixin.py:188} INFO - [2026-05-06T17:15:46.521+0000] {dagbag.py:545} INFO - Filling up the DagBag from /opt/airflow/dags/pipeline_dag.py
[2026-05-06T17:15:46.540+0000] {processor.py:840} INFO - DAG(s) 'ecommerce_pipeline' retrieved from /opt/airflow/dags/pipeline_dag.py
[2026-05-06T17:15:46.573+0000] {logging_mixin.py:188} INFO - [2026-05-06T17:15:46.573+0000] {dag.py:3096} INFO - Sync 1 DAGs
[2026-05-06T17:15:46.600+0000] {logging_mixin.py:188} INFO - [2026-05-06T17:15:46.600+0000] {dag.py:3954} INFO - Setting next_dagrun for ecommerce_pipeline to 2026-05-06 00:00:00+00:00, run_after=2026-05-07 00:00:00+00:00
[2026-05-06T17:15:46.620+0000] {processor.py:183} INFO - Processing /opt/airflow/dags/pipeline_dag.py took 0.108 seconds
[2026-05-06T17:16:17.576+0000] {processor.py:161} INFO - Started process (PID=3858) to work on /opt/airflow/dags/pipeline_dag.py
[2026-05-06T17:16:17.577+0000] {processor.py:830} INFO - Processing file /opt/airflow/dags/pipeline_dag.py for tasks to queue
[2026-05-06T17:16:17.579+0000] {logging_mixin.py:188} INFO - [2026-05-06T17:16:17.579+0000] {dagbag.py:545} INFO - Filling up the DagBag from /opt/airflow/dags/pipeline_dag.py
[2026-05-06T17:16:17.600+0000] {processor.py:840} INFO - DAG(s) 'ecommerce_pipeline' retrieved from /opt/airflow/dags/pipeline_dag.py
[2026-05-06T17:16:17.635+0000] {logging_mixin.py:188} INFO - [2026-05-06T17:16:17.635+0000] {dag.py:3096} INFO - Sync 1 DAGs
[2026-05-06T17:16:17.657+0000] {logging_mixin.py:188} INFO - [2026-05-06T17:16:17.657+0000] {dag.py:3954} INFO - Setting next_dagrun for ecommerce_pipeline to 2026-05-06 00:00:00+00:00, run_after=2026-05-07 00:00:00+00:00
[2026-05-06T17:16:17.681+0000] {processor.py:183} INFO - Processing /opt/airflow/dags/pipeline_dag.py took 0.110 seconds
[2026-05-06T17:16:48.413+0000] {processor.py:161} INFO - Started process (PID=3863) to work on /opt/airflow/dags/pipeline_dag.py
[2026-05-06T17:16:48.414+0000] {processor.py:830} INFO - Processing file /opt/airflow/dags/pipeline_dag.py for tasks to queue
[2026-05-06T17:16:48.416+0000] {logging_mixin.py:188} INFO - [2026-05-06T17:16:48.416+0000] {dagbag.py:545} INFO - Filling up the DagBag from /opt/airflow/dags/pipeline_dag.py
[2026-05-06T17:16:48.438+0000] {processor.py:840} INFO - DAG(s) 'ecommerce_pipeline' retrieved from /opt/airflow/dags/pipeline_dag.py
[2026-05-06T17:16:48.475+0000] {logging_mixin.py:188} INFO - [2026-05-06T17:16:48.475+0000] {dag.py:3096} INFO - Sync 1 DAGs
[2026-05-06T17:16:48.497+0000] {logging_mixin.py:188} INFO - [2026-05-06T17:16:48.497+0000] {dag.py:3954} INFO - Setting next_dagrun for ecommerce_pipeline to 2026-05-06 00:00:00+00:00, run_after=2026-05-07 00:00:00+00:00
[2026-05-06T17:16:48.521+0000] {processor.py:183} INFO - Processing /opt/airflow/dags/pipeline_dag.py took 0.115 seconds
[2026-05-06T17:17:19.393+0000] {processor.py:161} INFO - Started process (PID=3868) to work on /opt/airflow/dags/pipeline_dag.py
[2026-05-06T17:17:19.394+0000] {processor.py:830} INFO - Processing file /opt/airflow/dags/pipeline_dag.py for tasks to queue
[2026-05-06T17:17:19.395+0000] {logging_mixin.py:188} INFO - [2026-05-06T17:17:19.395+0000] {dagbag.py:545} INFO - Filling up the DagBag from /opt/airflow/dags/pipeline_dag.py
[2026-05-06T17:17:19.413+0000] {processor.py:840} INFO - DAG(s) 'ecommerce_pipeline' retrieved from /opt/airflow/dags/pipeline_dag.py
[2026-05-06T17:17:19.449+0000] {logging_mixin.py:188} INFO - [2026-05-06T17:17:19.448+0000] {dag.py:3096} INFO - Sync 1 DAGs
[2026-05-06T17:17:19.471+0000] {logging_mixin.py:188} INFO - [2026-05-06T17:17:19.471+0000] {dag.py:3954} INFO - Setting next_dagrun for ecommerce_pipeline to 2026-05-06 00:00:00+00:00, run_after=2026-05-07 00:00:00+00:00
[2026-05-06T17:17:19.490+0000] {processor.py:183} INFO - Processing /opt/airflow/dags/pipeline_dag.py took 0.102 seconds
[2026-05-06T17:17:50.399+0000] {processor.py:161} INFO - Started process (PID=3873) to work on /opt/airflow/dags/pipeline_dag.py
[2026-05-06T17:17:50.400+0000] {processor.py:830} INFO - Processing file /opt/airflow/dags/pipeline_dag.py for tasks to queue
[2026-05-06T17:17:50.402+0000] {logging_mixin.py:188} INFO - [2026-05-06T17:17:50.402+0000] {dagbag.py:545} INFO - Filling up the DagBag from /opt/airflow/dags/pipeline_dag.py
[2026-05-06T17:17:50.424+0000] {processor.py:840} INFO - DAG(s) 'ecommerce_pipeline' retrieved from /opt/airflow/dags/pipeline_dag.py
[2026-05-06T17:17:50.462+0000] {logging_mixin.py:188} INFO - [2026-05-06T17:17:50.462+0000] {dag.py:3096} INFO - Sync 1 DAGs
[2026-05-06T17:17:50.486+0000] {logging_mixin.py:188} INFO - [2026-05-06T17:17:50.486+0000] {dag.py:3954} INFO - Setting next_dagrun for ecommerce_pipeline to 2026-05-06 00:00:00+00:00, run_after=2026-05-07 00:00:00+00:00
[2026-05-06T17:17:50.509+0000] {processor.py:183} INFO - Processing /opt/airflow/dags/pipeline_dag.py took 0.116 seconds
[2026-05-06T17:18:21.448+0000] {processor.py:161} INFO - Started process (PID=3878) to work on /opt/airflow/dags/pipeline_dag.py
[2026-05-06T17:18:21.449+0000] {processor.py:830} INFO - Processing file /opt/airflow/dags/pipeline_dag.py for tasks to queue
[2026-05-06T17:18:21.452+0000] {logging_mixin.py:188} INFO - [2026-05-06T17:18:21.451+0000] {dagbag.py:545} INFO - Filling up the DagBag from /opt/airflow/dags/pipeline_dag.py
[2026-05-06T17:18:21.471+0000] {processor.py:840} INFO - DAG(s) 'ecommerce_pipeline' retrieved from /opt/airflow/dags/pipeline_dag.py
[2026-05-06T17:18:21.510+0000] {logging_mixin.py:188} INFO - [2026-05-06T17:18:21.510+0000] {dag.py:3096} INFO - Sync 1 DAGs
[2026-05-06T17:18:21.533+0000] {logging_mixin.py:188} INFO - [2026-05-06T17:18:21.532+0000] {dag.py:3954} INFO - Setting next_dagrun for ecommerce_pipeline to 2026-05-06 00:00:00+00:00, run_after=2026-05-07 00:00:00+00:00
[2026-05-06T17:18:21.558+0000] {processor.py:183} INFO - Processing /opt/airflow/dags/pipeline_dag.py took 0.115 seconds
[2026-05-06T17:18:53.429+0000] {processor.py:161} INFO - Started process (PID=3883) to work on /opt/airflow/dags/pipeline_dag.py
[2026-05-06T17:18:53.430+0000] {processor.py:830} INFO - Processing file /opt/airflow/dags/pipeline_dag.py for tasks to queue
[2026-05-06T17:18:53.432+0000] {logging_mixin.py:188} INFO - [2026-05-06T17:18:53.432+0000] {dagbag.py:545} INFO - Filling up the DagBag from /opt/airflow/dags/pipeline_dag.py
[2026-05-06T17:18:53.451+0000] {processor.py:840} INFO - DAG(s) 'ecommerce_pipeline' retrieved from /opt/airflow/dags/pipeline_dag.py
[2026-05-06T17:18:53.489+0000] {logging_mixin.py:188} INFO - [2026-05-06T17:18:53.489+0000] {dag.py:3096} INFO - Sync 1 DAGs
[2026-05-06T17:18:53.511+0000] {logging_mixin.py:188} INFO - [2026-05-06T17:18:53.510+0000] {dag.py:3954} INFO - Setting next_dagrun for ecommerce_pipeline to 2026-05-06 00:00:00+00:00, run_after=2026-05-07 00:00:00+00:00
[2026-05-06T17:18:53.533+0000] {processor.py:183} INFO - Processing /opt/airflow/dags/pipeline_dag.py took 0.109 seconds
[2026-05-06T17:19:26.337+0000] {processor.py:161} INFO - Started process (PID=3888) to work on /opt/airflow/dags/pipeline_dag.py
[2026-05-06T17:19:26.338+0000] {processor.py:830} INFO - Processing file /opt/airflow/dags/pipeline_dag.py for tasks to queue
[2026-05-06T17:19:26.340+0000] {logging_mixin.py:188} INFO - [2026-05-06T17:19:26.340+0000] {dagbag.py:545} INFO - Filling up the DagBag from /opt/airflow/dags/pipeline_dag.py
[2026-05-06T17:19:26.357+0000] {processor.py:840} INFO - DAG(s) 'ecommerce_pipeline' retrieved from /opt/airflow/dags/pipeline_dag.py
[2026-05-06T17:19:26.395+0000] {logging_mixin.py:188} INFO - [2026-05-06T17:19:26.395+0000] {dag.py:3096} INFO - Sync 1 DAGs
[2026-05-06T17:19:26.416+0000] {logging_mixin.py:188} INFO - [2026-05-06T17:19:26.416+0000] {dag.py:3954} INFO - Setting next_dagrun for ecommerce_pipeline to 2026-05-06 00:00:00+00:00, run_after=2026-05-07 00:00:00+00:00
[2026-05-06T17:19:26.438+0000] {processor.py:183} INFO - Processing /opt/airflow/dags/pipeline_dag.py took 0.107 seconds
[2026-05-06T17:19:59.329+0000] {processor.py:161} INFO - Started process (PID=3893) to work on /opt/airflow/dags/pipeline_dag.py
[2026-05-06T17:19:59.330+0000] {processor.py:830} INFO - Processing file /opt/airflow/dags/pipeline_dag.py for tasks to queue
[2026-05-06T17:19:59.332+0000] {logging_mixin.py:188} INFO - [2026-05-06T17:19:59.331+0000] {dagbag.py:545} INFO - Filling up the DagBag from /opt/airflow/dags/pipeline_dag.py
[2026-05-06T17:19:59.354+0000] {processor.py:840} INFO - DAG(s) 'ecommerce_pipeline' retrieved from /opt/airflow/dags/pipeline_dag.py
[2026-05-06T17:19:59.393+0000] {logging_mixin.py:188} INFO - [2026-05-06T17:19:59.392+0000] {dag.py:3096} INFO - Sync 1 DAGs
[2026-05-06T17:19:59.416+0000] {logging_mixin.py:188} INFO - [2026-05-06T17:19:59.416+0000] {dag.py:3954} INFO - Setting next_dagrun for ecommerce_pipeline to 2026-05-06 00:00:00+00:00, run_after=2026-05-07 00:00:00+00:00
[2026-05-06T17:19:59.439+0000] {processor.py:183} INFO - Processing /opt/airflow/dags/pipeline_dag.py took 0.117 seconds
[2026-05-06T17:20:29.825+0000] {processor.py:161} INFO - Started process (PID=3898) to work on /opt/airflow/dags/pipeline_dag.py
[2026-05-06T17:20:29.826+0000] {processor.py:830} INFO - Processing file /opt/airflow/dags/pipeline_dag.py for tasks to queue
[2026-05-06T17:20:29.829+0000] {logging_mixin.py:188} INFO - [2026-05-06T17:20:29.828+0000] {dagbag.py:545} INFO - Filling up the DagBag from /opt/airflow/dags/pipeline_dag.py
[2026-05-06T17:20:29.855+0000] {processor.py:840} INFO - DAG(s) 'ecommerce_pipeline' retrieved from /opt/airflow/dags/pipeline_dag.py
[2026-05-06T17:20:29.897+0000] {logging_mixin.py:188} INFO - [2026-05-06T17:20:29.896+0000] {dag.py:3096} INFO - Sync 1 DAGs
[2026-05-06T17:20:29.919+0000] {logging_mixin.py:188} INFO - [2026-05-06T17:20:29.918+0000] {dag.py:3954} INFO - Setting next_dagrun for ecommerce_pipeline to 2026-05-06 00:00:00+00:00, run_after=2026-05-07 00:00:00+00:00
[2026-05-06T17:20:29.938+0000] {processor.py:183} INFO - Processing /opt/airflow/dags/pipeline_dag.py took 0.118 seconds
[2026-05-06T17:21:00.576+0000] {processor.py:161} INFO - Started process (PID=3903) to work on /opt/airflow/dags/pipeline_dag.py
[2026-05-06T17:21:00.578+0000] {processor.py:830} INFO - Processing file /opt/airflow/dags/pipeline_dag.py for tasks to queue
[2026-05-06T17:21:00.579+0000] {logging_mixin.py:188} INFO - [2026-05-06T17:21:00.579+0000] {dagbag.py:545} INFO - Filling up the DagBag from /opt/airflow/dags/pipeline_dag.py
[2026-05-06T17:21:00.599+0000] {processor.py:840} INFO - DAG(s) 'ecommerce_pipeline' retrieved from /opt/airflow/dags/pipeline_dag.py
[2026-05-06T17:21:00.638+0000] {logging_mixin.py:188} INFO - [2026-05-06T17:21:00.638+0000] {dag.py:3096} INFO - Sync 1 DAGs
[2026-05-06T17:21:00.658+0000] {logging_mixin.py:188} INFO - [2026-05-06T17:21:00.658+0000] {dag.py:3954} INFO - Setting next_dagrun for ecommerce_pipeline to 2026-05-06 00:00:00+00:00, run_after=2026-05-07 00:00:00+00:00
[2026-05-06T17:21:00.680+0000] {processor.py:183} INFO - Processing /opt/airflow/dags/pipeline_dag.py took 0.109 seconds
[2026-05-06T17:21:31.652+0000] {processor.py:161} INFO - Started process (PID=3908) to work on /opt/airflow/dags/pipeline_dag.py
[2026-05-06T17:21:31.654+0000] {processor.py:830} INFO - Processing file /opt/airflow/dags/pipeline_dag.py for tasks to queue
[2026-05-06T17:21:31.656+0000] {logging_mixin.py:188} INFO - [2026-05-06T17:21:31.655+0000] {dagbag.py:545} INFO - Filling up the DagBag from /opt/airflow/dags/pipeline_dag.py
[2026-05-06T17:21:31.677+0000] {processor.py:840} INFO - DAG(s) 'ecommerce_pipeline' retrieved from /opt/airflow/dags/pipeline_dag.py
[2026-05-06T17:21:31.710+0000] {logging_mixin.py:188} INFO - [2026-05-06T17:21:31.710+0000] {dag.py:3096} INFO - Sync 1 DAGs
[2026-05-06T17:21:31.730+0000] {logging_mixin.py:188} INFO - [2026-05-06T17:21:31.730+0000] {dag.py:3954} INFO - Setting next_dagrun for ecommerce_pipeline to 2026-05-06 00:00:00+00:00, run_after=2026-05-07 00:00:00+00:00
[2026-05-06T17:21:31.752+0000] {processor.py:183} INFO - Processing /opt/airflow/dags/pipeline_dag.py took 0.105 seconds
[2026-05-06T17:22:02.574+0000] {processor.py:161} INFO - Started process (PID=3913) to work on /opt/airflow/dags/pipeline_dag.py
[2026-05-06T17:22:02.576+0000] {processor.py:830} INFO - Processing file /opt/airflow/dags/pipeline_dag.py for tasks to queue
[2026-05-06T17:22:02.578+0000] {logging_mixin.py:188} INFO - [2026-05-06T17:22:02.577+0000] {dagbag.py:545} INFO - Filling up the DagBag from /opt/airflow/dags/pipeline_dag.py
[2026-05-06T17:22:02.603+0000] {processor.py:840} INFO - DAG(s) 'ecommerce_pipeline' retrieved from /opt/airflow/dags/pipeline_dag.py
[2026-05-06T17:22:02.637+0000] {logging_mixin.py:188} INFO - [2026-05-06T17:22:02.637+0000] {dag.py:3096} INFO - Sync 1 DAGs
[2026-05-06T17:22:02.659+0000] {logging_mixin.py:188} INFO - [2026-05-06T17:22:02.659+0000] {dag.py:3954} INFO - Setting next_dagrun for ecommerce_pipeline to 2026-05-06 00:00:00+00:00, run_after=2026-05-07 00:00:00+00:00
[2026-05-06T17:22:02.682+0000] {processor.py:183} INFO - Processing /opt/airflow/dags/pipeline_dag.py took 0.116 seconds
[2026-05-06T17:22:33.562+0000] {processor.py:161} INFO - Started process (PID=3918) to work on /opt/airflow/dags/pipeline_dag.py
[2026-05-06T17:22:33.563+0000] {processor.py:830} INFO - Processing file /opt/airflow/dags/pipeline_dag.py for tasks to queue
[2026-05-06T17:22:33.564+0000] {logging_mixin.py:188} INFO - [2026-05-06T17:22:33.564+0000] {dagbag.py:545} INFO - Filling up the DagBag from /opt/airflow/dags/pipeline_dag.py
[2026-05-06T17:22:33.586+0000] {processor.py:840} INFO - DAG(s) 'ecommerce_pipeline' retrieved from /opt/airflow/dags/pipeline_dag.py
[2026-05-06T17:22:33.622+0000] {logging_mixin.py:188} INFO - [2026-05-06T17:22:33.622+0000] {dag.py:3096} INFO - Sync 1 DAGs
[2026-05-06T17:22:33.644+0000] {logging_mixin.py:188} INFO - [2026-05-06T17:22:33.644+0000] {dag.py:3954} INFO - Setting next_dagrun for ecommerce_pipeline to 2026-05-06 00:00:00+00:00, run_after=2026-05-07 00:00:00+00:00
[2026-05-06T17:22:33.665+0000] {processor.py:183} INFO - Processing /opt/airflow/dags/pipeline_dag.py took 0.109 seconds
[2026-05-06T17:23:04.631+0000] {processor.py:161} INFO - Started process (PID=3923) to work on /opt/airflow/dags/pipeline_dag.py
[2026-05-06T17:23:04.633+0000] {processor.py:830} INFO - Processing file /opt/airflow/dags/pipeline_dag.py for tasks to queue
[2026-05-06T17:23:04.634+0000] {logging_mixin.py:188} INFO - [2026-05-06T17:23:04.634+0000] {dagbag.py:545} INFO - Filling up the DagBag from /opt/airflow/dags/pipeline_dag.py
[2026-05-06T17:23:04.656+0000] {processor.py:840} INFO - DAG(s) 'ecommerce_pipeline' retrieved from /opt/airflow/dags/pipeline_dag.py
[2026-05-06T17:23:04.695+0000] {logging_mixin.py:188} INFO - [2026-05-06T17:23:04.695+0000] {dag.py:3096} INFO - Sync 1 DAGs
[2026-05-06T17:23:04.718+0000] {logging_mixin.py:188} INFO - [2026-05-06T17:23:04.718+0000] {dag.py:3954} INFO - Setting next_dagrun for ecommerce_pipeline to 2026-05-06 00:00:00+00:00, run_after=2026-05-07 00:00:00+00:00
[2026-05-06T17:23:04.738+0000] {processor.py:183} INFO - Processing /opt/airflow/dags/pipeline_dag.py took 0.113 seconds
[2026-05-06T17:23:35.599+0000] {processor.py:161} INFO - Started process (PID=3928) to work on /opt/airflow/dags/pipeline_dag.py
[2026-05-06T17:23:35.600+0000] {processor.py:830} INFO - Processing file /opt/airflow/dags/pipeline_dag.py for tasks to queue
[2026-05-06T17:23:35.603+0000] {logging_mixin.py:188} INFO - [2026-05-06T17:23:35.602+0000] {dagbag.py:545} INFO - Filling up the DagBag from /opt/airflow/dags/pipeline_dag.py
[2026-05-06T17:23:35.624+0000] {processor.py:840} INFO - DAG(s) 'ecommerce_pipeline' retrieved from /opt/airflow/dags/pipeline_dag.py
[2026-05-06T17:23:35.658+0000] {logging_mixin.py:188} INFO - [2026-05-06T17:23:35.658+0000] {dag.py:3096} INFO - Sync 1 DAGs
[2026-05-06T17:23:35.680+0000] {logging_mixin.py:188} INFO - [2026-05-06T17:23:35.680+0000] {dag.py:3954} INFO - Setting next_dagrun for ecommerce_pipeline to 2026-05-06 00:00:00+00:00, run_after=2026-05-07 00:00:00+00:00
[2026-05-06T17:23:35.702+0000] {processor.py:183} INFO - Processing /opt/airflow/dags/pipeline_dag.py took 0.108 seconds
[2026-05-06T17:24:06.558+0000] {processor.py:161} INFO - Started process (PID=3933) to work on /opt/airflow/dags/pipeline_dag.py
[2026-05-06T17:24:06.560+0000] {processor.py:830} INFO - Processing file /opt/airflow/dags/pipeline_dag.py for tasks to queue
[2026-05-06T17:24:06.561+0000] {logging_mixin.py:188} INFO - [2026-05-06T17:24:06.561+0000] {dagbag.py:545} INFO - Filling up the DagBag from /opt/airflow/dags/pipeline_dag.py
[2026-05-06T17:24:06.581+0000] {processor.py:840} INFO - DAG(s) 'ecommerce_pipeline' retrieved from /opt/airflow/dags/pipeline_dag.py
[2026-05-06T17:24:06.618+0000] {logging_mixin.py:188} INFO - [2026-05-06T17:24:06.617+0000] {dag.py:3096} INFO - Sync 1 DAGs
[2026-05-06T17:24:06.639+0000] {logging_mixin.py:188} INFO - [2026-05-06T17:24:06.639+0000] {dag.py:3954} INFO - Setting next_dagrun for ecommerce_pipeline to 2026-05-06 00:00:00+00:00, run_after=2026-05-07 00:00:00+00:00
[2026-05-06T17:24:06.661+0000] {processor.py:183} INFO - Processing /opt/airflow/dags/pipeline_dag.py took 0.108 seconds
[2026-05-06T17:24:37.404+0000] {processor.py:161} INFO - Started process (PID=3938) to work on /opt/airflow/dags/pipeline_dag.py
[2026-05-06T17:24:37.405+0000] {processor.py:830} INFO - Processing file /opt/airflow/dags/pipeline_dag.py for tasks to queue
[2026-05-06T17:24:37.408+0000] {logging_mixin.py:188} INFO - [2026-05-06T17:24:37.407+0000] {dagbag.py:545} INFO - Filling up the DagBag from /opt/airflow/dags/pipeline_dag.py
[2026-05-06T17:24:37.429+0000] {processor.py:840} INFO - DAG(s) 'ecommerce_pipeline' retrieved from /opt/airflow/dags/pipeline_dag.py
[2026-05-06T17:24:37.470+0000] {logging_mixin.py:188} INFO - [2026-05-06T17:24:37.470+0000] {dag.py:3096} INFO - Sync 1 DAGs
[2026-05-06T17:24:37.537+0000] {logging_mixin.py:188} INFO - [2026-05-06T17:24:37.536+0000] {dag.py:3954} INFO - Setting next_dagrun for ecommerce_pipeline to 2026-05-06 00:00:00+00:00, run_after=2026-05-07 00:00:00+00:00
[2026-05-06T17:24:37.567+0000] {processor.py:183} INFO - Processing /opt/airflow/dags/pipeline_dag.py took 0.169 seconds
[2026-05-06T17:25:08.492+0000] {processor.py:161} INFO - Started process (PID=3943) to work on /opt/airflow/dags/pipeline_dag.py
[2026-05-06T17:25:08.493+0000] {processor.py:830} INFO - Processing file /opt/airflow/dags/pipeline_dag.py for tasks to queue
[2026-05-06T17:25:08.495+0000] {logging_mixin.py:188} INFO - [2026-05-06T17:25:08.494+0000] {dagbag.py:545} INFO - Filling up the DagBag from /opt/airflow/dags/pipeline_dag.py
[2026-05-06T17:25:08.516+0000] {processor.py:840} INFO - DAG(s) 'ecommerce_pipeline' retrieved from /opt/airflow/dags/pipeline_dag.py
[2026-05-06T17:25:08.558+0000] {logging_mixin.py:188} INFO - [2026-05-06T17:25:08.558+0000] {dag.py:3096} INFO - Sync 1 DAGs
[2026-05-06T17:25:08.578+0000] {logging_mixin.py:188} INFO - [2026-05-06T17:25:08.578+0000] {dag.py:3954} INFO - Setting next_dagrun for ecommerce_pipeline to 2026-05-06 00:00:00+00:00, run_after=2026-05-07 00:00:00+00:00
[2026-05-06T17:25:08.597+0000] {processor.py:183} INFO - Processing /opt/airflow/dags/pipeline_dag.py took 0.110 seconds
[2026-05-06T17:25:39.527+0000] {processor.py:161} INFO - Started process (PID=3948) to work on /opt/airflow/dags/pipeline_dag.py
[2026-05-06T17:25:39.528+0000] {processor.py:830} INFO - Processing file /opt/airflow/dags/pipeline_dag.py for tasks to queue
[2026-05-06T17:25:39.529+0000] {logging_mixin.py:188} INFO - [2026-05-06T17:25:39.529+0000] {dagbag.py:545} INFO - Filling up the DagBag from /opt/airflow/dags/pipeline_dag.py
[2026-05-06T17:25:39.557+0000] {processor.py:840} INFO - DAG(s) 'ecommerce_pipeline' retrieved from /opt/airflow/dags/pipeline_dag.py
[2026-05-06T17:25:39.595+0000] {logging_mixin.py:188} INFO - [2026-05-06T17:25:39.594+0000] {dag.py:3096} INFO - Sync 1 DAGs
[2026-05-06T17:25:39.618+0000] {logging_mixin.py:188} INFO - [2026-05-06T17:25:39.617+0000] {dag.py:3954} INFO - Setting next_dagrun for ecommerce_pipeline to 2026-05-06 00:00:00+00:00, run_after=2026-05-07 00:00:00+00:00
[2026-05-06T17:25:39.635+0000] {processor.py:183} INFO - Processing /opt/airflow/dags/pipeline_dag.py took 0.115 seconds
[2026-05-06T17:26:10.467+0000] {processor.py:161} INFO - Started process (PID=3953) to work on /opt/airflow/dags/pipeline_dag.py
[2026-05-06T17:26:10.468+0000] {processor.py:830} INFO - Processing file /opt/airflow/dags/pipeline_dag.py for tasks to queue
[2026-05-06T17:26:10.470+0000] {logging_mixin.py:188} INFO - [2026-05-06T17:26:10.470+0000] {dagbag.py:545} INFO - Filling up the DagBag from /opt/airflow/dags/pipeline_dag.py
[2026-05-06T17:26:10.488+0000] {processor.py:840} INFO - DAG(s) 'ecommerce_pipeline' retrieved from /opt/airflow/dags/pipeline_dag.py
[2026-05-06T17:26:10.521+0000] {logging_mixin.py:188} INFO - [2026-05-06T17:26:10.521+0000] {dag.py:3096} INFO - Sync 1 DAGs
[2026-05-06T17:26:10.543+0000] {logging_mixin.py:188} INFO - [2026-05-06T17:26:10.543+0000] {dag.py:3954} INFO - Setting next_dagrun for ecommerce_pipeline to 2026-05-06 00:00:00+00:00, run_after=2026-05-07 00:00:00+00:00
[2026-05-06T17:26:10.569+0000] {processor.py:183} INFO - Processing /opt/airflow/dags/pipeline_dag.py took 0.107 seconds
[2026-05-06T17:26:41.419+0000] {processor.py:161} INFO - Started process (PID=3958) to work on /opt/airflow/dags/pipeline_dag.py
[2026-05-06T17:26:41.420+0000] {processor.py:830} INFO - Processing file /opt/airflow/dags/pipeline_dag.py for tasks to queue
[2026-05-06T17:26:41.422+0000] {logging_mixin.py:188} INFO - [2026-05-06T17:26:41.422+0000] {dagbag.py:545} INFO - Filling up the DagBag from /opt/airflow/dags/pipeline_dag.py
[2026-05-06T17:26:41.443+0000] {processor.py:840} INFO - DAG(s) 'ecommerce_pipeline' retrieved from /opt/airflow/dags/pipeline_dag.py
[2026-05-06T17:26:41.474+0000] {logging_mixin.py:188} INFO - [2026-05-06T17:26:41.474+0000] {dag.py:3096} INFO - Sync 1 DAGs
[2026-05-06T17:26:41.492+0000] {logging_mixin.py:188} INFO - [2026-05-06T17:26:41.492+0000] {dag.py:3954} INFO - Setting next_dagrun for ecommerce_pipeline to 2026-05-06 00:00:00+00:00, run_after=2026-05-07 00:00:00+00:00
[2026-05-06T17:26:41.511+0000] {processor.py:183} INFO - Processing /opt/airflow/dags/pipeline_dag.py took 0.097 seconds
[2026-05-06T17:27:12.428+0000] {processor.py:161} INFO - Started process (PID=3963) to work on /opt/airflow/dags/pipeline_dag.py
[2026-05-06T17:27:12.429+0000] {processor.py:830} INFO - Processing file /opt/airflow/dags/pipeline_dag.py for tasks to queue
[2026-05-06T17:27:12.430+0000] {logging_mixin.py:188} INFO - [2026-05-06T17:27:12.430+0000] {dagbag.py:545} INFO - Filling up the DagBag from /opt/airflow/dags/pipeline_dag.py
[2026-05-06T17:27:12.449+0000] {processor.py:840} INFO - DAG(s) 'ecommerce_pipeline' retrieved from /opt/airflow/dags/pipeline_dag.py
[2026-05-06T17:27:12.489+0000] {logging_mixin.py:188} INFO - [2026-05-06T17:27:12.489+0000] {dag.py:3096} INFO - Sync 1 DAGs
[2026-05-06T17:27:12.510+0000] {logging_mixin.py:188} INFO - [2026-05-06T17:27:12.510+0000] {dag.py:3954} INFO - Setting next_dagrun for ecommerce_pipeline to 2026-05-06 00:00:00+00:00, run_after=2026-05-07 00:00:00+00:00
[2026-05-06T17:27:12.530+0000] {processor.py:183} INFO - Processing /opt/airflow/dags/pipeline_dag.py took 0.107 seconds
[2026-05-06T17:27:42.585+0000] {processor.py:161} INFO - Started process (PID=3968) to work on /opt/airflow/dags/pipeline_dag.py
[2026-05-06T17:27:42.586+0000] {processor.py:830} INFO - Processing file /opt/airflow/dags/pipeline_dag.py for tasks to queue
[2026-05-06T17:27:42.587+0000] {logging_mixin.py:188} INFO - [2026-05-06T17:27:42.587+0000] {dagbag.py:545} INFO - Filling up the DagBag from /opt/airflow/dags/pipeline_dag.py
[2026-05-06T17:27:42.606+0000] {processor.py:840} INFO - DAG(s) 'ecommerce_pipeline' retrieved from /opt/airflow/dags/pipeline_dag.py
[2026-05-06T17:27:42.644+0000] {logging_mixin.py:188} INFO - [2026-05-06T17:27:42.643+0000] {dag.py:3096} INFO - Sync 1 DAGs
[2026-05-06T17:27:42.663+0000] {logging_mixin.py:188} INFO - [2026-05-06T17:27:42.663+0000] {dag.py:3954} INFO - Setting next_dagrun for ecommerce_pipeline to 2026-05-06 00:00:00+00:00, run_after=2026-05-07 00:00:00+00:00
[2026-05-06T17:27:42.683+0000] {processor.py:183} INFO - Processing /opt/airflow/dags/pipeline_dag.py took 0.104 seconds
[2026-05-06T17:28:13.359+0000] {processor.py:161} INFO - Started process (PID=3973) to work on /opt/airflow/dags/pipeline_dag.py
[2026-05-06T17:28:13.361+0000] {processor.py:830} INFO - Processing file /opt/airflow/dags/pipeline_dag.py for tasks to queue
[2026-05-06T17:28:13.363+0000] {logging_mixin.py:188} INFO - [2026-05-06T17:28:13.363+0000] {dagbag.py:545} INFO - Filling up the DagBag from /opt/airflow/dags/pipeline_dag.py
[2026-05-06T17:28:13.386+0000] {processor.py:840} INFO - DAG(s) 'ecommerce_pipeline' retrieved from /opt/airflow/dags/pipeline_dag.py
[2026-05-06T17:28:13.430+0000] {logging_mixin.py:188} INFO - [2026-05-06T17:28:13.430+0000] {dag.py:3096} INFO - Sync 1 DAGs
[2026-05-06T17:28:13.452+0000] {logging_mixin.py:188} INFO - [2026-05-06T17:28:13.452+0000] {dag.py:3954} INFO - Setting next_dagrun for ecommerce_pipeline to 2026-05-06 00:00:00+00:00, run_after=2026-05-07 00:00:00+00:00
[2026-05-06T17:28:13.474+0000] {processor.py:183} INFO - Processing /opt/airflow/dags/pipeline_dag.py took 0.122 seconds
[2026-05-06T17:28:44.315+0000] {processor.py:161} INFO - Started process (PID=3978) to work on /opt/airflow/dags/pipeline_dag.py
[2026-05-06T17:28:44.316+0000] {processor.py:830} INFO - Processing file /opt/airflow/dags/pipeline_dag.py for tasks to queue
[2026-05-06T17:28:44.318+0000] {logging_mixin.py:188} INFO - [2026-05-06T17:28:44.317+0000] {dagbag.py:545} INFO - Filling up the DagBag from /opt/airflow/dags/pipeline_dag.py
[2026-05-06T17:28:44.337+0000] {processor.py:840} INFO - DAG(s) 'ecommerce_pipeline' retrieved from /opt/airflow/dags/pipeline_dag.py
[2026-05-06T17:28:44.374+0000] {logging_mixin.py:188} INFO - [2026-05-06T17:28:44.374+0000] {dag.py:3096} INFO - Sync 1 DAGs
[2026-05-06T17:28:44.405+0000] {logging_mixin.py:188} INFO - [2026-05-06T17:28:44.404+0000] {dag.py:3954} INFO - Setting next_dagrun for ecommerce_pipeline to 2026-05-06 00:00:00+00:00, run_after=2026-05-07 00:00:00+00:00
[2026-05-06T17:28:44.432+0000] {processor.py:183} INFO - Processing /opt/airflow/dags/pipeline_dag.py took 0.122 seconds
[2026-05-06T17:29:16.379+0000] {processor.py:161} INFO - Started process (PID=3983) to work on /opt/airflow/dags/pipeline_dag.py
[2026-05-06T17:29:16.381+0000] {processor.py:830} INFO - Processing file /opt/airflow/dags/pipeline_dag.py for tasks to queue
[2026-05-06T17:29:16.382+0000] {logging_mixin.py:188} INFO - [2026-05-06T17:29:16.382+0000] {dagbag.py:545} INFO - Filling up the DagBag from /opt/airflow/dags/pipeline_dag.py
[2026-05-06T17:29:16.400+0000] {processor.py:840} INFO - DAG(s) 'ecommerce_pipeline' retrieved from /opt/airflow/dags/pipeline_dag.py
[2026-05-06T17:29:16.436+0000] {logging_mixin.py:188} INFO - [2026-05-06T17:29:16.436+0000] {dag.py:3096} INFO - Sync 1 DAGs
[2026-05-06T17:29:16.457+0000] {logging_mixin.py:188} INFO - [2026-05-06T17:29:16.457+0000] {dag.py:3954} INFO - Setting next_dagrun for ecommerce_pipeline to 2026-05-06 00:00:00+00:00, run_after=2026-05-07 00:00:00+00:00
[2026-05-06T17:29:16.480+0000] {processor.py:183} INFO - Processing /opt/airflow/dags/pipeline_dag.py took 0.107 seconds
[2026-05-06T17:29:49.490+0000] {processor.py:161} INFO - Started process (PID=3988) to work on /opt/airflow/dags/pipeline_dag.py
[2026-05-06T17:29:49.492+0000] {processor.py:830} INFO - Processing file /opt/airflow/dags/pipeline_dag.py for tasks to queue
[2026-05-06T17:29:49.494+0000] {logging_mixin.py:188} INFO - [2026-05-06T17:29:49.493+0000] {dagbag.py:545} INFO - Filling up the DagBag from /opt/airflow/dags/pipeline_dag.py
[2026-05-06T17:29:49.523+0000] {processor.py:840} INFO - DAG(s) 'ecommerce_pipeline' retrieved from /opt/airflow/dags/pipeline_dag.py
[2026-05-06T17:29:49.572+0000] {logging_mixin.py:188} INFO - [2026-05-06T17:29:49.572+0000] {dag.py:3096} INFO - Sync 1 DAGs
[2026-05-06T17:29:49.593+0000] {logging_mixin.py:188} INFO - [2026-05-06T17:29:49.593+0000] {dag.py:3954} INFO - Setting next_dagrun for ecommerce_pipeline to 2026-05-06 00:00:00+00:00, run_after=2026-05-07 00:00:00+00:00
[2026-05-06T17:29:49.614+0000] {processor.py:183} INFO - Processing /opt/airflow/dags/pipeline_dag.py took 0.133 seconds
[2026-05-06T17:30:20.684+0000] {processor.py:161} INFO - Started process (PID=3993) to work on /opt/airflow/dags/pipeline_dag.py
[2026-05-06T17:30:20.686+0000] {processor.py:830} INFO - Processing file /opt/airflow/dags/pipeline_dag.py for tasks to queue
[2026-05-06T17:30:20.688+0000] {logging_mixin.py:188} INFO - [2026-05-06T17:30:20.687+0000] {dagbag.py:545} INFO - Filling up the DagBag from /opt/airflow/dags/pipeline_dag.py
[2026-05-06T17:30:20.714+0000] {processor.py:840} INFO - DAG(s) 'ecommerce_pipeline' retrieved from /opt/airflow/dags/pipeline_dag.py
[2026-05-06T17:30:20.760+0000] {logging_mixin.py:188} INFO - [2026-05-06T17:30:20.760+0000] {dag.py:3096} INFO - Sync 1 DAGs
[2026-05-06T17:30:20.786+0000] {logging_mixin.py:188} INFO - [2026-05-06T17:30:20.786+0000] {dag.py:3954} INFO - Setting next_dagrun for ecommerce_pipeline to 2026-05-06 00:00:00+00:00, run_after=2026-05-07 00:00:00+00:00
[2026-05-06T17:30:20.821+0000] {processor.py:183} INFO - Processing /opt/airflow/dags/pipeline_dag.py took 0.145 seconds
[2026-05-06T17:30:50.946+0000] {processor.py:161} INFO - Started process (PID=3998) to work on /opt/airflow/dags/pipeline_dag.py
[2026-05-06T17:30:50.947+0000] {processor.py:830} INFO - Processing file /opt/airflow/dags/pipeline_dag.py for tasks to queue
[2026-05-06T17:30:50.949+0000] {logging_mixin.py:188} INFO - [2026-05-06T17:30:50.948+0000] {dagbag.py:545} INFO - Filling up the DagBag from /opt/airflow/dags/pipeline_dag.py
[2026-05-06T17:30:50.969+0000] {processor.py:840} INFO - DAG(s) 'ecommerce_pipeline' retrieved from /opt/airflow/dags/pipeline_dag.py
[2026-05-06T17:30:51.004+0000] {logging_mixin.py:188} INFO - [2026-05-06T17:30:51.003+0000] {dag.py:3096} INFO - Sync 1 DAGs
[2026-05-06T17:30:51.024+0000] {logging_mixin.py:188} INFO - [2026-05-06T17:30:51.024+0000] {dag.py:3954} INFO - Setting next_dagrun for ecommerce_pipeline to 2026-05-06 00:00:00+00:00, run_after=2026-05-07 00:00:00+00:00
[2026-05-06T17:30:51.042+0000] {processor.py:183} INFO - Processing /opt/airflow/dags/pipeline_dag.py took 0.101 seconds
[2026-05-06T17:31:21.416+0000] {processor.py:161} INFO - Started process (PID=4003) to work on /opt/airflow/dags/pipeline_dag.py
[2026-05-06T17:31:21.417+0000] {processor.py:830} INFO - Processing file /opt/airflow/dags/pipeline_dag.py for tasks to queue
[2026-05-06T17:31:21.420+0000] {logging_mixin.py:188} INFO - [2026-05-06T17:31:21.419+0000] {dagbag.py:545} INFO - Filling up the DagBag from /opt/airflow/dags/pipeline_dag.py
[2026-05-06T17:31:21.441+0000] {processor.py:840} INFO - DAG(s) 'ecommerce_pipeline' retrieved from /opt/airflow/dags/pipeline_dag.py
[2026-05-06T17:31:21.482+0000] {logging_mixin.py:188} INFO - [2026-05-06T17:31:21.482+0000] {dag.py:3096} INFO - Sync 1 DAGs
[2026-05-06T17:31:21.502+0000] {logging_mixin.py:188} INFO - [2026-05-06T17:31:21.502+0000] {dag.py:3954} INFO - Setting next_dagrun for ecommerce_pipeline to 2026-05-06 00:00:00+00:00, run_after=2026-05-07 00:00:00+00:00
[2026-05-06T17:31:21.526+0000] {processor.py:183} INFO - Processing /opt/airflow/dags/pipeline_dag.py took 0.115 seconds
[2026-05-06T17:31:51.563+0000] {processor.py:161} INFO - Started process (PID=4008) to work on /opt/airflow/dags/pipeline_dag.py
[2026-05-06T17:31:51.564+0000] {processor.py:830} INFO - Processing file /opt/airflow/dags/pipeline_dag.py for tasks to queue
[2026-05-06T17:31:51.565+0000] {logging_mixin.py:188} INFO - [2026-05-06T17:31:51.565+0000] {dagbag.py:545} INFO - Filling up the DagBag from /opt/airflow/dags/pipeline_dag.py
[2026-05-06T17:31:51.585+0000] {processor.py:840} INFO - DAG(s) 'ecommerce_pipeline' retrieved from /opt/airflow/dags/pipeline_dag.py
[2026-05-06T17:31:51.622+0000] {logging_mixin.py:188} INFO - [2026-05-06T17:31:51.622+0000] {dag.py:3096} INFO - Sync 1 DAGs
[2026-05-06T17:31:51.641+0000] {logging_mixin.py:188} INFO - [2026-05-06T17:31:51.641+0000] {dag.py:3954} INFO - Setting next_dagrun for ecommerce_pipeline to 2026-05-06 00:00:00+00:00, run_after=2026-05-07 00:00:00+00:00
[2026-05-06T17:31:51.662+0000] {processor.py:183} INFO - Processing /opt/airflow/dags/pipeline_dag.py took 0.104 seconds
[2026-05-06T17:32:22.598+0000] {processor.py:161} INFO - Started process (PID=4013) to work on /opt/airflow/dags/pipeline_dag.py
[2026-05-06T17:32:22.600+0000] {processor.py:830} INFO - Processing file /opt/airflow/dags/pipeline_dag.py for tasks to queue
[2026-05-06T17:32:22.603+0000] {logging_mixin.py:188} INFO - [2026-05-06T17:32:22.602+0000] {dagbag.py:545} INFO - Filling up the DagBag from /opt/airflow/dags/pipeline_dag.py
[2026-05-06T17:32:22.625+0000] {processor.py:840} INFO - DAG(s) 'ecommerce_pipeline' retrieved from /opt/airflow/dags/pipeline_dag.py
[2026-05-06T17:32:22.669+0000] {logging_mixin.py:188} INFO - [2026-05-06T17:32:22.669+0000] {dag.py:3096} INFO - Sync 1 DAGs
[2026-05-06T17:32:22.693+0000] {logging_mixin.py:188} INFO - [2026-05-06T17:32:22.693+0000] {dag.py:3954} INFO - Setting next_dagrun for ecommerce_pipeline to 2026-05-06 00:00:00+00:00, run_after=2026-05-07 00:00:00+00:00
[2026-05-06T17:32:22.718+0000] {processor.py:183} INFO - Processing /opt/airflow/dags/pipeline_dag.py took 0.127 seconds
[2026-05-06T17:32:53.695+0000] {processor.py:161} INFO - Started process (PID=4018) to work on /opt/airflow/dags/pipeline_dag.py
[2026-05-06T17:32:53.696+0000] {processor.py:830} INFO - Processing file /opt/airflow/dags/pipeline_dag.py for tasks to queue
[2026-05-06T17:32:53.698+0000] {logging_mixin.py:188} INFO - [2026-05-06T17:32:53.698+0000] {dagbag.py:545} INFO - Filling up the DagBag from /opt/airflow/dags/pipeline_dag.py
[2026-05-06T17:32:53.715+0000] {processor.py:840} INFO - DAG(s) 'ecommerce_pipeline' retrieved from /opt/airflow/dags/pipeline_dag.py
[2026-05-06T17:32:53.752+0000] {logging_mixin.py:188} INFO - [2026-05-06T17:32:53.751+0000] {dag.py:3096} INFO - Sync 1 DAGs
[2026-05-06T17:32:53.770+0000] {logging_mixin.py:188} INFO - [2026-05-06T17:32:53.769+0000] {dag.py:3954} INFO - Setting next_dagrun for ecommerce_pipeline to 2026-05-06 00:00:00+00:00, run_after=2026-05-07 00:00:00+00:00
[2026-05-06T17:32:53.830+0000] {processor.py:183} INFO - Processing /opt/airflow/dags/pipeline_dag.py took 0.141 seconds
[2026-05-06T17:33:24.680+0000] {processor.py:161} INFO - Started process (PID=4023) to work on /opt/airflow/dags/pipeline_dag.py
[2026-05-06T17:33:24.681+0000] {processor.py:830} INFO - Processing file /opt/airflow/dags/pipeline_dag.py for tasks to queue
[2026-05-06T17:33:24.683+0000] {logging_mixin.py:188} INFO - [2026-05-06T17:33:24.683+0000] {dagbag.py:545} INFO - Filling up the DagBag from /opt/airflow/dags/pipeline_dag.py
[2026-05-06T17:33:24.709+0000] {processor.py:840} INFO - DAG(s) 'ecommerce_pipeline' retrieved from /opt/airflow/dags/pipeline_dag.py
[2026-05-06T17:33:24.749+0000] {logging_mixin.py:188} INFO - [2026-05-06T17:33:24.749+0000] {dag.py:3096} INFO - Sync 1 DAGs
[2026-05-06T17:33:24.774+0000] {logging_mixin.py:188} INFO - [2026-05-06T17:33:24.774+0000] {dag.py:3954} INFO - Setting next_dagrun for ecommerce_pipeline to 2026-05-06 00:00:00+00:00, run_after=2026-05-07 00:00:00+00:00
[2026-05-06T17:33:24.794+0000] {processor.py:183} INFO - Processing /opt/airflow/dags/pipeline_dag.py took 0.120 seconds
[2026-05-06T17:33:55.781+0000] {processor.py:161} INFO - Started process (PID=4028) to work on /opt/airflow/dags/pipeline_dag.py
[2026-05-06T17:33:55.782+0000] {processor.py:830} INFO - Processing file /opt/airflow/dags/pipeline_dag.py for tasks to queue
[2026-05-06T17:33:55.784+0000] {logging_mixin.py:188} INFO - [2026-05-06T17:33:55.783+0000] {dagbag.py:545} INFO - Filling up the DagBag from /opt/airflow/dags/pipeline_dag.py
[2026-05-06T17:33:55.803+0000] {processor.py:840} INFO - DAG(s) 'ecommerce_pipeline' retrieved from /opt/airflow/dags/pipeline_dag.py
[2026-05-06T17:33:55.837+0000] {logging_mixin.py:188} INFO - [2026-05-06T17:33:55.837+0000] {dag.py:3096} INFO - Sync 1 DAGs
[2026-05-06T17:33:55.857+0000] {logging_mixin.py:188} INFO - [2026-05-06T17:33:55.857+0000] {dag.py:3954} INFO - Setting next_dagrun for ecommerce_pipeline to 2026-05-06 00:00:00+00:00, run_after=2026-05-07 00:00:00+00:00
[2026-05-06T17:33:55.880+0000] {processor.py:183} INFO - Processing /opt/airflow/dags/pipeline_dag.py took 0.104 seconds
[2026-05-06T17:34:25.924+0000] {processor.py:161} INFO - Started process (PID=4033) to work on /opt/airflow/dags/pipeline_dag.py
[2026-05-06T17:34:25.925+0000] {processor.py:830} INFO - Processing file /opt/airflow/dags/pipeline_dag.py for tasks to queue
[2026-05-06T17:34:25.927+0000] {logging_mixin.py:188} INFO - [2026-05-06T17:34:25.926+0000] {dagbag.py:545} INFO - Filling up the DagBag from /opt/airflow/dags/pipeline_dag.py
[2026-05-06T17:34:25.944+0000] {processor.py:840} INFO - DAG(s) 'ecommerce_pipeline' retrieved from /opt/airflow/dags/pipeline_dag.py
[2026-05-06T17:34:25.983+0000] {logging_mixin.py:188} INFO - [2026-05-06T17:34:25.983+0000] {dag.py:3096} INFO - Sync 1 DAGs
[2026-05-06T17:34:26.006+0000] {logging_mixin.py:188} INFO - [2026-05-06T17:34:26.006+0000] {dag.py:3954} INFO - Setting next_dagrun for ecommerce_pipeline to 2026-05-06 00:00:00+00:00, run_after=2026-05-07 00:00:00+00:00
[2026-05-06T17:34:26.029+0000] {processor.py:183} INFO - Processing /opt/airflow/dags/pipeline_dag.py took 0.110 seconds
[2026-05-06T17:34:56.957+0000] {processor.py:161} INFO - Started process (PID=4038) to work on /opt/airflow/dags/pipeline_dag.py
[2026-05-06T17:34:56.958+0000] {processor.py:830} INFO - Processing file /opt/airflow/dags/pipeline_dag.py for tasks to queue
[2026-05-06T17:34:56.960+0000] {logging_mixin.py:188} INFO - [2026-05-06T17:34:56.960+0000] {dagbag.py:545} INFO - Filling up the DagBag from /opt/airflow/dags/pipeline_dag.py
[2026-05-06T17:34:56.980+0000] {processor.py:840} INFO - DAG(s) 'ecommerce_pipeline' retrieved from /opt/airflow/dags/pipeline_dag.py
[2026-05-06T17:34:57.014+0000] {logging_mixin.py:188} INFO - [2026-05-06T17:34:57.014+0000] {dag.py:3096} INFO - Sync 1 DAGs
[2026-05-06T17:34:57.036+0000] {logging_mixin.py:188} INFO - [2026-05-06T17:34:57.036+0000] {dag.py:3954} INFO - Setting next_dagrun for ecommerce_pipeline to 2026-05-06 00:00:00+00:00, run_after=2026-05-07 00:00:00+00:00
[2026-05-06T17:34:57.057+0000] {processor.py:183} INFO - Processing /opt/airflow/dags/pipeline_dag.py took 0.105 seconds
[2026-05-06T17:35:28.023+0000] {processor.py:161} INFO - Started process (PID=4043) to work on /opt/airflow/dags/pipeline_dag.py
[2026-05-06T17:35:28.024+0000] {processor.py:830} INFO - Processing file /opt/airflow/dags/pipeline_dag.py for tasks to queue
[2026-05-06T17:35:28.026+0000] {logging_mixin.py:188} INFO - [2026-05-06T17:35:28.026+0000] {dagbag.py:545} INFO - Filling up the DagBag from /opt/airflow/dags/pipeline_dag.py
[2026-05-06T17:35:28.049+0000] {processor.py:840} INFO - DAG(s) 'ecommerce_pipeline' retrieved from /opt/airflow/dags/pipeline_dag.py
[2026-05-06T17:35:28.082+0000] {logging_mixin.py:188} INFO - [2026-05-06T17:35:28.082+0000] {dag.py:3096} INFO - Sync 1 DAGs
[2026-05-06T17:35:28.101+0000] {logging_mixin.py:188} INFO - [2026-05-06T17:35:28.101+0000] {dag.py:3954} INFO - Setting next_dagrun for ecommerce_pipeline to 2026-05-06 00:00:00+00:00, run_after=2026-05-07 00:00:00+00:00
[2026-05-06T17:35:28.123+0000] {processor.py:183} INFO - Processing /opt/airflow/dags/pipeline_dag.py took 0.105 seconds
[2026-05-06T17:35:59.037+0000] {processor.py:161} INFO - Started process (PID=4048) to work on /opt/airflow/dags/pipeline_dag.py
[2026-05-06T17:35:59.042+0000] {processor.py:830} INFO - Processing file /opt/airflow/dags/pipeline_dag.py for tasks to queue
[2026-05-06T17:35:59.046+0000] {logging_mixin.py:188} INFO - [2026-05-06T17:35:59.045+0000] {dagbag.py:545} INFO - Filling up the DagBag from /opt/airflow/dags/pipeline_dag.py
[2026-05-06T17:35:59.087+0000] {processor.py:840} INFO - DAG(s) 'ecommerce_pipeline' retrieved from /opt/airflow/dags/pipeline_dag.py
[2026-05-06T17:35:59.127+0000] {logging_mixin.py:188} INFO - [2026-05-06T17:35:59.127+0000] {dag.py:3096} INFO - Sync 1 DAGs
[2026-05-06T17:35:59.150+0000] {logging_mixin.py:188} INFO - [2026-05-06T17:35:59.149+0000] {dag.py:3954} INFO - Setting next_dagrun for ecommerce_pipeline to 2026-05-06 00:00:00+00:00, run_after=2026-05-07 00:00:00+00:00
[2026-05-06T17:35:59.168+0000] {processor.py:183} INFO - Processing /opt/airflow/dags/pipeline_dag.py took 0.141 seconds
[2026-05-06T17:36:30.031+0000] {processor.py:161} INFO - Started process (PID=4053) to work on /opt/airflow/dags/pipeline_dag.py
[2026-05-06T17:36:30.032+0000] {processor.py:830} INFO - Processing file /opt/airflow/dags/pipeline_dag.py for tasks to queue
[2026-05-06T17:36:30.033+0000] {logging_mixin.py:188} INFO - [2026-05-06T17:36:30.033+0000] {dagbag.py:545} INFO - Filling up the DagBag from /opt/airflow/dags/pipeline_dag.py
[2026-05-06T17:36:30.051+0000] {processor.py:840} INFO - DAG(s) 'ecommerce_pipeline' retrieved from /opt/airflow/dags/pipeline_dag.py
[2026-05-06T17:36:30.092+0000] {logging_mixin.py:188} INFO - [2026-05-06T17:36:30.092+0000] {dag.py:3096} INFO - Sync 1 DAGs
[2026-05-06T17:36:30.115+0000] {logging_mixin.py:188} INFO - [2026-05-06T17:36:30.115+0000] {dag.py:3954} INFO - Setting next_dagrun for ecommerce_pipeline to 2026-05-06 00:00:00+00:00, run_after=2026-05-07 00:00:00+00:00
[2026-05-06T17:36:30.138+0000] {processor.py:183} INFO - Processing /opt/airflow/dags/pipeline_dag.py took 0.113 seconds
[2026-05-06T17:37:01.081+0000] {processor.py:161} INFO - Started process (PID=4058) to work on /opt/airflow/dags/pipeline_dag.py
[2026-05-06T17:37:01.082+0000] {processor.py:830} INFO - Processing file /opt/airflow/dags/pipeline_dag.py for tasks to queue
[2026-05-06T17:37:01.084+0000] {logging_mixin.py:188} INFO - [2026-05-06T17:37:01.084+0000] {dagbag.py:545} INFO - Filling up the DagBag from /opt/airflow/dags/pipeline_dag.py
[2026-05-06T17:37:01.104+0000] {processor.py:840} INFO - DAG(s) 'ecommerce_pipeline' retrieved from /opt/airflow/dags/pipeline_dag.py
[2026-05-06T17:37:01.144+0000] {logging_mixin.py:188} INFO - [2026-05-06T17:37:01.144+0000] {dag.py:3096} INFO - Sync 1 DAGs
[2026-05-06T17:37:01.170+0000] {logging_mixin.py:188} INFO - [2026-05-06T17:37:01.170+0000] {dag.py:3954} INFO - Setting next_dagrun for ecommerce_pipeline to 2026-05-06 00:00:00+00:00, run_after=2026-05-07 00:00:00+00:00
[2026-05-06T17:37:01.200+0000] {processor.py:183} INFO - Processing /opt/airflow/dags/pipeline_dag.py took 0.125 seconds
[2026-05-06T17:37:32.051+0000] {processor.py:161} INFO - Started process (PID=4063) to work on /opt/airflow/dags/pipeline_dag.py
[2026-05-06T17:37:32.052+0000] {processor.py:830} INFO - Processing file /opt/airflow/dags/pipeline_dag.py for tasks to queue
[2026-05-06T17:37:32.054+0000] {logging_mixin.py:188} INFO - [2026-05-06T17:37:32.054+0000] {dagbag.py:545} INFO - Filling up the DagBag from /opt/airflow/dags/pipeline_dag.py
[2026-05-06T17:37:32.073+0000] {processor.py:840} INFO - DAG(s) 'ecommerce_pipeline' retrieved from /opt/airflow/dags/pipeline_dag.py
[2026-05-06T17:37:32.106+0000] {logging_mixin.py:188} INFO - [2026-05-06T17:37:32.106+0000] {dag.py:3096} INFO - Sync 1 DAGs
[2026-05-06T17:37:32.123+0000] {logging_mixin.py:188} INFO - [2026-05-06T17:37:32.123+0000] {dag.py:3954} INFO - Setting next_dagrun for ecommerce_pipeline to 2026-05-06 00:00:00+00:00, run_after=2026-05-07 00:00:00+00:00
[2026-05-06T17:37:32.144+0000] {processor.py:183} INFO - Processing /opt/airflow/dags/pipeline_dag.py took 0.098 seconds
[2026-05-06T17:38:03.050+0000] {processor.py:161} INFO - Started process (PID=4068) to work on /opt/airflow/dags/pipeline_dag.py
[2026-05-06T17:38:03.051+0000] {processor.py:830} INFO - Processing file /opt/airflow/dags/pipeline_dag.py for tasks to queue
[2026-05-06T17:38:03.053+0000] {logging_mixin.py:188} INFO - [2026-05-06T17:38:03.053+0000] {dagbag.py:545} INFO - Filling up the DagBag from /opt/airflow/dags/pipeline_dag.py
[2026-05-06T17:38:03.071+0000] {processor.py:840} INFO - DAG(s) 'ecommerce_pipeline' retrieved from /opt/airflow/dags/pipeline_dag.py
[2026-05-06T17:38:03.107+0000] {logging_mixin.py:188} INFO - [2026-05-06T17:38:03.107+0000] {dag.py:3096} INFO - Sync 1 DAGs
[2026-05-06T17:38:03.129+0000] {logging_mixin.py:188} INFO - [2026-05-06T17:38:03.129+0000] {dag.py:3954} INFO - Setting next_dagrun for ecommerce_pipeline to 2026-05-06 00:00:00+00:00, run_after=2026-05-07 00:00:00+00:00
[2026-05-06T17:38:03.154+0000] {processor.py:183} INFO - Processing /opt/airflow/dags/pipeline_dag.py took 0.109 seconds
[2026-05-06T17:38:34.154+0000] {processor.py:161} INFO - Started process (PID=4073) to work on /opt/airflow/dags/pipeline_dag.py
[2026-05-06T17:38:34.155+0000] {processor.py:830} INFO - Processing file /opt/airflow/dags/pipeline_dag.py for tasks to queue
[2026-05-06T17:38:34.157+0000] {logging_mixin.py:188} INFO - [2026-05-06T17:38:34.157+0000] {dagbag.py:545} INFO - Filling up the DagBag from /opt/airflow/dags/pipeline_dag.py
[2026-05-06T17:38:34.177+0000] {processor.py:840} INFO - DAG(s) 'ecommerce_pipeline' retrieved from /opt/airflow/dags/pipeline_dag.py
[2026-05-06T17:38:34.258+0000] {logging_mixin.py:188} INFO - [2026-05-06T17:38:34.257+0000] {dag.py:3096} INFO - Sync 1 DAGs
[2026-05-06T17:38:34.282+0000] {logging_mixin.py:188} INFO - [2026-05-06T17:38:34.282+0000] {dag.py:3954} INFO - Setting next_dagrun for ecommerce_pipeline to 2026-05-06 00:00:00+00:00, run_after=2026-05-07 00:00:00+00:00
[2026-05-06T17:38:34.412+0000] {processor.py:183} INFO - Processing /opt/airflow/dags/pipeline_dag.py took 0.263 seconds
[2026-05-06T17:39:07.216+0000] {processor.py:161} INFO - Started process (PID=4078) to work on /opt/airflow/dags/pipeline_dag.py
[2026-05-06T17:39:07.217+0000] {processor.py:830} INFO - Processing file /opt/airflow/dags/pipeline_dag.py for tasks to queue
[2026-05-06T17:39:07.219+0000] {logging_mixin.py:188} INFO - [2026-05-06T17:39:07.218+0000] {dagbag.py:545} INFO - Filling up the DagBag from /opt/airflow/dags/pipeline_dag.py
[2026-05-06T17:39:07.237+0000] {processor.py:840} INFO - DAG(s) 'ecommerce_pipeline' retrieved from /opt/airflow/dags/pipeline_dag.py
[2026-05-06T17:39:07.269+0000] {logging_mixin.py:188} INFO - [2026-05-06T17:39:07.269+0000] {dag.py:3096} INFO - Sync 1 DAGs
[2026-05-06T17:39:07.291+0000] {logging_mixin.py:188} INFO - [2026-05-06T17:39:07.290+0000] {dag.py:3954} INFO - Setting next_dagrun for ecommerce_pipeline to 2026-05-06 00:00:00+00:00, run_after=2026-05-07 00:00:00+00:00
[2026-05-06T17:39:07.310+0000] {processor.py:183} INFO - Processing /opt/airflow/dags/pipeline_dag.py took 0.100 seconds
[2026-05-06T17:39:40.256+0000] {processor.py:161} INFO - Started process (PID=4083) to work on /opt/airflow/dags/pipeline_dag.py
[2026-05-06T17:39:40.257+0000] {processor.py:830} INFO - Processing file /opt/airflow/dags/pipeline_dag.py for tasks to queue
[2026-05-06T17:39:40.259+0000] {logging_mixin.py:188} INFO - [2026-05-06T17:39:40.259+0000] {dagbag.py:545} INFO - Filling up the DagBag from /opt/airflow/dags/pipeline_dag.py
[2026-05-06T17:39:40.281+0000] {processor.py:840} INFO - DAG(s) 'ecommerce_pipeline' retrieved from /opt/airflow/dags/pipeline_dag.py
[2026-05-06T17:39:40.315+0000] {logging_mixin.py:188} INFO - [2026-05-06T17:39:40.314+0000] {dag.py:3096} INFO - Sync 1 DAGs
[2026-05-06T17:39:40.333+0000] {logging_mixin.py:188} INFO - [2026-05-06T17:39:40.333+0000] {dag.py:3954} INFO - Setting next_dagrun for ecommerce_pipeline to 2026-05-06 00:00:00+00:00, run_after=2026-05-07 00:00:00+00:00
[2026-05-06T17:39:40.354+0000] {processor.py:183} INFO - Processing /opt/airflow/dags/pipeline_dag.py took 0.103 seconds
[2026-05-06T17:40:13.224+0000] {processor.py:161} INFO - Started process (PID=4088) to work on /opt/airflow/dags/pipeline_dag.py
[2026-05-06T17:40:13.225+0000] {processor.py:830} INFO - Processing file /opt/airflow/dags/pipeline_dag.py for tasks to queue
[2026-05-06T17:40:13.226+0000] {logging_mixin.py:188} INFO - [2026-05-06T17:40:13.226+0000] {dagbag.py:545} INFO - Filling up the DagBag from /opt/airflow/dags/pipeline_dag.py
[2026-05-06T17:40:13.242+0000] {processor.py:840} INFO - DAG(s) 'ecommerce_pipeline' retrieved from /opt/airflow/dags/pipeline_dag.py
[2026-05-06T17:40:13.273+0000] {logging_mixin.py:188} INFO - [2026-05-06T17:40:13.273+0000] {dag.py:3096} INFO - Sync 1 DAGs
[2026-05-06T17:40:13.299+0000] {logging_mixin.py:188} INFO - [2026-05-06T17:40:13.299+0000] {dag.py:3954} INFO - Setting next_dagrun for ecommerce_pipeline to 2026-05-06 00:00:00+00:00, run_after=2026-05-07 00:00:00+00:00
[2026-05-06T17:40:13.321+0000] {processor.py:183} INFO - Processing /opt/airflow/dags/pipeline_dag.py took 0.101 seconds
[2026-05-06T17:40:43.477+0000] {processor.py:161} INFO - Started process (PID=4093) to work on /opt/airflow/dags/pipeline_dag.py
[2026-05-06T17:40:43.478+0000] {processor.py:830} INFO - Processing file /opt/airflow/dags/pipeline_dag.py for tasks to queue
[2026-05-06T17:40:43.479+0000] {logging_mixin.py:188} INFO - [2026-05-06T17:40:43.479+0000] {dagbag.py:545} INFO - Filling up the DagBag from /opt/airflow/dags/pipeline_dag.py
[2026-05-06T17:40:43.495+0000] {processor.py:840} INFO - DAG(s) 'ecommerce_pipeline' retrieved from /opt/airflow/dags/pipeline_dag.py
[2026-05-06T17:40:43.525+0000] {logging_mixin.py:188} INFO - [2026-05-06T17:40:43.525+0000] {dag.py:3096} INFO - Sync 1 DAGs
[2026-05-06T17:40:43.542+0000] {logging_mixin.py:188} INFO - [2026-05-06T17:40:43.541+0000] {dag.py:3954} INFO - Setting next_dagrun for ecommerce_pipeline to 2026-05-06 00:00:00+00:00, run_after=2026-05-07 00:00:00+00:00
[2026-05-06T17:40:43.558+0000] {processor.py:183} INFO - Processing /opt/airflow/dags/pipeline_dag.py took 0.086 seconds
[2026-05-06T17:41:14.408+0000] {processor.py:161} INFO - Started process (PID=4098) to work on /opt/airflow/dags/pipeline_dag.py
[2026-05-06T17:41:14.409+0000] {processor.py:830} INFO - Processing file /opt/airflow/dags/pipeline_dag.py for tasks to queue
[2026-05-06T17:41:14.411+0000] {logging_mixin.py:188} INFO - [2026-05-06T17:41:14.410+0000] {dagbag.py:545} INFO - Filling up the DagBag from /opt/airflow/dags/pipeline_dag.py
[2026-05-06T17:41:14.426+0000] {processor.py:840} INFO - DAG(s) 'ecommerce_pipeline' retrieved from /opt/airflow/dags/pipeline_dag.py
[2026-05-06T17:41:14.455+0000] {logging_mixin.py:188} INFO - [2026-05-06T17:41:14.455+0000] {dag.py:3096} INFO - Sync 1 DAGs
[2026-05-06T17:41:14.473+0000] {logging_mixin.py:188} INFO - [2026-05-06T17:41:14.472+0000] {dag.py:3954} INFO - Setting next_dagrun for ecommerce_pipeline to 2026-05-06 00:00:00+00:00, run_after=2026-05-07 00:00:00+00:00
[2026-05-06T17:41:14.490+0000] {processor.py:183} INFO - Processing /opt/airflow/dags/pipeline_dag.py took 0.087 seconds
[2026-05-06T17:41:45.350+0000] {processor.py:161} INFO - Started process (PID=4103) to work on /opt/airflow/dags/pipeline_dag.py
[2026-05-06T17:41:45.351+0000] {processor.py:830} INFO - Processing file /opt/airflow/dags/pipeline_dag.py for tasks to queue
[2026-05-06T17:41:45.352+0000] {logging_mixin.py:188} INFO - [2026-05-06T17:41:45.352+0000] {dagbag.py:545} INFO - Filling up the DagBag from /opt/airflow/dags/pipeline_dag.py
[2026-05-06T17:41:45.367+0000] {processor.py:840} INFO - DAG(s) 'ecommerce_pipeline' retrieved from /opt/airflow/dags/pipeline_dag.py
[2026-05-06T17:41:45.398+0000] {logging_mixin.py:188} INFO - [2026-05-06T17:41:45.398+0000] {dag.py:3096} INFO - Sync 1 DAGs
[2026-05-06T17:41:45.417+0000] {logging_mixin.py:188} INFO - [2026-05-06T17:41:45.417+0000] {dag.py:3954} INFO - Setting next_dagrun for ecommerce_pipeline to 2026-05-06 00:00:00+00:00, run_after=2026-05-07 00:00:00+00:00
[2026-05-06T17:41:45.438+0000] {processor.py:183} INFO - Processing /opt/airflow/dags/pipeline_dag.py took 0.093 seconds
[2026-05-06T17:42:25.894+0000] {processor.py:161} INFO - Started process (PID=4108) to work on /opt/airflow/dags/pipeline_dag.py
[2026-05-06T17:42:25.896+0000] {processor.py:830} INFO - Processing file /opt/airflow/dags/pipeline_dag.py for tasks to queue
[2026-05-06T17:42:25.897+0000] {logging_mixin.py:188} INFO - [2026-05-06T17:42:25.897+0000] {dagbag.py:545} INFO - Filling up the DagBag from /opt/airflow/dags/pipeline_dag.py
[2026-05-06T17:42:25.914+0000] {processor.py:840} INFO - DAG(s) 'ecommerce_pipeline' retrieved from /opt/airflow/dags/pipeline_dag.py
[2026-05-06T17:42:25.947+0000] {logging_mixin.py:188} INFO - [2026-05-06T17:42:25.946+0000] {dag.py:3096} INFO - Sync 1 DAGs
[2026-05-06T17:42:25.965+0000] {logging_mixin.py:188} INFO - [2026-05-06T17:42:25.965+0000] {dag.py:3954} INFO - Setting next_dagrun for ecommerce_pipeline to 2026-05-06 00:00:00+00:00, run_after=2026-05-07 00:00:00+00:00
[2026-05-06T17:42:25.984+0000] {processor.py:183} INFO - Processing /opt/airflow/dags/pipeline_dag.py took 0.095 seconds
[2026-05-06T17:42:56.052+0000] {processor.py:161} INFO - Started process (PID=4113) to work on /opt/airflow/dags/pipeline_dag.py
[2026-05-06T17:42:56.053+0000] {processor.py:830} INFO - Processing file /opt/airflow/dags/pipeline_dag.py for tasks to queue
[2026-05-06T17:42:56.054+0000] {logging_mixin.py:188} INFO - [2026-05-06T17:42:56.054+0000] {dagbag.py:545} INFO - Filling up the DagBag from /opt/airflow/dags/pipeline_dag.py
[2026-05-06T17:42:56.069+0000] {processor.py:840} INFO - DAG(s) 'ecommerce_pipeline' retrieved from /opt/airflow/dags/pipeline_dag.py
[2026-05-06T17:42:56.103+0000] {logging_mixin.py:188} INFO - [2026-05-06T17:42:56.103+0000] {dag.py:3096} INFO - Sync 1 DAGs
[2026-05-06T17:42:56.122+0000] {logging_mixin.py:188} INFO - [2026-05-06T17:42:56.122+0000] {dag.py:3954} INFO - Setting next_dagrun for ecommerce_pipeline to 2026-05-06 00:00:00+00:00, run_after=2026-05-07 00:00:00+00:00
[2026-05-06T17:42:56.141+0000] {processor.py:183} INFO - Processing /opt/airflow/dags/pipeline_dag.py took 0.093 seconds
[2026-05-06T17:43:26.613+0000] {processor.py:161} INFO - Started process (PID=4118) to work on /opt/airflow/dags/pipeline_dag.py
[2026-05-06T17:43:26.614+0000] {processor.py:830} INFO - Processing file /opt/airflow/dags/pipeline_dag.py for tasks to queue
[2026-05-06T17:43:26.616+0000] {logging_mixin.py:188} INFO - [2026-05-06T17:43:26.615+0000] {dagbag.py:545} INFO - Filling up the DagBag from /opt/airflow/dags/pipeline_dag.py
[2026-05-06T17:43:26.632+0000] {processor.py:840} INFO - DAG(s) 'ecommerce_pipeline' retrieved from /opt/airflow/dags/pipeline_dag.py
[2026-05-06T17:43:26.665+0000] {logging_mixin.py:188} INFO - [2026-05-06T17:43:26.665+0000] {dag.py:3096} INFO - Sync 1 DAGs
[2026-05-06T17:43:26.683+0000] {logging_mixin.py:188} INFO - [2026-05-06T17:43:26.683+0000] {dag.py:3954} INFO - Setting next_dagrun for ecommerce_pipeline to 2026-05-06 00:00:00+00:00, run_after=2026-05-07 00:00:00+00:00
[2026-05-06T17:43:26.700+0000] {processor.py:183} INFO - Processing /opt/airflow/dags/pipeline_dag.py took 0.092 seconds
[2026-05-06T17:43:57.126+0000] {processor.py:161} INFO - Started process (PID=4123) to work on /opt/airflow/dags/pipeline_dag.py
[2026-05-06T17:43:57.126+0000] {processor.py:830} INFO - Processing file /opt/airflow/dags/pipeline_dag.py for tasks to queue
[2026-05-06T17:43:57.128+0000] {logging_mixin.py:188} INFO - [2026-05-06T17:43:57.128+0000] {dagbag.py:545} INFO - Filling up the DagBag from /opt/airflow/dags/pipeline_dag.py
[2026-05-06T17:43:57.145+0000] {processor.py:840} INFO - DAG(s) 'ecommerce_pipeline' retrieved from /opt/airflow/dags/pipeline_dag.py
[2026-05-06T17:43:57.179+0000] {logging_mixin.py:188} INFO - [2026-05-06T17:43:57.179+0000] {dag.py:3096} INFO - Sync 1 DAGs
[2026-05-06T17:43:57.198+0000] {logging_mixin.py:188} INFO - [2026-05-06T17:43:57.198+0000] {dag.py:3954} INFO - Setting next_dagrun for ecommerce_pipeline to 2026-05-06 00:00:00+00:00, run_after=2026-05-07 00:00:00+00:00
[2026-05-06T17:43:57.220+0000] {processor.py:183} INFO - Processing /opt/airflow/dags/pipeline_dag.py took 0.099 seconds
[2026-05-06T17:44:27.622+0000] {processor.py:161} INFO - Started process (PID=4128) to work on /opt/airflow/dags/pipeline_dag.py
[2026-05-06T17:44:27.623+0000] {processor.py:830} INFO - Processing file /opt/airflow/dags/pipeline_dag.py for tasks to queue
[2026-05-06T17:44:27.624+0000] {logging_mixin.py:188} INFO - [2026-05-06T17:44:27.624+0000] {dagbag.py:545} INFO - Filling up the DagBag from /opt/airflow/dags/pipeline_dag.py
[2026-05-06T17:44:27.641+0000] {processor.py:840} INFO - DAG(s) 'ecommerce_pipeline' retrieved from /opt/airflow/dags/pipeline_dag.py
[2026-05-06T17:44:27.670+0000] {logging_mixin.py:188} INFO - [2026-05-06T17:44:27.670+0000] {dag.py:3096} INFO - Sync 1 DAGs
[2026-05-06T17:44:27.686+0000] {logging_mixin.py:188} INFO - [2026-05-06T17:44:27.686+0000] {dag.py:3954} INFO - Setting next_dagrun for ecommerce_pipeline to 2026-05-06 00:00:00+00:00, run_after=2026-05-07 00:00:00+00:00
[2026-05-06T17:44:27.704+0000] {processor.py:183} INFO - Processing /opt/airflow/dags/pipeline_dag.py took 0.087 seconds
[2026-05-06T17:44:58.289+0000] {processor.py:161} INFO - Started process (PID=4133) to work on /opt/airflow/dags/pipeline_dag.py
[2026-05-06T17:44:58.291+0000] {processor.py:830} INFO - Processing file /opt/airflow/dags/pipeline_dag.py for tasks to queue
[2026-05-06T17:44:58.293+0000] {logging_mixin.py:188} INFO - [2026-05-06T17:44:58.292+0000] {dagbag.py:545} INFO - Filling up the DagBag from /opt/airflow/dags/pipeline_dag.py
[2026-05-06T17:44:58.312+0000] {processor.py:840} INFO - DAG(s) 'ecommerce_pipeline' retrieved from /opt/airflow/dags/pipeline_dag.py
[2026-05-06T17:44:58.347+0000] {logging_mixin.py:188} INFO - [2026-05-06T17:44:58.346+0000] {dag.py:3096} INFO - Sync 1 DAGs
[2026-05-06T17:44:58.365+0000] {logging_mixin.py:188} INFO - [2026-05-06T17:44:58.365+0000] {dag.py:3954} INFO - Setting next_dagrun for ecommerce_pipeline to 2026-05-06 00:00:00+00:00, run_after=2026-05-07 00:00:00+00:00
[2026-05-06T17:44:58.386+0000] {processor.py:183} INFO - Processing /opt/airflow/dags/pipeline_dag.py took 0.103 seconds
[2026-05-06T17:45:28.764+0000] {processor.py:161} INFO - Started process (PID=4138) to work on /opt/airflow/dags/pipeline_dag.py
[2026-05-06T17:45:28.765+0000] {processor.py:830} INFO - Processing file /opt/airflow/dags/pipeline_dag.py for tasks to queue
[2026-05-06T17:45:28.766+0000] {logging_mixin.py:188} INFO - [2026-05-06T17:45:28.766+0000] {dagbag.py:545} INFO - Filling up the DagBag from /opt/airflow/dags/pipeline_dag.py
[2026-05-06T17:45:28.781+0000] {processor.py:840} INFO - DAG(s) 'ecommerce_pipeline' retrieved from /opt/airflow/dags/pipeline_dag.py
[2026-05-06T17:45:28.809+0000] {logging_mixin.py:188} INFO - [2026-05-06T17:45:28.808+0000] {dag.py:3096} INFO - Sync 1 DAGs
[2026-05-06T17:45:28.828+0000] {logging_mixin.py:188} INFO - [2026-05-06T17:45:28.828+0000] {dag.py:3954} INFO - Setting next_dagrun for ecommerce_pipeline to 2026-05-06 00:00:00+00:00, run_after=2026-05-07 00:00:00+00:00
[2026-05-06T17:45:28.845+0000] {processor.py:183} INFO - Processing /opt/airflow/dags/pipeline_dag.py took 0.086 seconds
[2026-05-06T17:51:50.659+0000] {processor.py:161} INFO - Started process (PID=4143) to work on /opt/airflow/dags/pipeline_dag.py
[2026-05-06T17:51:52.490+0000] {processor.py:830} INFO - Processing file /opt/airflow/dags/pipeline_dag.py for tasks to queue
[2026-05-06T17:51:52.523+0000] {logging_mixin.py:188} INFO - [2026-05-06T17:51:52.514+0000] {dagbag.py:545} INFO - Filling up the DagBag from /opt/airflow/dags/pipeline_dag.py
[2026-05-06T17:51:53.238+0000] {processor.py:840} INFO - DAG(s) 'ecommerce_pipeline' retrieved from /opt/airflow/dags/pipeline_dag.py
[2026-05-06T17:52:23.692+0000] {processor.py:161} INFO - Started process (PID=4146) to work on /opt/airflow/dags/pipeline_dag.py
[2026-05-06T17:52:23.693+0000] {processor.py:830} INFO - Processing file /opt/airflow/dags/pipeline_dag.py for tasks to queue
[2026-05-06T17:52:23.694+0000] {logging_mixin.py:188} INFO - [2026-05-06T17:52:23.693+0000] {dagbag.py:545} INFO - Filling up the DagBag from /opt/airflow/dags/pipeline_dag.py
[2026-05-06T17:52:23.711+0000] {processor.py:840} INFO - DAG(s) 'ecommerce_pipeline' retrieved from /opt/airflow/dags/pipeline_dag.py
[2026-05-06T17:52:24.160+0000] {logging_mixin.py:188} INFO - [2026-05-06T17:52:24.160+0000] {dag.py:3096} INFO - Sync 1 DAGs
[2026-05-06T17:52:24.188+0000] {logging_mixin.py:188} INFO - [2026-05-06T17:52:24.188+0000] {dag.py:3954} INFO - Setting next_dagrun for ecommerce_pipeline to 2026-05-06 00:00:00+00:00, run_after=2026-05-07 00:00:00+00:00
[2026-05-06T17:52:24.215+0000] {processor.py:183} INFO - Processing /opt/airflow/dags/pipeline_dag.py took 0.528 seconds
[2026-05-06T17:52:54.634+0000] {processor.py:161} INFO - Started process (PID=4151) to work on /opt/airflow/dags/pipeline_dag.py
[2026-05-06T17:52:54.635+0000] {processor.py:830} INFO - Processing file /opt/airflow/dags/pipeline_dag.py for tasks to queue
[2026-05-06T17:52:54.636+0000] {logging_mixin.py:188} INFO - [2026-05-06T17:52:54.636+0000] {dagbag.py:545} INFO - Filling up the DagBag from /opt/airflow/dags/pipeline_dag.py
[2026-05-06T17:52:54.654+0000] {processor.py:840} INFO - DAG(s) 'ecommerce_pipeline' retrieved from /opt/airflow/dags/pipeline_dag.py
[2026-05-06T17:52:54.686+0000] {logging_mixin.py:188} INFO - [2026-05-06T17:52:54.686+0000] {dag.py:3096} INFO - Sync 1 DAGs
[2026-05-06T17:52:54.704+0000] {logging_mixin.py:188} INFO - [2026-05-06T17:52:54.703+0000] {dag.py:3954} INFO - Setting next_dagrun for ecommerce_pipeline to 2026-05-06 00:00:00+00:00, run_after=2026-05-07 00:00:00+00:00
[2026-05-06T17:52:54.722+0000] {processor.py:183} INFO - Processing /opt/airflow/dags/pipeline_dag.py took 0.093 seconds
[2026-05-06T17:53:25.429+0000] {processor.py:161} INFO - Started process (PID=4156) to work on /opt/airflow/dags/pipeline_dag.py
[2026-05-06T17:53:25.431+0000] {processor.py:830} INFO - Processing file /opt/airflow/dags/pipeline_dag.py for tasks to queue
[2026-05-06T17:53:25.432+0000] {logging_mixin.py:188} INFO - [2026-05-06T17:53:25.432+0000] {dagbag.py:545} INFO - Filling up the DagBag from /opt/airflow/dags/pipeline_dag.py
[2026-05-06T17:53:25.450+0000] {processor.py:840} INFO - DAG(s) 'ecommerce_pipeline' retrieved from /opt/airflow/dags/pipeline_dag.py
[2026-05-06T17:53:25.488+0000] {logging_mixin.py:188} INFO - [2026-05-06T17:53:25.487+0000] {dag.py:3096} INFO - Sync 1 DAGs
[2026-05-06T17:53:25.511+0000] {logging_mixin.py:188} INFO - [2026-05-06T17:53:25.510+0000] {dag.py:3954} INFO - Setting next_dagrun for ecommerce_pipeline to 2026-05-06 00:00:00+00:00, run_after=2026-05-07 00:00:00+00:00
[2026-05-06T17:53:25.527+0000] {processor.py:183} INFO - Processing /opt/airflow/dags/pipeline_dag.py took 0.105 seconds
[2026-05-06T17:53:56.303+0000] {processor.py:161} INFO - Started process (PID=4161) to work on /opt/airflow/dags/pipeline_dag.py
[2026-05-06T17:53:56.304+0000] {processor.py:830} INFO - Processing file /opt/airflow/dags/pipeline_dag.py for tasks to queue
[2026-05-06T17:53:56.305+0000] {logging_mixin.py:188} INFO - [2026-05-06T17:53:56.305+0000] {dagbag.py:545} INFO - Filling up the DagBag from /opt/airflow/dags/pipeline_dag.py
[2026-05-06T17:53:56.328+0000] {processor.py:840} INFO - DAG(s) 'ecommerce_pipeline' retrieved from /opt/airflow/dags/pipeline_dag.py
[2026-05-06T17:53:56.366+0000] {logging_mixin.py:188} INFO - [2026-05-06T17:53:56.366+0000] {dag.py:3096} INFO - Sync 1 DAGs
[2026-05-06T17:53:56.383+0000] {logging_mixin.py:188} INFO - [2026-05-06T17:53:56.383+0000] {dag.py:3954} INFO - Setting next_dagrun for ecommerce_pipeline to 2026-05-06 00:00:00+00:00, run_after=2026-05-07 00:00:00+00:00
[2026-05-06T17:53:56.403+0000] {processor.py:183} INFO - Processing /opt/airflow/dags/pipeline_dag.py took 0.105 seconds
[2026-05-06T17:54:27.078+0000] {processor.py:161} INFO - Started process (PID=4166) to work on /opt/airflow/dags/pipeline_dag.py
[2026-05-06T17:54:27.079+0000] {processor.py:830} INFO - Processing file /opt/airflow/dags/pipeline_dag.py for tasks to queue
[2026-05-06T17:54:27.080+0000] {logging_mixin.py:188} INFO - [2026-05-06T17:54:27.080+0000] {dagbag.py:545} INFO - Filling up the DagBag from /opt/airflow/dags/pipeline_dag.py
[2026-05-06T17:54:27.095+0000] {processor.py:840} INFO - DAG(s) 'ecommerce_pipeline' retrieved from /opt/airflow/dags/pipeline_dag.py
[2026-05-06T17:54:27.122+0000] {logging_mixin.py:188} INFO - [2026-05-06T17:54:27.122+0000] {dag.py:3096} INFO - Sync 1 DAGs
[2026-05-06T17:54:27.143+0000] {logging_mixin.py:188} INFO - [2026-05-06T17:54:27.143+0000] {dag.py:3954} INFO - Setting next_dagrun for ecommerce_pipeline to 2026-05-06 00:00:00+00:00, run_after=2026-05-07 00:00:00+00:00
[2026-05-06T17:54:27.161+0000] {processor.py:183} INFO - Processing /opt/airflow/dags/pipeline_dag.py took 0.087 seconds
[2026-05-06T17:54:57.777+0000] {processor.py:161} INFO - Started process (PID=4171) to work on /opt/airflow/dags/pipeline_dag.py
[2026-05-06T17:54:57.778+0000] {processor.py:830} INFO - Processing file /opt/airflow/dags/pipeline_dag.py for tasks to queue
[2026-05-06T17:54:57.779+0000] {logging_mixin.py:188} INFO - [2026-05-06T17:54:57.779+0000] {dagbag.py:545} INFO - Filling up the DagBag from /opt/airflow/dags/pipeline_dag.py
[2026-05-06T17:54:57.796+0000] {processor.py:840} INFO - DAG(s) 'ecommerce_pipeline' retrieved from /opt/airflow/dags/pipeline_dag.py
[2026-05-06T17:54:57.825+0000] {logging_mixin.py:188} INFO - [2026-05-06T17:54:57.825+0000] {dag.py:3096} INFO - Sync 1 DAGs
[2026-05-06T17:54:57.845+0000] {logging_mixin.py:188} INFO - [2026-05-06T17:54:57.845+0000] {dag.py:3954} INFO - Setting next_dagrun for ecommerce_pipeline to 2026-05-06 00:00:00+00:00, run_after=2026-05-07 00:00:00+00:00
[2026-05-06T17:54:57.862+0000] {processor.py:183} INFO - Processing /opt/airflow/dags/pipeline_dag.py took 0.089 seconds
[2026-05-06T18:17:54.151+0000] {processor.py:161} INFO - Started process (PID=4176) to work on /opt/airflow/dags/pipeline_dag.py
[2026-05-06T18:17:54.164+0000] {processor.py:830} INFO - Processing file /opt/airflow/dags/pipeline_dag.py for tasks to queue
[2026-05-06T18:17:54.173+0000] {logging_mixin.py:188} INFO - [2026-05-06T18:17:54.172+0000] {dagbag.py:545} INFO - Filling up the DagBag from /opt/airflow/dags/pipeline_dag.py
[2026-05-06T18:17:54.680+0000] {processor.py:840} INFO - DAG(s) 'ecommerce_pipeline' retrieved from /opt/airflow/dags/pipeline_dag.py
[2026-05-06T18:17:55.089+0000] {logging_mixin.py:188} INFO - [2026-05-06T18:17:55.089+0000] {dag.py:3096} INFO - Sync 1 DAGs
[2026-05-06T18:17:55.191+0000] {logging_mixin.py:188} INFO - [2026-05-06T18:17:55.190+0000] {dag.py:3954} INFO - Setting next_dagrun for ecommerce_pipeline to 2026-05-06 00:00:00+00:00, run_after=2026-05-07 00:00:00+00:00
[2026-05-06T18:17:55.300+0000] {processor.py:183} INFO - Processing /opt/airflow/dags/pipeline_dag.py took 1.275 seconds
[2026-05-06T18:18:25.536+0000] {processor.py:161} INFO - Started process (PID=4181) to work on /opt/airflow/dags/pipeline_dag.py
[2026-05-06T18:18:25.537+0000] {processor.py:830} INFO - Processing file /opt/airflow/dags/pipeline_dag.py for tasks to queue
[2026-05-06T18:18:25.538+0000] {logging_mixin.py:188} INFO - [2026-05-06T18:18:25.538+0000] {dagbag.py:545} INFO - Filling up the DagBag from /opt/airflow/dags/pipeline_dag.py
[2026-05-06T18:18:25.557+0000] {processor.py:840} INFO - DAG(s) 'ecommerce_pipeline' retrieved from /opt/airflow/dags/pipeline_dag.py
[2026-05-06T18:18:25.588+0000] {logging_mixin.py:188} INFO - [2026-05-06T18:18:25.588+0000] {dag.py:3096} INFO - Sync 1 DAGs
[2026-05-06T18:18:25.606+0000] {logging_mixin.py:188} INFO - [2026-05-06T18:18:25.606+0000] {dag.py:3954} INFO - Setting next_dagrun for ecommerce_pipeline to 2026-05-06 00:00:00+00:00, run_after=2026-05-07 00:00:00+00:00
[2026-05-06T18:18:25.622+0000] {processor.py:183} INFO - Processing /opt/airflow/dags/pipeline_dag.py took 0.092 seconds
[2026-05-06T18:18:56.411+0000] {processor.py:161} INFO - Started process (PID=4186) to work on /opt/airflow/dags/pipeline_dag.py
[2026-05-06T18:18:56.412+0000] {processor.py:830} INFO - Processing file /opt/airflow/dags/pipeline_dag.py for tasks to queue
[2026-05-06T18:18:56.413+0000] {logging_mixin.py:188} INFO - [2026-05-06T18:18:56.413+0000] {dagbag.py:545} INFO - Filling up the DagBag from /opt/airflow/dags/pipeline_dag.py
[2026-05-06T18:18:56.432+0000] {processor.py:840} INFO - DAG(s) 'ecommerce_pipeline' retrieved from /opt/airflow/dags/pipeline_dag.py
[2026-05-06T18:18:56.462+0000] {logging_mixin.py:188} INFO - [2026-05-06T18:18:56.462+0000] {dag.py:3096} INFO - Sync 1 DAGs
[2026-05-06T18:18:56.487+0000] {logging_mixin.py:188} INFO - [2026-05-06T18:18:56.487+0000] {dag.py:3954} INFO - Setting next_dagrun for ecommerce_pipeline to 2026-05-06 00:00:00+00:00, run_after=2026-05-07 00:00:00+00:00
[2026-05-06T18:18:56.520+0000] {processor.py:183} INFO - Processing /opt/airflow/dags/pipeline_dag.py took 0.114 seconds
[2026-05-06T18:19:27.227+0000] {processor.py:161} INFO - Started process (PID=4191) to work on /opt/airflow/dags/pipeline_dag.py
[2026-05-06T18:19:27.228+0000] {processor.py:830} INFO - Processing file /opt/airflow/dags/pipeline_dag.py for tasks to queue
[2026-05-06T18:19:27.229+0000] {logging_mixin.py:188} INFO - [2026-05-06T18:19:27.229+0000] {dagbag.py:545} INFO - Filling up the DagBag from /opt/airflow/dags/pipeline_dag.py
[2026-05-06T18:19:27.251+0000] {processor.py:840} INFO - DAG(s) 'ecommerce_pipeline' retrieved from /opt/airflow/dags/pipeline_dag.py
[2026-05-06T18:19:27.285+0000] {logging_mixin.py:188} INFO - [2026-05-06T18:19:27.285+0000] {dag.py:3096} INFO - Sync 1 DAGs
[2026-05-06T18:19:27.305+0000] {logging_mixin.py:188} INFO - [2026-05-06T18:19:27.305+0000] {dag.py:3954} INFO - Setting next_dagrun for ecommerce_pipeline to 2026-05-06 00:00:00+00:00, run_after=2026-05-07 00:00:00+00:00
[2026-05-06T18:19:27.325+0000] {processor.py:183} INFO - Processing /opt/airflow/dags/pipeline_dag.py took 0.105 seconds
[2026-05-06T18:19:57.997+0000] {processor.py:161} INFO - Started process (PID=4196) to work on /opt/airflow/dags/pipeline_dag.py
[2026-05-06T18:19:57.998+0000] {processor.py:830} INFO - Processing file /opt/airflow/dags/pipeline_dag.py for tasks to queue
[2026-05-06T18:19:57.999+0000] {logging_mixin.py:188} INFO - [2026-05-06T18:19:57.998+0000] {dagbag.py:545} INFO - Filling up the DagBag from /opt/airflow/dags/pipeline_dag.py
[2026-05-06T18:19:58.017+0000] {processor.py:840} INFO - DAG(s) 'ecommerce_pipeline' retrieved from /opt/airflow/dags/pipeline_dag.py
[2026-05-06T18:19:58.049+0000] {logging_mixin.py:188} INFO - [2026-05-06T18:19:58.048+0000] {dag.py:3096} INFO - Sync 1 DAGs
[2026-05-06T18:19:58.068+0000] {logging_mixin.py:188} INFO - [2026-05-06T18:19:58.068+0000] {dag.py:3954} INFO - Setting next_dagrun for ecommerce_pipeline to 2026-05-06 00:00:00+00:00, run_after=2026-05-07 00:00:00+00:00
[2026-05-06T18:19:58.089+0000] {processor.py:183} INFO - Processing /opt/airflow/dags/pipeline_dag.py took 0.097 seconds
[2026-05-06T18:20:28.491+0000] {processor.py:161} INFO - Started process (PID=4201) to work on /opt/airflow/dags/pipeline_dag.py
[2026-05-06T18:20:28.492+0000] {processor.py:830} INFO - Processing file /opt/airflow/dags/pipeline_dag.py for tasks to queue
[2026-05-06T18:20:28.493+0000] {logging_mixin.py:188} INFO - [2026-05-06T18:20:28.493+0000] {dagbag.py:545} INFO - Filling up the DagBag from /opt/airflow/dags/pipeline_dag.py
[2026-05-06T18:20:28.510+0000] {processor.py:840} INFO - DAG(s) 'ecommerce_pipeline' retrieved from /opt/airflow/dags/pipeline_dag.py
[2026-05-06T18:20:28.537+0000] {logging_mixin.py:188} INFO - [2026-05-06T18:20:28.537+0000] {dag.py:3096} INFO - Sync 1 DAGs
[2026-05-06T18:20:28.557+0000] {logging_mixin.py:188} INFO - [2026-05-06T18:20:28.557+0000] {dag.py:3954} INFO - Setting next_dagrun for ecommerce_pipeline to 2026-05-06 00:00:00+00:00, run_after=2026-05-07 00:00:00+00:00
[2026-05-06T18:20:28.574+0000] {processor.py:183} INFO - Processing /opt/airflow/dags/pipeline_dag.py took 0.089 seconds
[2026-05-06T18:21:00.241+0000] {processor.py:161} INFO - Started process (PID=4206) to work on /opt/airflow/dags/pipeline_dag.py
[2026-05-06T18:21:00.244+0000] {processor.py:830} INFO - Processing file /opt/airflow/dags/pipeline_dag.py for tasks to queue
[2026-05-06T18:21:00.247+0000] {logging_mixin.py:188} INFO - [2026-05-06T18:21:00.246+0000] {dagbag.py:545} INFO - Filling up the DagBag from /opt/airflow/dags/pipeline_dag.py
[2026-05-06T18:21:00.280+0000] {processor.py:840} INFO - DAG(s) 'ecommerce_pipeline' retrieved from /opt/airflow/dags/pipeline_dag.py
[2026-05-06T18:21:00.321+0000] {logging_mixin.py:188} INFO - [2026-05-06T18:21:00.321+0000] {dag.py:3096} INFO - Sync 1 DAGs
[2026-05-06T18:21:00.344+0000] {logging_mixin.py:188} INFO - [2026-05-06T18:21:00.344+0000] {dag.py:3954} INFO - Setting next_dagrun for ecommerce_pipeline to 2026-05-06 00:00:00+00:00, run_after=2026-05-07 00:00:00+00:00
[2026-05-06T18:21:00.365+0000] {processor.py:183} INFO - Processing /opt/airflow/dags/pipeline_dag.py took 0.138 seconds
[2026-05-06T20:09:12.205+0000] {processor.py:161} INFO - Started process (PID=4211) to work on /opt/airflow/dags/pipeline_dag.py
[2026-05-06T20:09:12.278+0000] {processor.py:830} INFO - Processing file /opt/airflow/dags/pipeline_dag.py for tasks to queue
[2026-05-06T20:09:12.390+0000] {logging_mixin.py:188} INFO - [2026-05-06T20:09:12.388+0000] {dagbag.py:545} INFO - Filling up the DagBag from /opt/airflow/dags/pipeline_dag.py
[2026-05-06T20:09:12.840+0000] {processor.py:840} INFO - DAG(s) 'ecommerce_pipeline' retrieved from /opt/airflow/dags/pipeline_dag.py
[2026-05-06T20:09:13.057+0000] {logging_mixin.py:188} INFO - [2026-05-06T20:09:13.057+0000] {dag.py:3096} INFO - Sync 1 DAGs
[2026-05-06T20:09:13.148+0000] {logging_mixin.py:188} INFO - [2026-05-06T20:09:13.148+0000] {dag.py:3954} INFO - Setting next_dagrun for ecommerce_pipeline to 2026-05-06 00:00:00+00:00, run_after=2026-05-07 00:00:00+00:00
[2026-05-06T20:09:13.252+0000] {processor.py:183} INFO - Processing /opt/airflow/dags/pipeline_dag.py took 1.082 seconds
