[2026-04-28T15:10:21.590+0000] {manager.py:470} INFO - Processing files using up to 2 processes at a time 
[2026-04-28T15:10:21.593+0000] {manager.py:471} INFO - Process each file at most once every 30 seconds
[2026-04-28T15:10:21.594+0000] {manager.py:472} INFO - Checking for new files in /opt/airflow/dags every 300 seconds
[2026-04-28T15:10:21.596+0000] {manager.py:737} INFO - Searching for files in /opt/airflow/dags
[2026-04-28T15:10:21.611+0000] {manager.py:740} INFO - There are 1 files in /opt/airflow/dags
[2026-04-28T15:10:22.025+0000] {manager.py:878} INFO - 
================================================================================
DAG File Processing Stats

File Path                            PID  Runtime      # DAGs    # Errors  Last Runtime    Last Run
---------------------------------  -----  ---------  --------  ----------  --------------  ----------
/opt/airflow/dags/pipeline_dag.py    164  0.21s             0           0
================================================================================
[2026-04-28T15:10:52.098+0000] {manager.py:878} INFO - 
================================================================================
DAG File Processing Stats

File Path                          PID    Runtime      # DAGs    # Errors  Last Runtime    Last Run
---------------------------------  -----  ---------  --------  ----------  --------------  -------------------
/opt/airflow/dags/pipeline_dag.py                           1           0  2.02s           2026-04-28T15:10:23
================================================================================
[2026-04-28T15:11:22.401+0000] {manager.py:878} INFO - 
================================================================================
DAG File Processing Stats

File Path                          PID    Runtime      # DAGs    # Errors  Last Runtime    Last Run
---------------------------------  -----  ---------  --------  ----------  --------------  -------------------
/opt/airflow/dags/pipeline_dag.py                           1           0  0.23s           2026-04-28T15:10:54
================================================================================
[2026-04-28T15:11:53.073+0000] {manager.py:878} INFO - 
================================================================================
DAG File Processing Stats

File Path                          PID    Runtime      # DAGs    # Errors  Last Runtime    Last Run
---------------------------------  -----  ---------  --------  ----------  --------------  -------------------
/opt/airflow/dags/pipeline_dag.py                           1           0  0.22s           2026-04-28T15:11:24
================================================================================
[2026-04-28T15:12:23.518+0000] {manager.py:878} INFO - 
================================================================================
DAG File Processing Stats

File Path                          PID    Runtime      # DAGs    # Errors  Last Runtime    Last Run
---------------------------------  -----  ---------  --------  ----------  --------------  -------------------
/opt/airflow/dags/pipeline_dag.py                           1           0  0.18s           2026-04-28T15:11:55
================================================================================
[2026-04-28T15:12:54.095+0000] {manager.py:878} INFO - 
================================================================================
DAG File Processing Stats

File Path                          PID    Runtime      # DAGs    # Errors  Last Runtime    Last Run
---------------------------------  -----  ---------  --------  ----------  --------------  -------------------
/opt/airflow/dags/pipeline_dag.py                           1           0  0.96s           2026-04-28T15:12:26
================================================================================
[2026-04-28T15:13:24.345+0000] {manager.py:878} INFO - 
================================================================================
DAG File Processing Stats

File Path                          PID    Runtime      # DAGs    # Errors  Last Runtime    Last Run
---------------------------------  -----  ---------  --------  ----------  --------------  -------------------
/opt/airflow/dags/pipeline_dag.py                           1           0  0.17s           2026-04-28T15:12:57
================================================================================
[2026-04-28T15:13:28.375+0000] {manager.py:1016} ERROR - Processor for /opt/airflow/dags/pipeline_dag.py exited with return code 1.
[2026-04-28T15:13:54.540+0000] {manager.py:878} INFO - 
================================================================================
DAG File Processing Stats

File Path                          PID    Runtime      # DAGs    # Errors  Last Runtime    Last Run
---------------------------------  -----  ---------  --------  ----------  --------------  -------------------
/opt/airflow/dags/pipeline_dag.py                           0          -1  1.00s           2026-04-28T15:13:28
================================================================================
[2026-04-28T15:13:59.940+0000] {manager.py:1016} ERROR - Processor for /opt/airflow/dags/pipeline_dag.py exited with return code 1.
[2026-04-28T15:14:24.978+0000] {manager.py:878} INFO - 
================================================================================
DAG File Processing Stats

File Path                          PID    Runtime      # DAGs    # Errors  Last Runtime    Last Run
---------------------------------  -----  ---------  --------  ----------  --------------  -------------------
/opt/airflow/dags/pipeline_dag.py                           0          -1  1.37s           2026-04-28T15:13:59
================================================================================
[2026-04-28T15:14:31.038+0000] {manager.py:1016} ERROR - Processor for /opt/airflow/dags/pipeline_dag.py exited with return code 1.
[2026-04-28T15:14:55.212+0000] {manager.py:878} INFO - 
================================================================================
DAG File Processing Stats

File Path                          PID    Runtime      # DAGs    # Errors  Last Runtime    Last Run
---------------------------------  -----  ---------  --------  ----------  --------------  -------------------
/opt/airflow/dags/pipeline_dag.py                           0          -1  1.01s           2026-04-28T15:14:31
================================================================================
[2026-04-28T15:15:02.228+0000] {manager.py:1016} ERROR - Processor for /opt/airflow/dags/pipeline_dag.py exited with return code 1.
[2026-04-28T15:15:22.452+0000] {manager.py:737} INFO - Searching for files in /opt/airflow/dags
[2026-04-28T15:15:22.495+0000] {manager.py:740} INFO - There are 1 files in /opt/airflow/dags
[2026-04-28T15:15:25.546+0000] {manager.py:878} INFO - 
================================================================================
DAG File Processing Stats

File Path                          PID    Runtime      # DAGs    # Errors  Last Runtime    Last Run
---------------------------------  -----  ---------  --------  ----------  --------------  -------------------
/opt/airflow/dags/pipeline_dag.py                           0          -1  0.96s           2026-04-28T15:15:02
================================================================================
[2026-04-28T15:15:33.764+0000] {manager.py:1016} ERROR - Processor for /opt/airflow/dags/pipeline_dag.py exited with return code 1.
[2026-04-28T15:15:55.809+0000] {manager.py:878} INFO - 
================================================================================
DAG File Processing Stats

File Path                          PID    Runtime      # DAGs    # Errors  Last Runtime    Last Run
---------------------------------  -----  ---------  --------  ----------  --------------  -------------------
/opt/airflow/dags/pipeline_dag.py                           0          -1  1.15s           2026-04-28T15:15:33
================================================================================
[2026-04-28T15:16:13.994+0000] {manager.py:1016} ERROR - Processor for /opt/airflow/dags/pipeline_dag.py exited with return code 1.
[2026-04-28T15:16:25.905+0000] {manager.py:878} INFO - 
================================================================================
DAG File Processing Stats

File Path                          PID    Runtime      # DAGs    # Errors  Last Runtime    Last Run
---------------------------------  -----  ---------  --------  ----------  --------------  -------------------
/opt/airflow/dags/pipeline_dag.py                           0          -1  9.84s           2026-04-28T15:16:13
================================================================================
[2026-04-28T15:16:46.039+0000] {manager.py:1016} ERROR - Processor for /opt/airflow/dags/pipeline_dag.py exited with return code 1.
[2026-04-28T15:16:56.122+0000] {manager.py:878} INFO - 
================================================================================
DAG File Processing Stats

File Path                          PID    Runtime      # DAGs    # Errors  Last Runtime    Last Run
---------------------------------  -----  ---------  --------  ----------  --------------  -------------------
/opt/airflow/dags/pipeline_dag.py                           0          -1  1.85s           2026-04-28T15:16:46
================================================================================
[2026-04-28T15:17:17.024+0000] {manager.py:1016} ERROR - Processor for /opt/airflow/dags/pipeline_dag.py exited with return code 1.
[2026-04-28T15:17:26.757+0000] {manager.py:878} INFO - 
================================================================================
DAG File Processing Stats

File Path                          PID    Runtime      # DAGs    # Errors  Last Runtime    Last Run
---------------------------------  -----  ---------  --------  ----------  --------------  -------------------
/opt/airflow/dags/pipeline_dag.py                           0          -1  0.71s           2026-04-28T15:17:17
================================================================================
[2026-04-28T15:17:48.386+0000] {manager.py:1016} ERROR - Processor for /opt/airflow/dags/pipeline_dag.py exited with return code 1.
[2026-04-28T15:17:57.287+0000] {manager.py:878} INFO - 
================================================================================
DAG File Processing Stats

File Path                          PID    Runtime      # DAGs    # Errors  Last Runtime    Last Run
---------------------------------  -----  ---------  --------  ----------  --------------  -------------------
/opt/airflow/dags/pipeline_dag.py                           0          -1  1.17s           2026-04-28T15:17:48
================================================================================
[2026-04-28T15:18:27.477+0000] {manager.py:878} INFO - 
================================================================================
DAG File Processing Stats

File Path                            PID  Runtime      # DAGs    # Errors  Last Runtime    Last Run
---------------------------------  -----  ---------  --------  ----------  --------------  -------------------
/opt/airflow/dags/pipeline_dag.py    239  9.06s             0          -1  1.17s           2026-04-28T15:17:48
================================================================================
[2026-04-28T15:18:57.654+0000] {manager.py:878} INFO - 
================================================================================
DAG File Processing Stats

File Path                            PID  Runtime      # DAGs    # Errors  Last Runtime    Last Run
---------------------------------  -----  ---------  --------  ----------  --------------  -------------------
/opt/airflow/dags/pipeline_dag.py    239  39.24s            0          -1  1.17s           2026-04-28T15:17:48
================================================================================
[2026-04-28T15:19:08.715+0000] {manager.py:1203} ERROR - Processor for /opt/airflow/dags/pipeline_dag.py with PID 239 started at 2026-04-28T15:18:18.413766+00:00 has timed out, killing it.
[2026-04-28T15:19:27.870+0000] {manager.py:878} INFO - 
================================================================================
DAG File Processing Stats

File Path                          PID    Runtime      # DAGs    # Errors  Last Runtime    Last Run
---------------------------------  -----  ---------  --------  ----------  --------------  -------------------
/opt/airflow/dags/pipeline_dag.py                           0           1  50.30s          2026-04-28T15:19:08
================================================================================
[2026-04-28T15:19:58.164+0000] {manager.py:878} INFO - 
================================================================================
DAG File Processing Stats

File Path                            PID  Runtime      # DAGs    # Errors  Last Runtime    Last Run
---------------------------------  -----  ---------  --------  ----------  --------------  -------------------
/opt/airflow/dags/pipeline_dag.py    244  19.15s            0           1  50.30s          2026-04-28T15:19:08
================================================================================
[2026-04-28T15:20:22.851+0000] {manager.py:737} INFO - Searching for files in /opt/airflow/dags
[2026-04-28T15:20:22.918+0000] {manager.py:740} INFO - There are 1 files in /opt/airflow/dags
[2026-04-28T15:20:28.369+0000] {manager.py:878} INFO - 
================================================================================
DAG File Processing Stats

File Path                            PID  Runtime      # DAGs    # Errors  Last Runtime    Last Run
---------------------------------  -----  ---------  --------  ----------  --------------  -------------------
/opt/airflow/dags/pipeline_dag.py    244  49.36s            0           1  50.30s          2026-04-28T15:19:08
================================================================================
[2026-04-28T15:20:29.091+0000] {manager.py:1203} ERROR - Processor for /opt/airflow/dags/pipeline_dag.py with PID 244 started at 2026-04-28T15:19:39.011174+00:00 has timed out, killing it.
[2026-04-28T15:20:58.613+0000] {manager.py:878} INFO - 
================================================================================
DAG File Processing Stats

File Path                          PID    Runtime      # DAGs    # Errors  Last Runtime    Last Run
---------------------------------  -----  ---------  --------  ----------  --------------  -------------------
/opt/airflow/dags/pipeline_dag.py                           0           1  50.08s          2026-04-28T15:20:29
================================================================================
[2026-04-28T15:21:28.747+0000] {manager.py:878} INFO - 
================================================================================
DAG File Processing Stats

File Path                            PID  Runtime      # DAGs    # Errors  Last Runtime    Last Run
---------------------------------  -----  ---------  --------  ----------  --------------  -------------------
/opt/airflow/dags/pipeline_dag.py    249  29.32s            0           1  50.08s          2026-04-28T15:20:29
================================================================================
[2026-04-28T15:21:49.541+0000] {manager.py:1203} ERROR - Processor for /opt/airflow/dags/pipeline_dag.py with PID 249 started at 2026-04-28T15:20:59.427257+00:00 has timed out, killing it.
[2026-04-28T15:21:59.218+0000] {manager.py:878} INFO - 
================================================================================
DAG File Processing Stats

File Path                          PID    Runtime      # DAGs    # Errors  Last Runtime    Last Run
---------------------------------  -----  ---------  --------  ----------  --------------  -------------------
/opt/airflow/dags/pipeline_dag.py                           0           1  50.11s          2026-04-28T15:21:49
================================================================================
[2026-04-28T15:22:29.440+0000] {manager.py:878} INFO - 
================================================================================
DAG File Processing Stats

File Path                            PID  Runtime      # DAGs    # Errors  Last Runtime    Last Run
---------------------------------  -----  ---------  --------  ----------  --------------  -------------------
/opt/airflow/dags/pipeline_dag.py    254  9.62s             0           1  50.11s          2026-04-28T15:21:49
================================================================================
[2026-04-28T15:22:59.969+0000] {manager.py:878} INFO - 
================================================================================
DAG File Processing Stats

File Path                            PID  Runtime      # DAGs    # Errors  Last Runtime    Last Run
---------------------------------  -----  ---------  --------  ----------  --------------  -------------------
/opt/airflow/dags/pipeline_dag.py    254  40.15s            0           1  50.11s          2026-04-28T15:21:49
================================================================================
[2026-04-28T15:23:10.068+0000] {manager.py:1203} ERROR - Processor for /opt/airflow/dags/pipeline_dag.py with PID 254 started at 2026-04-28T15:22:19.818240+00:00 has timed out, killing it.
[2026-04-28T15:23:30.361+0000] {manager.py:878} INFO - 
================================================================================
DAG File Processing Stats

File Path                          PID    Runtime      # DAGs    # Errors  Last Runtime    Last Run
---------------------------------  -----  ---------  --------  ----------  --------------  -------------------
/opt/airflow/dags/pipeline_dag.py                           0           1  50.25s          2026-04-28T15:23:10
================================================================================
[2026-04-28T15:24:01.031+0000] {manager.py:878} INFO - 
================================================================================
DAG File Processing Stats

File Path                            PID  Runtime      # DAGs    # Errors  Last Runtime    Last Run
---------------------------------  -----  ---------  --------  ----------  --------------  -------------------
/opt/airflow/dags/pipeline_dag.py    259  20.49s            0           1  50.25s          2026-04-28T15:23:10
================================================================================
[2026-04-28T15:24:30.755+0000] {manager.py:1203} ERROR - Processor for /opt/airflow/dags/pipeline_dag.py with PID 259 started at 2026-04-28T15:23:40.538744+00:00 has timed out, killing it.
[2026-04-28T15:24:31.828+0000] {manager.py:878} INFO - 
================================================================================
DAG File Processing Stats

File Path                          PID    Runtime      # DAGs    # Errors  Last Runtime    Last Run
---------------------------------  -----  ---------  --------  ----------  --------------  -------------------
/opt/airflow/dags/pipeline_dag.py                           0           1  50.22s          2026-04-28T15:24:30
================================================================================
[2026-04-28T15:25:02.156+0000] {manager.py:878} INFO - 
================================================================================
DAG File Processing Stats

File Path                            PID  Runtime      # DAGs    # Errors  Last Runtime    Last Run
---------------------------------  -----  ---------  --------  ----------  --------------  -------------------
/opt/airflow/dags/pipeline_dag.py    264  1.03s             0           1  50.22s          2026-04-28T15:24:30
================================================================================
[2026-04-28T15:25:23.297+0000] {manager.py:737} INFO - Searching for files in /opt/airflow/dags
[2026-04-28T15:25:23.356+0000] {manager.py:740} INFO - There are 1 files in /opt/airflow/dags
[2026-04-28T15:25:32.483+0000] {manager.py:878} INFO - 
================================================================================
DAG File Processing Stats

File Path                            PID  Runtime      # DAGs    # Errors  Last Runtime    Last Run
---------------------------------  -----  ---------  --------  ----------  --------------  -------------------
/opt/airflow/dags/pipeline_dag.py    264  31.36s            0           1  50.22s          2026-04-28T15:24:30
================================================================================
[2026-04-28T15:25:51.621+0000] {manager.py:1203} ERROR - Processor for /opt/airflow/dags/pipeline_dag.py with PID 264 started at 2026-04-28T15:25:01.126410+00:00 has timed out, killing it.
[2026-04-28T15:26:02.738+0000] {manager.py:878} INFO - 
================================================================================
DAG File Processing Stats

File Path                          PID    Runtime      # DAGs    # Errors  Last Runtime    Last Run
---------------------------------  -----  ---------  --------  ----------  --------------  -------------------
/opt/airflow/dags/pipeline_dag.py                           0           1  50.50s          2026-04-28T15:25:51
================================================================================
[2026-04-28T15:26:33.017+0000] {manager.py:878} INFO - 
================================================================================
DAG File Processing Stats

File Path                            PID  Runtime      # DAGs    # Errors  Last Runtime    Last Run
---------------------------------  -----  ---------  --------  ----------  --------------  -------------------
/opt/airflow/dags/pipeline_dag.py    269  11.09s            0           1  50.50s          2026-04-28T15:25:51
================================================================================
[2026-04-28T15:27:03.261+0000] {manager.py:878} INFO - 
================================================================================
DAG File Processing Stats

File Path                            PID  Runtime      # DAGs    # Errors  Last Runtime    Last Run
---------------------------------  -----  ---------  --------  ----------  --------------  -------------------
/opt/airflow/dags/pipeline_dag.py    269  41.34s            0           1  50.50s          2026-04-28T15:25:51
================================================================================
[2026-04-28T15:27:12.328+0000] {manager.py:1203} ERROR - Processor for /opt/airflow/dags/pipeline_dag.py with PID 269 started at 2026-04-28T15:26:21.924635+00:00 has timed out, killing it.
[2026-04-28T15:27:33.513+0000] {manager.py:878} INFO - 
================================================================================
DAG File Processing Stats

File Path                          PID    Runtime      # DAGs    # Errors  Last Runtime    Last Run
---------------------------------  -----  ---------  --------  ----------  --------------  -------------------
/opt/airflow/dags/pipeline_dag.py                           0           1  50.40s          2026-04-28T15:27:12
================================================================================
[2026-04-28T15:28:03.788+0000] {manager.py:878} INFO - 
================================================================================
DAG File Processing Stats

File Path                            PID  Runtime      # DAGs    # Errors  Last Runtime    Last Run
---------------------------------  -----  ---------  --------  ----------  --------------  -------------------
/opt/airflow/dags/pipeline_dag.py    274  21.18s            0           1  50.40s          2026-04-28T15:27:12
================================================================================
[2026-04-28T15:28:32.986+0000] {manager.py:1203} ERROR - Processor for /opt/airflow/dags/pipeline_dag.py with PID 274 started at 2026-04-28T15:27:42.607657+00:00 has timed out, killing it.
[2026-04-28T15:28:34.005+0000] {manager.py:878} INFO - 
================================================================================
DAG File Processing Stats

File Path                          PID    Runtime      # DAGs    # Errors  Last Runtime    Last Run
---------------------------------  -----  ---------  --------  ----------  --------------  -------------------
/opt/airflow/dags/pipeline_dag.py                           0           1  50.38s          2026-04-28T15:28:32
================================================================================
[2026-04-28T15:29:04.271+0000] {manager.py:878} INFO - 
================================================================================
DAG File Processing Stats

File Path                            PID  Runtime      # DAGs    # Errors  Last Runtime    Last Run
---------------------------------  -----  ---------  --------  ----------  --------------  -------------------
/opt/airflow/dags/pipeline_dag.py    279  1.01s             0           1  50.38s          2026-04-28T15:28:32
================================================================================
[2026-04-28T15:29:34.495+0000] {manager.py:878} INFO - 
================================================================================
DAG File Processing Stats

File Path                            PID  Runtime      # DAGs    # Errors  Last Runtime    Last Run
---------------------------------  -----  ---------  --------  ----------  --------------  -------------------
/opt/airflow/dags/pipeline_dag.py    279  31.24s            0           1  50.38s          2026-04-28T15:28:32
================================================================================
[2026-04-28T15:29:53.647+0000] {manager.py:1203} ERROR - Processor for /opt/airflow/dags/pipeline_dag.py with PID 279 started at 2026-04-28T15:29:03.256447+00:00 has timed out, killing it.
[2026-04-28T15:30:04.762+0000] {manager.py:878} INFO - 
================================================================================
DAG File Processing Stats

File Path                          PID    Runtime      # DAGs    # Errors  Last Runtime    Last Run
---------------------------------  -----  ---------  --------  ----------  --------------  -------------------
/opt/airflow/dags/pipeline_dag.py                           0           1  50.39s          2026-04-28T15:29:53
================================================================================
[2026-04-28T15:30:23.903+0000] {manager.py:737} INFO - Searching for files in /opt/airflow/dags
[2026-04-28T15:30:23.955+0000] {manager.py:740} INFO - There are 1 files in /opt/airflow/dags
[2026-04-28T15:30:35.106+0000] {manager.py:878} INFO - 
================================================================================
DAG File Processing Stats

File Path                            PID  Runtime      # DAGs    # Errors  Last Runtime    Last Run
---------------------------------  -----  ---------  --------  ----------  --------------  -------------------
/opt/airflow/dags/pipeline_dag.py    284  11.10s            0           1  50.39s          2026-04-28T15:29:53
================================================================================
[2026-04-28T15:31:05.344+0000] {manager.py:878} INFO - 
================================================================================
DAG File Processing Stats

File Path                            PID  Runtime      # DAGs    # Errors  Last Runtime    Last Run
---------------------------------  -----  ---------  --------  ----------  --------------  -------------------
/opt/airflow/dags/pipeline_dag.py    284  41.34s            0           1  50.39s          2026-04-28T15:29:53
================================================================================
[2026-04-28T15:31:14.421+0000] {manager.py:1203} ERROR - Processor for /opt/airflow/dags/pipeline_dag.py with PID 284 started at 2026-04-28T15:30:24.003705+00:00 has timed out, killing it.
[2026-04-28T15:31:35.614+0000] {manager.py:878} INFO - 
================================================================================
DAG File Processing Stats

File Path                          PID    Runtime      # DAGs    # Errors  Last Runtime    Last Run
---------------------------------  -----  ---------  --------  ----------  --------------  -------------------
/opt/airflow/dags/pipeline_dag.py                           0           1  50.42s          2026-04-28T15:31:14
================================================================================
[2026-04-28T15:32:05.895+0000] {manager.py:878} INFO - 
================================================================================
DAG File Processing Stats

File Path                            PID  Runtime      # DAGs    # Errors  Last Runtime    Last Run
---------------------------------  -----  ---------  --------  ----------  --------------  -------------------
/opt/airflow/dags/pipeline_dag.py    289  21.18s            0           1  50.42s          2026-04-28T15:31:14
================================================================================
[2026-04-28T15:32:35.122+0000] {manager.py:1203} ERROR - Processor for /opt/airflow/dags/pipeline_dag.py with PID 289 started at 2026-04-28T15:31:44.709597+00:00 has timed out, killing it.
[2026-04-28T15:32:36.148+0000] {manager.py:878} INFO - 
================================================================================
DAG File Processing Stats

File Path                          PID    Runtime      # DAGs    # Errors  Last Runtime    Last Run
---------------------------------  -----  ---------  --------  ----------  --------------  -------------------
/opt/airflow/dags/pipeline_dag.py                           0           1  50.41s          2026-04-28T15:32:35
================================================================================
[2026-04-28T15:33:06.426+0000] {manager.py:878} INFO - 
================================================================================
DAG File Processing Stats

File Path                            PID  Runtime      # DAGs    # Errors  Last Runtime    Last Run
---------------------------------  -----  ---------  --------  ----------  --------------  -------------------
/opt/airflow/dags/pipeline_dag.py    294  1.02s             0           1  50.41s          2026-04-28T15:32:35
================================================================================
[2026-04-28T15:33:36.847+0000] {manager.py:878} INFO - 
================================================================================
DAG File Processing Stats

File Path                            PID  Runtime      # DAGs    # Errors  Last Runtime    Last Run
---------------------------------  -----  ---------  --------  ----------  --------------  -------------------
/opt/airflow/dags/pipeline_dag.py    294  31.44s            0           1  50.41s          2026-04-28T15:32:35
================================================================================
[2026-04-28T15:33:56.025+0000] {manager.py:1203} ERROR - Processor for /opt/airflow/dags/pipeline_dag.py with PID 294 started at 2026-04-28T15:33:05.408230+00:00 has timed out, killing it.
[2026-04-28T15:34:07.111+0000] {manager.py:878} INFO - 
================================================================================
DAG File Processing Stats

File Path                          PID    Runtime      # DAGs    # Errors  Last Runtime    Last Run
---------------------------------  -----  ---------  --------  ----------  --------------  -------------------
/opt/airflow/dags/pipeline_dag.py                           0           1  50.62s          2026-04-28T15:33:56
================================================================================
[2026-05-04T15:04:27.569+0000] {manager.py:470} INFO - Processing files using up to 2 processes at a time 
[2026-05-04T15:04:27.571+0000] {manager.py:471} INFO - Process each file at most once every 30 seconds
[2026-05-04T15:04:27.573+0000] {manager.py:472} INFO - Checking for new files in /opt/airflow/dags every 300 seconds
[2026-05-04T15:04:27.574+0000] {manager.py:737} INFO - Searching for files in /opt/airflow/dags
[2026-05-04T15:04:27.618+0000] {manager.py:740} INFO - There are 1 files in /opt/airflow/dags
[2026-05-04T15:04:28.037+0000] {manager.py:878} INFO - 
================================================================================
DAG File Processing Stats

File Path                            PID  Runtime      # DAGs    # Errors  Last Runtime    Last Run
---------------------------------  -----  ---------  --------  ----------  --------------  ----------
/opt/airflow/dags/pipeline_dag.py    185  0.27s             0           0
================================================================================
[2026-05-04T15:04:58.522+0000] {manager.py:878} INFO - 
================================================================================
DAG File Processing Stats

File Path                          PID    Runtime      # DAGs    # Errors  Last Runtime    Last Run
---------------------------------  -----  ---------  --------  ----------  --------------  -------------------
/opt/airflow/dags/pipeline_dag.py                           1           0  1.60s           2026-05-04T15:04:29
================================================================================
[2026-05-04T15:05:29.266+0000] {manager.py:878} INFO - 
================================================================================
DAG File Processing Stats

File Path                          PID    Runtime      # DAGs    # Errors  Last Runtime    Last Run
---------------------------------  -----  ---------  --------  ----------  --------------  -------------------
/opt/airflow/dags/pipeline_dag.py                           1           0  0.31s           2026-05-04T15:05:00
================================================================================
[2026-05-04T15:05:59.833+0000] {manager.py:878} INFO - 
================================================================================
DAG File Processing Stats

File Path                          PID    Runtime      # DAGs    # Errors  Last Runtime    Last Run
---------------------------------  -----  ---------  --------  ----------  --------------  -------------------
/opt/airflow/dags/pipeline_dag.py                           1           0  0.50s           2026-05-04T15:05:30
================================================================================
[2026-05-04T15:06:30.737+0000] {manager.py:878} INFO - 
================================================================================
DAG File Processing Stats

File Path                          PID    Runtime      # DAGs    # Errors  Last Runtime    Last Run
---------------------------------  -----  ---------  --------  ----------  --------------  -------------------
/opt/airflow/dags/pipeline_dag.py                           1           0  0.23s           2026-05-04T15:06:01
================================================================================
[2026-05-04T15:07:01.752+0000] {manager.py:878} INFO - 
================================================================================
DAG File Processing Stats

File Path                          PID    Runtime      # DAGs    # Errors  Last Runtime    Last Run
---------------------------------  -----  ---------  --------  ----------  --------------  -------------------
/opt/airflow/dags/pipeline_dag.py                           1           0  0.26s           2026-05-04T15:06:32
================================================================================
[2026-05-04T15:07:32.670+0000] {manager.py:878} INFO - 
================================================================================
DAG File Processing Stats

File Path                          PID    Runtime      # DAGs    # Errors  Last Runtime    Last Run
---------------------------------  -----  ---------  --------  ----------  --------------  -------------------
/opt/airflow/dags/pipeline_dag.py                           1           0  0.17s           2026-05-04T15:07:02
================================================================================
[2026-05-04T15:08:03.088+0000] {manager.py:878} INFO - 
================================================================================
DAG File Processing Stats

File Path                          PID    Runtime      # DAGs    # Errors  Last Runtime    Last Run
---------------------------------  -----  ---------  --------  ----------  --------------  -------------------
/opt/airflow/dags/pipeline_dag.py                           1           0  0.22s           2026-05-04T15:07:33
================================================================================
[2026-05-04T15:08:34.023+0000] {manager.py:878} INFO - 
================================================================================
DAG File Processing Stats

File Path                          PID    Runtime      # DAGs    # Errors  Last Runtime    Last Run
---------------------------------  -----  ---------  --------  ----------  --------------  -------------------
/opt/airflow/dags/pipeline_dag.py                           1           0  0.17s           2026-05-04T15:08:04
================================================================================
[2026-05-04T15:09:04.492+0000] {manager.py:878} INFO - 
================================================================================
DAG File Processing Stats

File Path                          PID    Runtime      # DAGs    # Errors  Last Runtime    Last Run
---------------------------------  -----  ---------  --------  ----------  --------------  -------------------
/opt/airflow/dags/pipeline_dag.py                           1           0  0.29s           2026-05-04T15:08:35
================================================================================
[2026-05-04T15:09:27.847+0000] {manager.py:737} INFO - Searching for files in /opt/airflow/dags
[2026-05-04T15:09:27.919+0000] {manager.py:740} INFO - There are 1 files in /opt/airflow/dags
[2026-05-04T15:09:35.682+0000] {manager.py:878} INFO - 
================================================================================
DAG File Processing Stats

File Path                          PID    Runtime      # DAGs    # Errors  Last Runtime    Last Run
---------------------------------  -----  ---------  --------  ----------  --------------  -------------------
/opt/airflow/dags/pipeline_dag.py                           1           0  3.33s           2026-05-04T15:09:08
================================================================================
[2026-05-04T15:10:06.248+0000] {manager.py:878} INFO - 
================================================================================
DAG File Processing Stats

File Path                          PID    Runtime      # DAGs    # Errors  Last Runtime    Last Run
---------------------------------  -----  ---------  --------  ----------  --------------  -------------------
/opt/airflow/dags/pipeline_dag.py                           1           0  0.49s           2026-05-04T15:09:40
================================================================================
[2026-05-04T15:10:37.439+0000] {manager.py:878} INFO - 
================================================================================
DAG File Processing Stats

File Path                          PID    Runtime      # DAGs    # Errors  Last Runtime    Last Run
---------------------------------  -----  ---------  --------  ----------  --------------  -------------------
/opt/airflow/dags/pipeline_dag.py                           1           0  0.38s           2026-05-04T15:10:10
================================================================================
[2026-05-04T15:11:07.804+0000] {manager.py:878} INFO - 
================================================================================
DAG File Processing Stats

File Path                          PID    Runtime      # DAGs    # Errors  Last Runtime    Last Run
---------------------------------  -----  ---------  --------  ----------  --------------  -------------------
/opt/airflow/dags/pipeline_dag.py                           1           0  0.79s           2026-05-04T15:10:42
================================================================================
[2026-05-04T15:11:38.082+0000] {manager.py:878} INFO - 
================================================================================
DAG File Processing Stats

File Path                          PID    Runtime      # DAGs    # Errors  Last Runtime    Last Run
---------------------------------  -----  ---------  --------  ----------  --------------  -------------------
/opt/airflow/dags/pipeline_dag.py                           1           0  0.21s           2026-05-04T15:11:12
================================================================================
[2026-05-04T15:12:08.952+0000] {manager.py:878} INFO - 
================================================================================
DAG File Processing Stats

File Path                          PID    Runtime      # DAGs    # Errors  Last Runtime    Last Run
---------------------------------  -----  ---------  --------  ----------  --------------  -------------------
/opt/airflow/dags/pipeline_dag.py                           1           0  0.80s           2026-05-04T15:11:44
================================================================================
[2026-05-04T15:12:40.065+0000] {manager.py:878} INFO - 
================================================================================
DAG File Processing Stats

File Path                          PID    Runtime      # DAGs    # Errors  Last Runtime    Last Run
---------------------------------  -----  ---------  --------  ----------  --------------  -------------------
/opt/airflow/dags/pipeline_dag.py                           1           0  0.16s           2026-05-04T15:12:14
================================================================================
[2026-05-04T15:13:10.827+0000] {manager.py:878} INFO - 
================================================================================
DAG File Processing Stats

File Path                          PID    Runtime      # DAGs    # Errors  Last Runtime    Last Run
---------------------------------  -----  ---------  --------  ----------  --------------  -------------------
/opt/airflow/dags/pipeline_dag.py                           1           0  0.28s           2026-05-04T15:12:45
================================================================================
[2026-05-04T15:13:41.284+0000] {manager.py:878} INFO - 
================================================================================
DAG File Processing Stats

File Path                          PID    Runtime      # DAGs    # Errors  Last Runtime    Last Run
---------------------------------  -----  ---------  --------  ----------  --------------  -------------------
/opt/airflow/dags/pipeline_dag.py                           1           0  0.34s           2026-05-04T15:13:16
================================================================================
[2026-05-04T15:14:12.144+0000] {manager.py:878} INFO - 
================================================================================
DAG File Processing Stats

File Path                          PID    Runtime      # DAGs    # Errors  Last Runtime    Last Run
---------------------------------  -----  ---------  --------  ----------  --------------  -------------------
/opt/airflow/dags/pipeline_dag.py                           1           0  0.14s           2026-05-04T15:13:46
================================================================================
[2026-05-04T15:14:28.395+0000] {manager.py:737} INFO - Searching for files in /opt/airflow/dags
[2026-05-04T15:14:28.514+0000] {manager.py:740} INFO - There are 1 files in /opt/airflow/dags
[2026-05-04T15:14:43.379+0000] {manager.py:878} INFO - 
================================================================================
DAG File Processing Stats

File Path                          PID    Runtime      # DAGs    # Errors  Last Runtime    Last Run
---------------------------------  -----  ---------  --------  ----------  --------------  -------------------
/opt/airflow/dags/pipeline_dag.py                           1           0  0.16s           2026-05-04T15:14:17
================================================================================
[2026-05-04T15:15:13.954+0000] {manager.py:878} INFO - 
================================================================================
DAG File Processing Stats

File Path                          PID    Runtime      # DAGs    # Errors  Last Runtime    Last Run
---------------------------------  -----  ---------  --------  ----------  --------------  -------------------
/opt/airflow/dags/pipeline_dag.py                           1           0  0.27s           2026-05-04T15:14:47
================================================================================
[2026-05-04T15:15:44.713+0000] {manager.py:878} INFO - 
================================================================================
DAG File Processing Stats

File Path                          PID    Runtime      # DAGs    # Errors  Last Runtime    Last Run
---------------------------------  -----  ---------  --------  ----------  --------------  -------------------
/opt/airflow/dags/pipeline_dag.py                           1           0  0.70s           2026-05-04T15:15:18
================================================================================
[2026-05-04T15:16:15.617+0000] {manager.py:878} INFO - 
================================================================================
DAG File Processing Stats

File Path                          PID    Runtime      # DAGs    # Errors  Last Runtime    Last Run
---------------------------------  -----  ---------  --------  ----------  --------------  -------------------
/opt/airflow/dags/pipeline_dag.py                           1           0  0.19s           2026-05-04T15:15:49
================================================================================
[2026-05-04T15:16:47.032+0000] {manager.py:878} INFO - 
================================================================================
DAG File Processing Stats

File Path                          PID    Runtime      # DAGs    # Errors  Last Runtime    Last Run
---------------------------------  -----  ---------  --------  ----------  --------------  -------------------
/opt/airflow/dags/pipeline_dag.py                           1           0  0.16s           2026-05-04T15:16:19
================================================================================
[2026-05-04T15:17:17.937+0000] {manager.py:878} INFO - 
================================================================================
DAG File Processing Stats

File Path                          PID    Runtime      # DAGs    # Errors  Last Runtime    Last Run
---------------------------------  -----  ---------  --------  ----------  --------------  -------------------
/opt/airflow/dags/pipeline_dag.py                           1           0  0.33s           2026-05-04T15:16:50
================================================================================
[2026-05-04T15:17:48.456+0000] {manager.py:878} INFO - 
================================================================================
DAG File Processing Stats

File Path                          PID    Runtime      # DAGs    # Errors  Last Runtime    Last Run
---------------------------------  -----  ---------  --------  ----------  --------------  -------------------
/opt/airflow/dags/pipeline_dag.py                           1           0  0.15s           2026-05-04T15:17:21
================================================================================
[2026-05-04T15:18:19.387+0000] {manager.py:878} INFO - 
================================================================================
DAG File Processing Stats

File Path                          PID    Runtime      # DAGs    # Errors  Last Runtime    Last Run
---------------------------------  -----  ---------  --------  ----------  --------------  -------------------
/opt/airflow/dags/pipeline_dag.py                           1           0  0.25s           2026-05-04T15:17:51
================================================================================
[2026-05-04T15:18:50.065+0000] {manager.py:878} INFO - 
================================================================================
DAG File Processing Stats

File Path                          PID    Runtime      # DAGs    # Errors  Last Runtime    Last Run
---------------------------------  -----  ---------  --------  ----------  --------------  -------------------
/opt/airflow/dags/pipeline_dag.py                           1           0  0.22s           2026-05-04T15:18:22
================================================================================
[2026-05-04T15:19:20.597+0000] {manager.py:878} INFO - 
================================================================================
DAG File Processing Stats

File Path                          PID    Runtime      # DAGs    # Errors  Last Runtime    Last Run
---------------------------------  -----  ---------  --------  ----------  --------------  -------------------
/opt/airflow/dags/pipeline_dag.py                           1           0  0.30s           2026-05-04T15:18:53
================================================================================
[2026-05-04T15:19:28.923+0000] {manager.py:737} INFO - Searching for files in /opt/airflow/dags
[2026-05-04T15:19:28.954+0000] {manager.py:740} INFO - There are 1 files in /opt/airflow/dags
[2026-05-04T15:19:51.418+0000] {manager.py:878} INFO - 
================================================================================
DAG File Processing Stats

File Path                          PID    Runtime      # DAGs    # Errors  Last Runtime    Last Run
---------------------------------  -----  ---------  --------  ----------  --------------  -------------------
/opt/airflow/dags/pipeline_dag.py                           1           0  0.30s           2026-05-04T15:19:23
================================================================================
[2026-05-04T15:20:22.392+0000] {manager.py:878} INFO - 
================================================================================
DAG File Processing Stats

File Path                          PID    Runtime      # DAGs    # Errors  Last Runtime    Last Run
---------------------------------  -----  ---------  --------  ----------  --------------  -------------------
/opt/airflow/dags/pipeline_dag.py                           1           0  0.23s           2026-05-04T15:19:54
================================================================================
[2026-05-04T15:20:53.231+0000] {manager.py:878} INFO - 
================================================================================
DAG File Processing Stats

File Path                          PID    Runtime      # DAGs    # Errors  Last Runtime    Last Run
---------------------------------  -----  ---------  --------  ----------  --------------  -------------------
/opt/airflow/dags/pipeline_dag.py                           1           0  0.19s           2026-05-04T15:20:24
================================================================================
[2026-05-04T15:21:23.847+0000] {manager.py:878} INFO - 
================================================================================
DAG File Processing Stats

File Path                          PID    Runtime      # DAGs    # Errors  Last Runtime    Last Run
---------------------------------  -----  ---------  --------  ----------  --------------  -------------------
/opt/airflow/dags/pipeline_dag.py                           1           0  0.14s           2026-05-04T15:20:55
================================================================================
[2026-05-04T15:23:11.423+0000] {manager.py:470} INFO - Processing files using up to 2 processes at a time 
[2026-05-04T15:23:11.426+0000] {manager.py:471} INFO - Process each file at most once every 30 seconds
[2026-05-04T15:23:11.427+0000] {manager.py:472} INFO - Checking for new files in /opt/airflow/dags every 300 seconds
[2026-05-04T15:23:11.428+0000] {manager.py:737} INFO - Searching for files in /opt/airflow/dags
[2026-05-04T15:23:11.447+0000] {manager.py:740} INFO - There are 1 files in /opt/airflow/dags
[2026-05-04T15:23:11.625+0000] {manager.py:878} INFO - 
================================================================================
DAG File Processing Stats

File Path                            PID  Runtime      # DAGs    # Errors  Last Runtime    Last Run
---------------------------------  -----  ---------  --------  ----------  --------------  ----------
/opt/airflow/dags/pipeline_dag.py    164  0.08s             0           0
================================================================================
[2026-05-04T15:23:42.423+0000] {manager.py:878} INFO - 
================================================================================
DAG File Processing Stats

File Path                            PID  Runtime      # DAGs    # Errors  Last Runtime    Last Run
---------------------------------  -----  ---------  --------  ----------  --------------  -------------------
/opt/airflow/dags/pipeline_dag.py    169  0.01s             1           0  0.72s           2026-05-04T15:23:12
================================================================================
[2026-05-04T15:24:13.314+0000] {manager.py:878} INFO - 
================================================================================
DAG File Processing Stats

File Path                            PID  Runtime      # DAGs    # Errors  Last Runtime    Last Run
---------------------------------  -----  ---------  --------  ----------  --------------  -------------------
/opt/airflow/dags/pipeline_dag.py    174  0.01s             1           0  0.19s           2026-05-04T15:23:42
================================================================================
[2026-05-04T15:24:44.297+0000] {manager.py:878} INFO - 
================================================================================
DAG File Processing Stats

File Path                            PID  Runtime      # DAGs    # Errors  Last Runtime    Last Run
---------------------------------  -----  ---------  --------  ----------  --------------  -------------------
/opt/airflow/dags/pipeline_dag.py    179  0.01s             1           0  0.24s           2026-05-04T15:24:13
================================================================================
[2026-05-04T15:25:14.837+0000] {manager.py:878} INFO - 
================================================================================
DAG File Processing Stats

File Path                            PID  Runtime      # DAGs    # Errors  Last Runtime    Last Run
---------------------------------  -----  ---------  --------  ----------  --------------  -------------------
/opt/airflow/dags/pipeline_dag.py    184  0.01s             1           0  0.23s           2026-05-04T15:24:44
================================================================================
[2026-05-04T15:25:45.735+0000] {manager.py:878} INFO - 
================================================================================
DAG File Processing Stats

File Path                            PID  Runtime      # DAGs    # Errors  Last Runtime    Last Run
---------------------------------  -----  ---------  --------  ----------  --------------  -------------------
/opt/airflow/dags/pipeline_dag.py    189  0.00s             1           0  0.19s           2026-05-04T15:25:15
================================================================================
[2026-05-04T15:26:16.724+0000] {manager.py:878} INFO - 
================================================================================
DAG File Processing Stats

File Path                            PID  Runtime      # DAGs    # Errors  Last Runtime    Last Run
---------------------------------  -----  ---------  --------  ----------  --------------  -------------------
/opt/airflow/dags/pipeline_dag.py    194  0.01s             1           0  0.19s           2026-05-04T15:25:45
================================================================================
[2026-05-04T15:26:48.065+0000] {manager.py:878} INFO - 
================================================================================
DAG File Processing Stats

File Path                            PID  Runtime      # DAGs    # Errors  Last Runtime    Last Run
---------------------------------  -----  ---------  --------  ----------  --------------  -------------------
/opt/airflow/dags/pipeline_dag.py    199  0.01s             1           0  0.22s           2026-05-04T15:26:16
================================================================================
[2026-05-04T15:27:19.569+0000] {manager.py:878} INFO - 
================================================================================
DAG File Processing Stats

File Path                            PID  Runtime      # DAGs    # Errors  Last Runtime    Last Run
---------------------------------  -----  ---------  --------  ----------  --------------  -------------------
/opt/airflow/dags/pipeline_dag.py    204  0.02s             1           0  0.62s           2026-05-04T15:26:48
================================================================================
[2026-05-04T15:27:50.261+0000] {manager.py:878} INFO - 
================================================================================
DAG File Processing Stats

File Path                          PID    Runtime      # DAGs    # Errors  Last Runtime    Last Run
---------------------------------  -----  ---------  --------  ----------  --------------  -------------------
/opt/airflow/dags/pipeline_dag.py                           1           0  0.49s           2026-05-04T15:27:50
================================================================================
[2026-05-04T15:28:11.538+0000] {manager.py:737} INFO - Searching for files in /opt/airflow/dags
[2026-05-04T15:28:11.580+0000] {manager.py:740} INFO - There are 1 files in /opt/airflow/dags
[2026-05-04T15:28:21.166+0000] {manager.py:878} INFO - 
================================================================================
DAG File Processing Stats

File Path                          PID    Runtime      # DAGs    # Errors  Last Runtime    Last Run
---------------------------------  -----  ---------  --------  ----------  --------------  -------------------
/opt/airflow/dags/pipeline_dag.py                           1           0  0.46s           2026-05-04T15:28:21
================================================================================
[2026-05-04T15:28:52.008+0000] {manager.py:878} INFO - 
================================================================================
DAG File Processing Stats

File Path                            PID  Runtime      # DAGs    # Errors  Last Runtime    Last Run
---------------------------------  -----  ---------  --------  ----------  --------------  -------------------
/opt/airflow/dags/pipeline_dag.py    231  0.35s             1           0  0.46s           2026-05-04T15:28:21
================================================================================
[2026-05-04T15:29:22.604+0000] {manager.py:878} INFO - 
================================================================================
DAG File Processing Stats

File Path                            PID  Runtime      # DAGs    # Errors  Last Runtime    Last Run
---------------------------------  -----  ---------  --------  ----------  --------------  -------------------
/opt/airflow/dags/pipeline_dag.py    236  0.01s             1           0  0.81s           2026-05-04T15:28:52
================================================================================
[2026-05-04T15:29:53.125+0000] {manager.py:878} INFO - 
================================================================================
DAG File Processing Stats

File Path                            PID  Runtime      # DAGs    # Errors  Last Runtime    Last Run
---------------------------------  -----  ---------  --------  ----------  --------------  -------------------
/opt/airflow/dags/pipeline_dag.py    241  0.01s             1           0  0.29s           2026-05-04T15:29:22
================================================================================
[2026-05-04T15:30:24.066+0000] {manager.py:878} INFO - 
================================================================================
DAG File Processing Stats

File Path                            PID  Runtime      # DAGs    # Errors  Last Runtime    Last Run
---------------------------------  -----  ---------  --------  ----------  --------------  -------------------
/opt/airflow/dags/pipeline_dag.py    246  0.01s             1           0  0.15s           2026-05-04T15:29:53
================================================================================
[2026-05-04T15:30:54.630+0000] {manager.py:878} INFO - 
================================================================================
DAG File Processing Stats

File Path                            PID  Runtime      # DAGs    # Errors  Last Runtime    Last Run
---------------------------------  -----  ---------  --------  ----------  --------------  -------------------
/opt/airflow/dags/pipeline_dag.py    251  0.00s             1           0  0.15s           2026-05-04T15:30:24
================================================================================
[2026-05-04T15:31:25.550+0000] {manager.py:878} INFO - 
================================================================================
DAG File Processing Stats

File Path                            PID  Runtime      # DAGs    # Errors  Last Runtime    Last Run
---------------------------------  -----  ---------  --------  ----------  --------------  -------------------
/opt/airflow/dags/pipeline_dag.py    256  0.00s             1           0  0.14s           2026-05-04T15:30:54
================================================================================
[2026-05-04T15:31:56.189+0000] {manager.py:878} INFO - 
================================================================================
DAG File Processing Stats

File Path                            PID  Runtime      # DAGs    # Errors  Last Runtime    Last Run
---------------------------------  -----  ---------  --------  ----------  --------------  -------------------
/opt/airflow/dags/pipeline_dag.py    261  0.01s             1           0  0.13s           2026-05-04T15:31:25
================================================================================
[2026-05-04T15:32:26.732+0000] {manager.py:878} INFO - 
================================================================================
DAG File Processing Stats

File Path                            PID  Runtime      # DAGs    # Errors  Last Runtime    Last Run
---------------------------------  -----  ---------  --------  ----------  --------------  -------------------
/opt/airflow/dags/pipeline_dag.py    266  0.01s             1           0  0.16s           2026-05-04T15:31:56
================================================================================
[2026-05-04T15:32:57.314+0000] {manager.py:878} INFO - 
================================================================================
DAG File Processing Stats

File Path                            PID  Runtime      # DAGs    # Errors  Last Runtime    Last Run
---------------------------------  -----  ---------  --------  ----------  --------------  -------------------
/opt/airflow/dags/pipeline_dag.py    271  0.01s             1           0  0.22s           2026-05-04T15:32:26
================================================================================
[2026-05-04T15:33:11.554+0000] {manager.py:737} INFO - Searching for files in /opt/airflow/dags
[2026-05-04T15:33:11.581+0000] {manager.py:740} INFO - There are 1 files in /opt/airflow/dags
[2026-05-04T15:33:28.441+0000] {manager.py:878} INFO - 
================================================================================
DAG File Processing Stats

File Path                            PID  Runtime      # DAGs    # Errors  Last Runtime    Last Run
---------------------------------  -----  ---------  --------  ----------  --------------  -------------------
/opt/airflow/dags/pipeline_dag.py    276  0.01s             1           0  0.17s           2026-05-04T15:32:57
================================================================================
[2026-05-04T15:33:59.358+0000] {manager.py:878} INFO - 
================================================================================
DAG File Processing Stats

File Path                            PID  Runtime      # DAGs    # Errors  Last Runtime    Last Run
---------------------------------  -----  ---------  --------  ----------  --------------  -------------------
/opt/airflow/dags/pipeline_dag.py    281  0.00s             1           0  0.61s           2026-05-04T15:33:29
================================================================================
[2026-05-04T15:34:30.348+0000] {manager.py:878} INFO - 
================================================================================
DAG File Processing Stats

File Path                            PID  Runtime      # DAGs    # Errors  Last Runtime    Last Run
---------------------------------  -----  ---------  --------  ----------  --------------  -------------------
/opt/airflow/dags/pipeline_dag.py    286  0.01s             1           0  0.15s           2026-05-04T15:33:59
================================================================================
[2026-05-04T15:35:00.889+0000] {manager.py:878} INFO - 
================================================================================
DAG File Processing Stats

File Path                            PID  Runtime      # DAGs    # Errors  Last Runtime    Last Run
---------------------------------  -----  ---------  --------  ----------  --------------  -------------------
/opt/airflow/dags/pipeline_dag.py    291  0.01s             1           0  0.15s           2026-05-04T15:34:30
================================================================================
[2026-05-04T15:35:31.847+0000] {manager.py:878} INFO - 
================================================================================
DAG File Processing Stats

File Path                            PID  Runtime      # DAGs    # Errors  Last Runtime    Last Run
---------------------------------  -----  ---------  --------  ----------  --------------  -------------------
/opt/airflow/dags/pipeline_dag.py    296  0.01s             1           0  0.15s           2026-05-04T15:35:01
================================================================================
[2026-05-04T15:36:02.906+0000] {manager.py:878} INFO - 
================================================================================
DAG File Processing Stats

File Path                            PID  Runtime      # DAGs    # Errors  Last Runtime    Last Run
---------------------------------  -----  ---------  --------  ----------  --------------  -------------------
/opt/airflow/dags/pipeline_dag.py    301  0.01s             1           0  0.18s           2026-05-04T15:35:32
================================================================================
[2026-05-04T15:36:33.863+0000] {manager.py:878} INFO - 
================================================================================
DAG File Processing Stats

File Path                            PID  Runtime      # DAGs    # Errors  Last Runtime    Last Run
---------------------------------  -----  ---------  --------  ----------  --------------  -------------------
/opt/airflow/dags/pipeline_dag.py    306  0.01s             1           0  0.17s           2026-05-04T15:36:03
================================================================================
[2026-05-04T15:37:05.022+0000] {manager.py:878} INFO - 
================================================================================
DAG File Processing Stats

File Path                            PID  Runtime      # DAGs    # Errors  Last Runtime    Last Run
---------------------------------  -----  ---------  --------  ----------  --------------  -------------------
/opt/airflow/dags/pipeline_dag.py    311  0.01s             1           0  0.16s           2026-05-04T15:36:34
================================================================================
[2026-05-04T15:37:36.006+0000] {manager.py:878} INFO - 
================================================================================
DAG File Processing Stats

File Path                            PID  Runtime      # DAGs    # Errors  Last Runtime    Last Run
---------------------------------  -----  ---------  --------  ----------  --------------  -------------------
/opt/airflow/dags/pipeline_dag.py    316  0.01s             1           0  0.28s           2026-05-04T15:37:05
================================================================================
[2026-05-04T15:38:06.954+0000] {manager.py:878} INFO - 
================================================================================
DAG File Processing Stats

File Path                            PID  Runtime      # DAGs    # Errors  Last Runtime    Last Run
---------------------------------  -----  ---------  --------  ----------  --------------  -------------------
/opt/airflow/dags/pipeline_dag.py    321  0.01s             1           0  0.27s           2026-05-04T15:37:36
================================================================================
[2026-05-04T15:38:11.994+0000] {manager.py:737} INFO - Searching for files in /opt/airflow/dags
[2026-05-04T15:38:12.025+0000] {manager.py:740} INFO - There are 1 files in /opt/airflow/dags
[2026-05-04T15:38:37.955+0000] {manager.py:878} INFO - 
================================================================================
DAG File Processing Stats

File Path                            PID  Runtime      # DAGs    # Errors  Last Runtime    Last Run
---------------------------------  -----  ---------  --------  ----------  --------------  -------------------
/opt/airflow/dags/pipeline_dag.py    326  0.02s             1           0  0.21s           2026-05-04T15:38:07
================================================================================
[2026-05-04T15:39:08.985+0000] {manager.py:878} INFO - 
================================================================================
DAG File Processing Stats

File Path                            PID  Runtime      # DAGs    # Errors  Last Runtime    Last Run
---------------------------------  -----  ---------  --------  ----------  --------------  -------------------
/opt/airflow/dags/pipeline_dag.py    331  0.01s             1           0  0.25s           2026-05-04T15:38:38
================================================================================
[2026-05-04T15:39:39.595+0000] {manager.py:878} INFO - 
================================================================================
DAG File Processing Stats

File Path                            PID  Runtime      # DAGs    # Errors  Last Runtime    Last Run
---------------------------------  -----  ---------  --------  ----------  --------------  -------------------
/opt/airflow/dags/pipeline_dag.py    336  0.00s             1           0  0.15s           2026-05-04T15:39:09
================================================================================
[2026-05-04T15:40:10.122+0000] {manager.py:878} INFO - 
================================================================================
DAG File Processing Stats

File Path                            PID  Runtime      # DAGs    # Errors  Last Runtime    Last Run
---------------------------------  -----  ---------  --------  ----------  --------------  -------------------
/opt/airflow/dags/pipeline_dag.py    341  0.01s             1           0  0.18s           2026-05-04T15:39:39
================================================================================
[2026-05-04T15:40:41.061+0000] {manager.py:878} INFO - 
================================================================================
DAG File Processing Stats

File Path                            PID  Runtime      # DAGs    # Errors  Last Runtime    Last Run
---------------------------------  -----  ---------  --------  ----------  --------------  -------------------
/opt/airflow/dags/pipeline_dag.py    346  0.00s             1           0  0.18s           2026-05-04T15:40:10
================================================================================
[2026-05-04T15:41:12.104+0000] {manager.py:878} INFO - 
================================================================================
DAG File Processing Stats

File Path                            PID  Runtime      # DAGs    # Errors  Last Runtime    Last Run
---------------------------------  -----  ---------  --------  ----------  --------------  -------------------
/opt/airflow/dags/pipeline_dag.py    351  0.01s             1           0  0.15s           2026-05-04T15:40:41
================================================================================
[2026-05-04T15:41:43.007+0000] {manager.py:878} INFO - 
================================================================================
DAG File Processing Stats

File Path                            PID  Runtime      # DAGs    # Errors  Last Runtime    Last Run
---------------------------------  -----  ---------  --------  ----------  --------------  -------------------
/opt/airflow/dags/pipeline_dag.py    356  0.00s             1           0  0.16s           2026-05-04T15:41:12
================================================================================
[2026-05-04T15:42:14.070+0000] {manager.py:878} INFO - 
================================================================================
DAG File Processing Stats

File Path                            PID  Runtime      # DAGs    # Errors  Last Runtime    Last Run
---------------------------------  -----  ---------  --------  ----------  --------------  -------------------
/opt/airflow/dags/pipeline_dag.py    361  0.01s             1           0  0.14s           2026-05-04T15:41:43
================================================================================
[2026-05-04T15:42:45.025+0000] {manager.py:878} INFO - 
================================================================================
DAG File Processing Stats

File Path                            PID  Runtime      # DAGs    # Errors  Last Runtime    Last Run
---------------------------------  -----  ---------  --------  ----------  --------------  -------------------
/opt/airflow/dags/pipeline_dag.py    366  0.01s             1           0  0.14s           2026-05-04T15:42:14
================================================================================
[2026-05-04T15:43:12.149+0000] {manager.py:737} INFO - Searching for files in /opt/airflow/dags
[2026-05-04T15:43:12.176+0000] {manager.py:740} INFO - There are 1 files in /opt/airflow/dags
[2026-05-04T15:43:16.016+0000] {manager.py:878} INFO - 
================================================================================
DAG File Processing Stats

File Path                            PID  Runtime      # DAGs    # Errors  Last Runtime    Last Run
---------------------------------  -----  ---------  --------  ----------  --------------  -------------------
/opt/airflow/dags/pipeline_dag.py    371  0.01s             1           0  0.21s           2026-05-04T15:42:45
================================================================================
[2026-05-04T15:43:46.995+0000] {manager.py:878} INFO - 
================================================================================
DAG File Processing Stats

File Path                            PID  Runtime      # DAGs    # Errors  Last Runtime    Last Run
---------------------------------  -----  ---------  --------  ----------  --------------  -------------------
/opt/airflow/dags/pipeline_dag.py    376  0.01s             1           0  0.16s           2026-05-04T15:43:16
================================================================================
[2026-05-04T15:44:18.057+0000] {manager.py:878} INFO - 
================================================================================
DAG File Processing Stats

File Path                            PID  Runtime      # DAGs    # Errors  Last Runtime    Last Run
---------------------------------  -----  ---------  --------  ----------  --------------  -------------------
/opt/airflow/dags/pipeline_dag.py    381  0.01s             1           0  0.14s           2026-05-04T15:43:47
================================================================================
[2026-05-04T15:44:48.974+0000] {manager.py:878} INFO - 
================================================================================
DAG File Processing Stats

File Path                            PID  Runtime      # DAGs    # Errors  Last Runtime    Last Run
---------------------------------  -----  ---------  --------  ----------  --------------  -------------------
/opt/airflow/dags/pipeline_dag.py    386  0.00s             1           0  0.14s           2026-05-04T15:44:18
================================================================================
[2026-05-04T15:45:19.698+0000] {manager.py:878} INFO - 
================================================================================
DAG File Processing Stats

File Path                            PID  Runtime      # DAGs    # Errors  Last Runtime    Last Run
---------------------------------  -----  ---------  --------  ----------  --------------  -------------------
/opt/airflow/dags/pipeline_dag.py    391  0.01s             1           0  0.14s           2026-05-04T15:44:49
================================================================================
[2026-05-04T15:45:50.314+0000] {manager.py:878} INFO - 
================================================================================
DAG File Processing Stats

File Path                            PID  Runtime      # DAGs    # Errors  Last Runtime    Last Run
---------------------------------  -----  ---------  --------  ----------  --------------  -------------------
/opt/airflow/dags/pipeline_dag.py    396  0.01s             1           0  0.14s           2026-05-04T15:45:19
================================================================================
[2026-05-04T15:52:24.944+0000] {manager.py:737} INFO - Searching for files in /opt/airflow/dags
[2026-05-04T15:52:25.989+0000] {manager.py:740} INFO - There are 1 files in /opt/airflow/dags
[2026-05-04T15:52:52.384+0000] {manager.py:878} INFO - 
================================================================================
DAG File Processing Stats

File Path                          PID    Runtime      # DAGs    # Errors  Last Runtime    Last Run
---------------------------------  -----  ---------  --------  ----------  --------------  -------------------
/opt/airflow/dags/pipeline_dag.py                           1           0  1.59s           2026-05-04T15:52:27
================================================================================
[2026-05-04T15:53:23.834+0000] {manager.py:878} INFO - 
================================================================================
DAG File Processing Stats

File Path                          PID    Runtime      # DAGs    # Errors  Last Runtime    Last Run
---------------------------------  -----  ---------  --------  ----------  --------------  -------------------
/opt/airflow/dags/pipeline_dag.py                           1           0  0.18s           2026-05-04T15:52:58
================================================================================
[2026-05-04T15:53:54.872+0000] {manager.py:878} INFO - 
================================================================================
DAG File Processing Stats

File Path                          PID    Runtime      # DAGs    # Errors  Last Runtime    Last Run
---------------------------------  -----  ---------  --------  ----------  --------------  -------------------
/opt/airflow/dags/pipeline_dag.py                           1           0  0.19s           2026-05-04T15:53:29
================================================================================
[2026-05-04T15:54:25.896+0000] {manager.py:878} INFO - 
================================================================================
DAG File Processing Stats

File Path                          PID    Runtime      # DAGs    # Errors  Last Runtime    Last Run
---------------------------------  -----  ---------  --------  ----------  --------------  -------------------
/opt/airflow/dags/pipeline_dag.py                           1           0  0.16s           2026-05-04T15:54:00
================================================================================
[2026-05-04T15:54:56.933+0000] {manager.py:878} INFO - 
================================================================================
DAG File Processing Stats

File Path                          PID    Runtime      # DAGs    # Errors  Last Runtime    Last Run
---------------------------------  -----  ---------  --------  ----------  --------------  -------------------
/opt/airflow/dags/pipeline_dag.py                           1           0  0.15s           2026-05-04T15:54:31
================================================================================
[2026-05-04T15:55:27.489+0000] {manager.py:878} INFO - 
================================================================================
DAG File Processing Stats

File Path                          PID    Runtime      # DAGs    # Errors  Last Runtime    Last Run
---------------------------------  -----  ---------  --------  ----------  --------------  -------------------
/opt/airflow/dags/pipeline_dag.py                           1           0  0.16s           2026-05-04T15:55:02
================================================================================
[2026-05-04T15:55:58.543+0000] {manager.py:878} INFO - 
================================================================================
DAG File Processing Stats

File Path                          PID    Runtime      # DAGs    # Errors  Last Runtime    Last Run
---------------------------------  -----  ---------  --------  ----------  --------------  -------------------
/opt/airflow/dags/pipeline_dag.py                           1           0  0.16s           2026-05-04T15:55:32
================================================================================
[2026-05-04T15:56:29.556+0000] {manager.py:878} INFO - 
================================================================================
DAG File Processing Stats

File Path                          PID    Runtime      # DAGs    # Errors  Last Runtime    Last Run
---------------------------------  -----  ---------  --------  ----------  --------------  -------------------
/opt/airflow/dags/pipeline_dag.py                           1           0  0.14s           2026-05-04T15:56:03
================================================================================
[2026-05-04T15:57:00.535+0000] {manager.py:878} INFO - 
================================================================================
DAG File Processing Stats

File Path                          PID    Runtime      # DAGs    # Errors  Last Runtime    Last Run
---------------------------------  -----  ---------  --------  ----------  --------------  -------------------
/opt/airflow/dags/pipeline_dag.py                           1           0  0.18s           2026-05-04T15:56:34
================================================================================
[2026-05-04T15:57:25.485+0000] {manager.py:737} INFO - Searching for files in /opt/airflow/dags
[2026-05-04T15:57:25.507+0000] {manager.py:740} INFO - There are 1 files in /opt/airflow/dags
[2026-05-04T15:57:31.559+0000] {manager.py:878} INFO - 
================================================================================
DAG File Processing Stats

File Path                          PID    Runtime      # DAGs    # Errors  Last Runtime    Last Run
---------------------------------  -----  ---------  --------  ----------  --------------  -------------------
/opt/airflow/dags/pipeline_dag.py                           1           0  0.14s           2026-05-04T15:57:05
================================================================================
[2026-05-04T15:58:02.111+0000] {manager.py:878} INFO - 
================================================================================
DAG File Processing Stats

File Path                          PID    Runtime      # DAGs    # Errors  Last Runtime    Last Run
---------------------------------  -----  ---------  --------  ----------  --------------  -------------------
/opt/airflow/dags/pipeline_dag.py                           1           0  0.15s           2026-05-04T15:57:36
================================================================================
[2026-05-04T15:58:33.190+0000] {manager.py:878} INFO - 
================================================================================
DAG File Processing Stats

File Path                          PID    Runtime      # DAGs    # Errors  Last Runtime    Last Run
---------------------------------  -----  ---------  --------  ----------  --------------  -------------------
/opt/airflow/dags/pipeline_dag.py                           1           0  0.17s           2026-05-04T15:58:07
================================================================================
[2026-05-04T15:59:04.133+0000] {manager.py:878} INFO - 
================================================================================
DAG File Processing Stats

File Path                          PID    Runtime      # DAGs    # Errors  Last Runtime    Last Run
---------------------------------  -----  ---------  --------  ----------  --------------  -------------------
/opt/airflow/dags/pipeline_dag.py                           1           0  0.16s           2026-05-04T15:58:38
================================================================================
[2026-05-04T15:59:34.797+0000] {manager.py:878} INFO - 
================================================================================
DAG File Processing Stats

File Path                          PID    Runtime      # DAGs    # Errors  Last Runtime    Last Run
---------------------------------  -----  ---------  --------  ----------  --------------  -------------------
/opt/airflow/dags/pipeline_dag.py                           1           0  0.15s           2026-05-04T15:59:09
================================================================================
[2026-05-04T16:00:05.754+0000] {manager.py:878} INFO - 
================================================================================
DAG File Processing Stats

File Path                          PID    Runtime      # DAGs    # Errors  Last Runtime    Last Run
---------------------------------  -----  ---------  --------  ----------  --------------  -------------------
/opt/airflow/dags/pipeline_dag.py                           1           0  0.16s           2026-05-04T15:59:40
================================================================================
[2026-05-04T16:00:36.428+0000] {manager.py:878} INFO - 
================================================================================
DAG File Processing Stats

File Path                          PID    Runtime      # DAGs    # Errors  Last Runtime    Last Run
---------------------------------  -----  ---------  --------  ----------  --------------  -------------------
/opt/airflow/dags/pipeline_dag.py                           1           0  0.14s           2026-05-04T16:00:10
================================================================================
[2026-05-04T16:01:06.991+0000] {manager.py:878} INFO - 
================================================================================
DAG File Processing Stats

File Path                          PID    Runtime      # DAGs    # Errors  Last Runtime    Last Run
---------------------------------  -----  ---------  --------  ----------  --------------  -------------------
/opt/airflow/dags/pipeline_dag.py                           1           0  0.14s           2026-05-04T16:00:41
================================================================================
[2026-05-04T16:01:37.593+0000] {manager.py:878} INFO - 
================================================================================
DAG File Processing Stats

File Path                          PID    Runtime      # DAGs    # Errors  Last Runtime    Last Run
---------------------------------  -----  ---------  --------  ----------  --------------  -------------------
/opt/airflow/dags/pipeline_dag.py                           1           0  0.17s           2026-05-04T16:01:12
================================================================================
[2026-05-04T16:02:08.188+0000] {manager.py:878} INFO - 
================================================================================
DAG File Processing Stats

File Path                          PID    Runtime      # DAGs    # Errors  Last Runtime    Last Run
---------------------------------  -----  ---------  --------  ----------  --------------  -------------------
/opt/airflow/dags/pipeline_dag.py                           1           0  0.14s           2026-05-04T16:01:42
================================================================================
[2026-05-04T16:02:26.055+0000] {manager.py:737} INFO - Searching for files in /opt/airflow/dags
[2026-05-04T16:02:26.075+0000] {manager.py:740} INFO - There are 1 files in /opt/airflow/dags
[2026-05-04T16:02:39.194+0000] {manager.py:878} INFO - 
================================================================================
DAG File Processing Stats

File Path                          PID    Runtime      # DAGs    # Errors  Last Runtime    Last Run
---------------------------------  -----  ---------  --------  ----------  --------------  -------------------
/opt/airflow/dags/pipeline_dag.py                           1           0  0.15s           2026-05-04T16:02:13
================================================================================
[2026-05-04T16:03:10.151+0000] {manager.py:878} INFO - 
================================================================================
DAG File Processing Stats

File Path                          PID    Runtime      # DAGs    # Errors  Last Runtime    Last Run
---------------------------------  -----  ---------  --------  ----------  --------------  -------------------
/opt/airflow/dags/pipeline_dag.py                           1           0  0.15s           2026-05-04T16:02:44
================================================================================
[2026-05-04T16:03:41.177+0000] {manager.py:878} INFO - 
================================================================================
DAG File Processing Stats

File Path                          PID    Runtime      # DAGs    # Errors  Last Runtime    Last Run
---------------------------------  -----  ---------  --------  ----------  --------------  -------------------
/opt/airflow/dags/pipeline_dag.py                           1           0  0.16s           2026-05-04T16:03:15
================================================================================
[2026-05-04T16:04:12.076+0000] {manager.py:878} INFO - 
================================================================================
DAG File Processing Stats

File Path                          PID    Runtime      # DAGs    # Errors  Last Runtime    Last Run
---------------------------------  -----  ---------  --------  ----------  --------------  -------------------
/opt/airflow/dags/pipeline_dag.py                           1           0  0.14s           2026-05-04T16:03:46
================================================================================
[2026-05-04T16:04:43.136+0000] {manager.py:878} INFO - 
================================================================================
DAG File Processing Stats

File Path                          PID    Runtime      # DAGs    # Errors  Last Runtime    Last Run
---------------------------------  -----  ---------  --------  ----------  --------------  -------------------
/opt/airflow/dags/pipeline_dag.py                           1           0  0.15s           2026-05-04T16:04:17
================================================================================
[2026-05-04T16:05:14.085+0000] {manager.py:878} INFO - 
================================================================================
DAG File Processing Stats

File Path                          PID    Runtime      # DAGs    # Errors  Last Runtime    Last Run
---------------------------------  -----  ---------  --------  ----------  --------------  -------------------
/opt/airflow/dags/pipeline_dag.py                           1           0  0.15s           2026-05-04T16:04:48
================================================================================
[2026-05-04T16:05:45.099+0000] {manager.py:878} INFO - 
================================================================================
DAG File Processing Stats

File Path                          PID    Runtime      # DAGs    # Errors  Last Runtime    Last Run
---------------------------------  -----  ---------  --------  ----------  --------------  -------------------
/opt/airflow/dags/pipeline_dag.py                           1           0  0.16s           2026-05-04T16:05:19
================================================================================
[2026-05-04T16:06:16.095+0000] {manager.py:878} INFO - 
================================================================================
DAG File Processing Stats

File Path                          PID    Runtime      # DAGs    # Errors  Last Runtime    Last Run
---------------------------------  -----  ---------  --------  ----------  --------------  -------------------
/opt/airflow/dags/pipeline_dag.py                           1           0  0.15s           2026-05-04T16:05:50
================================================================================
[2026-05-04T16:06:47.180+0000] {manager.py:878} INFO - 
================================================================================
DAG File Processing Stats

File Path                          PID    Runtime      # DAGs    # Errors  Last Runtime    Last Run
---------------------------------  -----  ---------  --------  ----------  --------------  -------------------
/opt/airflow/dags/pipeline_dag.py                           1           0  0.14s           2026-05-04T16:06:21
================================================================================
[2026-05-04T16:07:17.705+0000] {manager.py:878} INFO - 
================================================================================
DAG File Processing Stats

File Path                          PID    Runtime      # DAGs    # Errors  Last Runtime    Last Run
---------------------------------  -----  ---------  --------  ----------  --------------  -------------------
/opt/airflow/dags/pipeline_dag.py                           1           0  0.15s           2026-05-04T16:06:52
================================================================================
[2026-05-04T16:39:45.910+0000] {manager.py:737} INFO - Searching for files in /opt/airflow/dags
[2026-05-04T16:39:45.984+0000] {manager.py:740} INFO - There are 1 files in /opt/airflow/dags
[2026-05-04T17:05:36.885+0000] {manager.py:737} INFO - Searching for files in /opt/airflow/dags
[2026-05-04T17:05:37.003+0000] {manager.py:740} INFO - There are 1 files in /opt/airflow/dags
[2026-05-04T17:05:49.361+0000] {manager.py:878} INFO - 
================================================================================
DAG File Processing Stats

File Path                          PID    Runtime      # DAGs    # Errors  Last Runtime    Last Run
---------------------------------  -----  ---------  --------  ----------  --------------  -------------------
/opt/airflow/dags/pipeline_dag.py                           1           0  0.42s           2026-05-04T17:05:37
================================================================================
[2026-05-04T17:06:20.208+0000] {manager.py:878} INFO - 
================================================================================
DAG File Processing Stats

File Path                          PID    Runtime      # DAGs    # Errors  Last Runtime    Last Run
---------------------------------  -----  ---------  --------  ----------  --------------  -------------------
/opt/airflow/dags/pipeline_dag.py                           1           0  0.41s           2026-05-04T17:06:08
================================================================================
[2026-05-04T17:06:50.686+0000] {manager.py:878} INFO - 
================================================================================
DAG File Processing Stats

File Path                          PID    Runtime      # DAGs    # Errors  Last Runtime    Last Run
---------------------------------  -----  ---------  --------  ----------  --------------  -------------------
/opt/airflow/dags/pipeline_dag.py                           1           0  0.15s           2026-05-04T17:06:38
================================================================================
[2026-05-04T17:07:21.272+0000] {manager.py:878} INFO - 
================================================================================
DAG File Processing Stats

File Path                          PID    Runtime      # DAGs    # Errors  Last Runtime    Last Run
---------------------------------  -----  ---------  --------  ----------  --------------  -------------------
/opt/airflow/dags/pipeline_dag.py                           1           0  0.15s           2026-05-04T17:07:09
================================================================================
[2026-05-04T17:07:51.943+0000] {manager.py:878} INFO - 
================================================================================
DAG File Processing Stats

File Path                          PID    Runtime      # DAGs    # Errors  Last Runtime    Last Run
---------------------------------  -----  ---------  --------  ----------  --------------  -------------------
/opt/airflow/dags/pipeline_dag.py                           1           0  0.14s           2026-05-04T17:07:39
================================================================================
[2026-05-04T17:08:22.396+0000] {manager.py:878} INFO - 
================================================================================
DAG File Processing Stats

File Path                          PID    Runtime      # DAGs    # Errors  Last Runtime    Last Run
---------------------------------  -----  ---------  --------  ----------  --------------  -------------------
/opt/airflow/dags/pipeline_dag.py                           1           0  0.14s           2026-05-04T17:08:10
================================================================================
[2026-05-04T17:08:52.873+0000] {manager.py:878} INFO - 
================================================================================
DAG File Processing Stats

File Path                          PID    Runtime      # DAGs    # Errors  Last Runtime    Last Run
---------------------------------  -----  ---------  --------  ----------  --------------  -------------------
/opt/airflow/dags/pipeline_dag.py                           1           0  0.14s           2026-05-04T17:08:40
================================================================================
[2026-05-04T17:09:23.285+0000] {manager.py:878} INFO - 
================================================================================
DAG File Processing Stats

File Path                          PID    Runtime      # DAGs    # Errors  Last Runtime    Last Run
---------------------------------  -----  ---------  --------  ----------  --------------  -------------------
/opt/airflow/dags/pipeline_dag.py                           1           0  0.14s           2026-05-04T17:09:11
================================================================================
[2026-05-04T17:09:53.845+0000] {manager.py:878} INFO - 
================================================================================
DAG File Processing Stats

File Path                          PID    Runtime      # DAGs    # Errors  Last Runtime    Last Run
---------------------------------  -----  ---------  --------  ----------  --------------  -------------------
/opt/airflow/dags/pipeline_dag.py                           1           0  0.14s           2026-05-04T17:09:41
================================================================================
[2026-05-04T17:10:24.746+0000] {manager.py:878} INFO - 
================================================================================
DAG File Processing Stats

File Path                          PID    Runtime      # DAGs    # Errors  Last Runtime    Last Run
---------------------------------  -----  ---------  --------  ----------  --------------  -------------------
/opt/airflow/dags/pipeline_dag.py                           1           0  0.14s           2026-05-04T17:10:12
================================================================================
[2026-05-04T17:10:37.109+0000] {manager.py:737} INFO - Searching for files in /opt/airflow/dags
[2026-05-04T17:10:37.136+0000] {manager.py:740} INFO - There are 1 files in /opt/airflow/dags
[2026-05-04T19:49:24.943+0000] {manager.py:737} INFO - Searching for files in /opt/airflow/dags
[2026-05-04T20:01:06.859+0000] {manager.py:740} INFO - There are 1 files in /opt/airflow/dags
[2026-05-04T20:01:07.151+0000] {manager.py:737} INFO - Searching for files in /opt/airflow/dags
[2026-05-04T20:01:07.364+0000] {manager.py:740} INFO - There are 1 files in /opt/airflow/dags
[2026-05-04T20:01:13.802+0000] {manager.py:878} INFO - 
================================================================================
DAG File Processing Stats

File Path                          PID    Runtime      # DAGs    # Errors  Last Runtime    Last Run
---------------------------------  -----  ---------  --------  ----------  --------------  -------------------
/opt/airflow/dags/pipeline_dag.py                           1           0  0.77s           2026-05-04T20:01:07
================================================================================
[2026-05-04T22:22:54.680+0000] {manager.py:737} INFO - Searching for files in /opt/airflow/dags
[2026-05-04T22:22:55.045+0000] {manager.py:740} INFO - There are 1 files in /opt/airflow/dags
[2026-05-05T12:38:30.947+0000] {manager.py:737} INFO - Searching for files in /opt/airflow/dags
[2026-05-05T12:38:31.352+0000] {manager.py:740} INFO - There are 1 files in /opt/airflow/dags
[2026-05-05T12:38:44.472+0000] {manager.py:878} INFO - 
================================================================================
DAG File Processing Stats

File Path                          PID    Runtime      # DAGs    # Errors  Last Runtime    Last Run
---------------------------------  -----  ---------  --------  ----------  --------------  -------------------
/opt/airflow/dags/pipeline_dag.py                           1           0  6.56s           2026-05-05T12:38:40
================================================================================
[2026-05-05T12:39:15.265+0000] {manager.py:878} INFO - 
================================================================================
DAG File Processing Stats

File Path                          PID    Runtime      # DAGs    # Errors  Last Runtime    Last Run
---------------------------------  -----  ---------  --------  ----------  --------------  -------------------
/opt/airflow/dags/pipeline_dag.py                           1           0  0.31s           2026-05-05T12:39:10
================================================================================
[2026-05-05T12:39:46.235+0000] {manager.py:878} INFO - 
================================================================================
DAG File Processing Stats

File Path                          PID    Runtime      # DAGs    # Errors  Last Runtime    Last Run
---------------------------------  -----  ---------  --------  ----------  --------------  -------------------
/opt/airflow/dags/pipeline_dag.py                           1           0  0.27s           2026-05-05T12:39:41
================================================================================
[2026-05-05T12:40:17.263+0000] {manager.py:878} INFO - 
================================================================================
DAG File Processing Stats

File Path                          PID    Runtime      # DAGs    # Errors  Last Runtime    Last Run
---------------------------------  -----  ---------  --------  ----------  --------------  -------------------
/opt/airflow/dags/pipeline_dag.py                           1           0  0.56s           2026-05-05T12:40:12
================================================================================
[2026-05-05T12:40:48.676+0000] {manager.py:878} INFO - 
================================================================================
DAG File Processing Stats

File Path                          PID    Runtime      # DAGs    # Errors  Last Runtime    Last Run
---------------------------------  -----  ---------  --------  ----------  --------------  -------------------
/opt/airflow/dags/pipeline_dag.py                           1           0  0.28s           2026-05-05T12:40:42
================================================================================
[2026-05-05T12:41:19.913+0000] {manager.py:878} INFO - 
================================================================================
DAG File Processing Stats

File Path                          PID    Runtime      # DAGs    # Errors  Last Runtime    Last Run
---------------------------------  -----  ---------  --------  ----------  --------------  -------------------
/opt/airflow/dags/pipeline_dag.py                           1           0  0.28s           2026-05-05T12:41:13
================================================================================
[2026-05-05T12:41:51.318+0000] {manager.py:878} INFO - 
================================================================================
DAG File Processing Stats

File Path                          PID    Runtime      # DAGs    # Errors  Last Runtime    Last Run
---------------------------------  -----  ---------  --------  ----------  --------------  -------------------
/opt/airflow/dags/pipeline_dag.py                           1           0  0.23s           2026-05-05T12:41:43
================================================================================
[2026-05-05T12:42:22.650+0000] {manager.py:878} INFO - 
================================================================================
DAG File Processing Stats

File Path                          PID    Runtime      # DAGs    # Errors  Last Runtime    Last Run
---------------------------------  -----  ---------  --------  ----------  --------------  -------------------
/opt/airflow/dags/pipeline_dag.py                           1           0  0.14s           2026-05-05T12:42:13
================================================================================
[2026-05-05T12:42:53.878+0000] {manager.py:878} INFO - 
================================================================================
DAG File Processing Stats

File Path                          PID    Runtime      # DAGs    # Errors  Last Runtime    Last Run
---------------------------------  -----  ---------  --------  ----------  --------------  -------------------
/opt/airflow/dags/pipeline_dag.py                           1           0  0.16s           2026-05-05T12:42:43
================================================================================
[2026-05-05T12:43:25.181+0000] {manager.py:878} INFO - 
================================================================================
DAG File Processing Stats

File Path                          PID    Runtime      # DAGs    # Errors  Last Runtime    Last Run
---------------------------------  -----  ---------  --------  ----------  --------------  -------------------
/opt/airflow/dags/pipeline_dag.py                           1           0  0.15s           2026-05-05T12:43:14
================================================================================
[2026-05-05T12:43:31.099+0000] {manager.py:737} INFO - Searching for files in /opt/airflow/dags
[2026-05-05T12:43:31.124+0000] {manager.py:740} INFO - There are 1 files in /opt/airflow/dags
[2026-05-05T12:43:56.532+0000] {manager.py:878} INFO - 
================================================================================
DAG File Processing Stats

File Path                          PID    Runtime      # DAGs    # Errors  Last Runtime    Last Run
---------------------------------  -----  ---------  --------  ----------  --------------  -------------------
/opt/airflow/dags/pipeline_dag.py                           1           0  0.14s           2026-05-05T12:43:44
================================================================================
[2026-05-05T12:44:27.745+0000] {manager.py:878} INFO - 
================================================================================
DAG File Processing Stats

File Path                          PID    Runtime      # DAGs    # Errors  Last Runtime    Last Run
---------------------------------  -----  ---------  --------  ----------  --------------  -------------------
/opt/airflow/dags/pipeline_dag.py                           1           0  0.14s           2026-05-05T12:44:14
================================================================================
[2026-05-05T12:45:40.618+0000] {manager.py:878} INFO - 
================================================================================
DAG File Processing Stats

File Path                          PID    Runtime      # DAGs    # Errors  Last Runtime    Last Run
---------------------------------  -----  ---------  --------  ----------  --------------  -------------------
/opt/airflow/dags/pipeline_dag.py                           1           0  3.75s           2026-05-05T12:45:34
================================================================================
[2026-05-05T12:46:11.697+0000] {manager.py:878} INFO - 
================================================================================
DAG File Processing Stats

File Path                          PID    Runtime      # DAGs    # Errors  Last Runtime    Last Run
---------------------------------  -----  ---------  --------  ----------  --------------  -------------------
/opt/airflow/dags/pipeline_dag.py                           1           0  0.14s           2026-05-05T12:46:04
================================================================================
[2026-05-05T12:46:43.010+0000] {manager.py:878} INFO - 
================================================================================
DAG File Processing Stats

File Path                          PID    Runtime      # DAGs    # Errors  Last Runtime    Last Run
---------------------------------  -----  ---------  --------  ----------  --------------  -------------------
/opt/airflow/dags/pipeline_dag.py                           1           0  0.14s           2026-05-05T12:46:35
================================================================================
[2026-05-05T12:47:14.267+0000] {manager.py:878} INFO - 
================================================================================
DAG File Processing Stats

File Path                          PID    Runtime      # DAGs    # Errors  Last Runtime    Last Run
---------------------------------  -----  ---------  --------  ----------  --------------  -------------------
/opt/airflow/dags/pipeline_dag.py                           1           0  0.14s           2026-05-05T12:47:05
================================================================================
[2026-05-05T12:47:45.511+0000] {manager.py:878} INFO - 
================================================================================
DAG File Processing Stats

File Path                          PID    Runtime      # DAGs    # Errors  Last Runtime    Last Run
---------------------------------  -----  ---------  --------  ----------  --------------  -------------------
/opt/airflow/dags/pipeline_dag.py                           1           0  0.16s           2026-05-05T12:47:35
================================================================================
[2026-05-05T12:48:16.681+0000] {manager.py:878} INFO - 
================================================================================
DAG File Processing Stats

File Path                          PID    Runtime      # DAGs    # Errors  Last Runtime    Last Run
---------------------------------  -----  ---------  --------  ----------  --------------  -------------------
/opt/airflow/dags/pipeline_dag.py                           1           0  0.14s           2026-05-05T12:48:05
================================================================================
[2026-05-05T12:48:31.710+0000] {manager.py:737} INFO - Searching for files in /opt/airflow/dags
[2026-05-05T12:48:31.731+0000] {manager.py:740} INFO - There are 1 files in /opt/airflow/dags
[2026-05-05T12:48:47.876+0000] {manager.py:878} INFO - 
================================================================================
DAG File Processing Stats

File Path                          PID    Runtime      # DAGs    # Errors  Last Runtime    Last Run
---------------------------------  -----  ---------  --------  ----------  --------------  -------------------
/opt/airflow/dags/pipeline_dag.py                           1           0  0.16s           2026-05-05T12:48:35
================================================================================
[2026-05-05T13:03:14.444+0000] {manager.py:737} INFO - Searching for files in /opt/airflow/dags
[2026-05-05T13:03:14.628+0000] {manager.py:740} INFO - There are 1 files in /opt/airflow/dags
[2026-05-05T13:03:16.650+0000] {manager.py:878} INFO - 
================================================================================
DAG File Processing Stats

File Path                          PID    Runtime      # DAGs    # Errors  Last Runtime    Last Run
---------------------------------  -----  ---------  --------  ----------  --------------  -------------------
/opt/airflow/dags/pipeline_dag.py                           1           0  0.80s           2026-05-05T13:03:15
================================================================================
[2026-05-05T13:47:45.785+0000] {manager.py:737} INFO - Searching for files in /opt/airflow/dags
[2026-05-05T13:47:46.698+0000] {manager.py:740} INFO - There are 1 files in /opt/airflow/dags
[2026-05-05T13:48:12.546+0000] {manager.py:878} INFO - 
================================================================================
DAG File Processing Stats

File Path                          PID    Runtime      # DAGs    # Errors  Last Runtime    Last Run
---------------------------------  -----  ---------  --------  ----------  --------------  -------------------
/opt/airflow/dags/pipeline_dag.py                           1           0  1.92s           2026-05-05T13:47:48
================================================================================
[2026-05-05T13:48:43.150+0000] {manager.py:878} INFO - 
================================================================================
DAG File Processing Stats

File Path                          PID    Runtime      # DAGs    # Errors  Last Runtime    Last Run
---------------------------------  -----  ---------  --------  ----------  --------------  -------------------
/opt/airflow/dags/pipeline_dag.py                           1           0  0.19s           2026-05-05T13:48:19
================================================================================
[2026-05-05T13:49:14.904+0000] {manager.py:878} INFO - 
================================================================================
DAG File Processing Stats

File Path                          PID    Runtime      # DAGs    # Errors  Last Runtime    Last Run
---------------------------------  -----  ---------  --------  ----------  --------------  -------------------
/opt/airflow/dags/pipeline_dag.py                           1           0  0.13s           2026-05-05T13:48:50
================================================================================
[2026-05-05T13:49:46.025+0000] {manager.py:878} INFO - 
================================================================================
DAG File Processing Stats

File Path                          PID    Runtime      # DAGs    # Errors  Last Runtime    Last Run
---------------------------------  -----  ---------  --------  ----------  --------------  -------------------
/opt/airflow/dags/pipeline_dag.py                           1           0  0.29s           2026-05-05T13:49:21
================================================================================
[2026-05-05T13:50:17.081+0000] {manager.py:878} INFO - 
================================================================================
DAG File Processing Stats

File Path                          PID    Runtime      # DAGs    # Errors  Last Runtime    Last Run
---------------------------------  -----  ---------  --------  ----------  --------------  -------------------
/opt/airflow/dags/pipeline_dag.py                           1           0  0.20s           2026-05-05T13:49:51
================================================================================
[2026-05-05T13:50:48.180+0000] {manager.py:878} INFO - 
================================================================================
DAG File Processing Stats

File Path                          PID    Runtime      # DAGs    # Errors  Last Runtime    Last Run
---------------------------------  -----  ---------  --------  ----------  --------------  -------------------
/opt/airflow/dags/pipeline_dag.py                           1           0  0.15s           2026-05-05T13:50:22
================================================================================
[2026-05-05T13:51:19.387+0000] {manager.py:878} INFO - 
================================================================================
DAG File Processing Stats

File Path                          PID    Runtime      # DAGs    # Errors  Last Runtime    Last Run
---------------------------------  -----  ---------  --------  ----------  --------------  -------------------
/opt/airflow/dags/pipeline_dag.py                           1           0  0.13s           2026-05-05T13:50:52
================================================================================
[2026-05-05T13:51:51.055+0000] {manager.py:878} INFO - 
================================================================================
DAG File Processing Stats

File Path                          PID    Runtime      # DAGs    # Errors  Last Runtime    Last Run
---------------------------------  -----  ---------  --------  ----------  --------------  -------------------
/opt/airflow/dags/pipeline_dag.py                           1           0  0.12s           2026-05-05T13:51:22
================================================================================
[2026-05-05T13:52:22.115+0000] {manager.py:878} INFO - 
================================================================================
DAG File Processing Stats

File Path                          PID    Runtime      # DAGs    # Errors  Last Runtime    Last Run
---------------------------------  -----  ---------  --------  ----------  --------------  -------------------
/opt/airflow/dags/pipeline_dag.py                           1           0  0.18s           2026-05-05T13:51:53
================================================================================
[2026-05-05T13:52:45.869+0000] {manager.py:737} INFO - Searching for files in /opt/airflow/dags
[2026-05-05T13:52:45.894+0000] {manager.py:740} INFO - There are 1 files in /opt/airflow/dags
[2026-05-05T13:52:53.510+0000] {manager.py:878} INFO - 
================================================================================
DAG File Processing Stats

File Path                          PID    Runtime      # DAGs    # Errors  Last Runtime    Last Run
---------------------------------  -----  ---------  --------  ----------  --------------  -------------------
/opt/airflow/dags/pipeline_dag.py                           1           0  0.38s           2026-05-05T13:52:23
================================================================================
[2026-05-05T13:53:25.118+0000] {manager.py:878} INFO - 
================================================================================
DAG File Processing Stats

File Path                          PID    Runtime      # DAGs    # Errors  Last Runtime    Last Run
---------------------------------  -----  ---------  --------  ----------  --------------  -------------------
/opt/airflow/dags/pipeline_dag.py                           1           0  0.14s           2026-05-05T13:53:24
================================================================================
[2026-05-05T13:53:56.338+0000] {manager.py:878} INFO - 
================================================================================
DAG File Processing Stats

File Path                          PID    Runtime      # DAGs    # Errors  Last Runtime    Last Run
---------------------------------  -----  ---------  --------  ----------  --------------  -------------------
/opt/airflow/dags/pipeline_dag.py                           1           0  0.15s           2026-05-05T13:53:54
================================================================================
[2026-05-05T13:54:27.458+0000] {manager.py:878} INFO - 
================================================================================
DAG File Processing Stats

File Path                          PID    Runtime      # DAGs    # Errors  Last Runtime    Last Run
---------------------------------  -----  ---------  --------  ----------  --------------  -------------------
/opt/airflow/dags/pipeline_dag.py                           1           0  0.17s           2026-05-05T13:54:25
================================================================================
[2026-05-05T13:54:58.641+0000] {manager.py:878} INFO - 
================================================================================
DAG File Processing Stats

File Path                          PID    Runtime      # DAGs    # Errors  Last Runtime    Last Run
---------------------------------  -----  ---------  --------  ----------  --------------  -------------------
/opt/airflow/dags/pipeline_dag.py                           1           0  0.16s           2026-05-05T13:54:55
================================================================================
[2026-05-05T13:55:29.793+0000] {manager.py:878} INFO - 
================================================================================
DAG File Processing Stats

File Path                          PID    Runtime      # DAGs    # Errors  Last Runtime    Last Run
---------------------------------  -----  ---------  --------  ----------  --------------  -------------------
/opt/airflow/dags/pipeline_dag.py                           1           0  0.15s           2026-05-05T13:55:25
================================================================================
[2026-05-05T13:56:00.981+0000] {manager.py:878} INFO - 
================================================================================
DAG File Processing Stats

File Path                          PID    Runtime      # DAGs    # Errors  Last Runtime    Last Run
---------------------------------  -----  ---------  --------  ----------  --------------  -------------------
/opt/airflow/dags/pipeline_dag.py                           1           0  0.16s           2026-05-05T13:55:57
================================================================================
[2026-05-05T13:56:32.072+0000] {manager.py:878} INFO - 
================================================================================
DAG File Processing Stats

File Path                          PID    Runtime      # DAGs    # Errors  Last Runtime    Last Run
---------------------------------  -----  ---------  --------  ----------  --------------  -------------------
/opt/airflow/dags/pipeline_dag.py                           1           0  0.14s           2026-05-05T13:56:28
================================================================================
[2026-05-05T13:57:03.316+0000] {manager.py:878} INFO - 
================================================================================
DAG File Processing Stats

File Path                          PID    Runtime      # DAGs    # Errors  Last Runtime    Last Run
---------------------------------  -----  ---------  --------  ----------  --------------  -------------------
/opt/airflow/dags/pipeline_dag.py                           1           0  0.13s           2026-05-05T13:56:59
================================================================================
[2026-05-05T13:57:34.395+0000] {manager.py:878} INFO - 
================================================================================
DAG File Processing Stats

File Path                          PID    Runtime      # DAGs    # Errors  Last Runtime    Last Run
---------------------------------  -----  ---------  --------  ----------  --------------  -------------------
/opt/airflow/dags/pipeline_dag.py                           1           0  0.15s           2026-05-05T13:57:29
================================================================================
[2026-05-05T13:57:46.484+0000] {manager.py:737} INFO - Searching for files in /opt/airflow/dags
[2026-05-05T13:57:46.518+0000] {manager.py:740} INFO - There are 1 files in /opt/airflow/dags
[2026-05-05T13:58:05.054+0000] {manager.py:878} INFO - 
================================================================================
DAG File Processing Stats

File Path                          PID    Runtime      # DAGs    # Errors  Last Runtime    Last Run
---------------------------------  -----  ---------  --------  ----------  --------------  -------------------
/opt/airflow/dags/pipeline_dag.py                           1           0  0.15s           2026-05-05T13:58:00
================================================================================
[2026-05-05T13:58:36.534+0000] {manager.py:878} INFO - 
================================================================================
DAG File Processing Stats

File Path                          PID    Runtime      # DAGs    # Errors  Last Runtime    Last Run
---------------------------------  -----  ---------  --------  ----------  --------------  -------------------
/opt/airflow/dags/pipeline_dag.py                           1           0  0.15s           2026-05-05T13:58:31
================================================================================
[2026-05-05T13:59:07.731+0000] {manager.py:878} INFO - 
================================================================================
DAG File Processing Stats

File Path                          PID    Runtime      # DAGs    # Errors  Last Runtime    Last Run
---------------------------------  -----  ---------  --------  ----------  --------------  -------------------
/opt/airflow/dags/pipeline_dag.py                           1           0  0.36s           2026-05-05T13:59:02
================================================================================
[2026-05-05T13:59:39.221+0000] {manager.py:878} INFO - 
================================================================================
DAG File Processing Stats

File Path                          PID    Runtime      # DAGs    # Errors  Last Runtime    Last Run
---------------------------------  -----  ---------  --------  ----------  --------------  -------------------
/opt/airflow/dags/pipeline_dag.py                           1           0  0.28s           2026-05-05T13:59:33
================================================================================
[2026-05-05T14:00:10.311+0000] {manager.py:878} INFO - 
================================================================================
DAG File Processing Stats

File Path                          PID    Runtime      # DAGs    # Errors  Last Runtime    Last Run
---------------------------------  -----  ---------  --------  ----------  --------------  -------------------
/opt/airflow/dags/pipeline_dag.py                           1           0  0.83s           2026-05-05T14:00:05
================================================================================
[2026-05-05T14:00:41.418+0000] {manager.py:878} INFO - 
================================================================================
DAG File Processing Stats

File Path                          PID    Runtime      # DAGs    # Errors  Last Runtime    Last Run
---------------------------------  -----  ---------  --------  ----------  --------------  -------------------
/opt/airflow/dags/pipeline_dag.py                           1           0  0.18s           2026-05-05T14:00:35
================================================================================
[2026-05-05T14:01:12.763+0000] {manager.py:878} INFO - 
================================================================================
DAG File Processing Stats

File Path                          PID    Runtime      # DAGs    # Errors  Last Runtime    Last Run
---------------------------------  -----  ---------  --------  ----------  --------------  -------------------
/opt/airflow/dags/pipeline_dag.py                           1           0  0.16s           2026-05-05T14:01:05
================================================================================
[2026-05-05T14:01:43.843+0000] {manager.py:878} INFO - 
================================================================================
DAG File Processing Stats

File Path                          PID    Runtime      # DAGs    # Errors  Last Runtime    Last Run
---------------------------------  -----  ---------  --------  ----------  --------------  -------------------
/opt/airflow/dags/pipeline_dag.py                           1           0  0.19s           2026-05-05T14:01:36
================================================================================
[2026-05-05T14:02:14.916+0000] {manager.py:878} INFO - 
================================================================================
DAG File Processing Stats

File Path                          PID    Runtime      # DAGs    # Errors  Last Runtime    Last Run
---------------------------------  -----  ---------  --------  ----------  --------------  -------------------
/opt/airflow/dags/pipeline_dag.py                           1           0  0.14s           2026-05-05T14:02:08
================================================================================
[2026-05-05T14:02:46.096+0000] {manager.py:878} INFO - 
================================================================================
DAG File Processing Stats

File Path                          PID    Runtime      # DAGs    # Errors  Last Runtime    Last Run
---------------------------------  -----  ---------  --------  ----------  --------------  -------------------
/opt/airflow/dags/pipeline_dag.py                           1           0  0.13s           2026-05-05T14:02:39
================================================================================
[2026-05-05T14:02:47.103+0000] {manager.py:737} INFO - Searching for files in /opt/airflow/dags
[2026-05-05T14:02:47.141+0000] {manager.py:740} INFO - There are 1 files in /opt/airflow/dags
[2026-05-05T14:03:17.350+0000] {manager.py:878} INFO - 
================================================================================
DAG File Processing Stats

File Path                          PID    Runtime      # DAGs    # Errors  Last Runtime    Last Run
---------------------------------  -----  ---------  --------  ----------  --------------  -------------------
/opt/airflow/dags/pipeline_dag.py                           1           0  0.16s           2026-05-05T14:03:10
================================================================================
[2026-05-05T14:03:48.508+0000] {manager.py:878} INFO - 
================================================================================
DAG File Processing Stats

File Path                          PID    Runtime      # DAGs    # Errors  Last Runtime    Last Run
---------------------------------  -----  ---------  --------  ----------  --------------  -------------------
/opt/airflow/dags/pipeline_dag.py                           1           0  0.17s           2026-05-05T14:03:40
================================================================================
[2026-05-05T14:04:19.742+0000] {manager.py:878} INFO - 
================================================================================
DAG File Processing Stats

File Path                          PID    Runtime      # DAGs    # Errors  Last Runtime    Last Run
---------------------------------  -----  ---------  --------  ----------  --------------  -------------------
/opt/airflow/dags/pipeline_dag.py                           1           0  0.14s           2026-05-05T14:04:11
================================================================================
[2026-05-05T14:04:50.819+0000] {manager.py:878} INFO - 
================================================================================
DAG File Processing Stats

File Path                          PID    Runtime      # DAGs    # Errors  Last Runtime    Last Run
---------------------------------  -----  ---------  --------  ----------  --------------  -------------------
/opt/airflow/dags/pipeline_dag.py                           1           0  0.13s           2026-05-05T14:04:42
================================================================================
[2026-05-05T14:05:22.073+0000] {manager.py:878} INFO - 
================================================================================
DAG File Processing Stats

File Path                          PID    Runtime      # DAGs    # Errors  Last Runtime    Last Run
---------------------------------  -----  ---------  --------  ----------  --------------  -------------------
/opt/airflow/dags/pipeline_dag.py                           1           0  0.14s           2026-05-05T14:05:14
================================================================================
[2026-05-05T14:05:53.198+0000] {manager.py:878} INFO - 
================================================================================
DAG File Processing Stats

File Path                          PID    Runtime      # DAGs    # Errors  Last Runtime    Last Run
---------------------------------  -----  ---------  --------  ----------  --------------  -------------------
/opt/airflow/dags/pipeline_dag.py                           1           0  0.15s           2026-05-05T14:05:44
================================================================================
[2026-05-05T14:06:24.389+0000] {manager.py:878} INFO - 
================================================================================
DAG File Processing Stats

File Path                          PID    Runtime      # DAGs    # Errors  Last Runtime    Last Run
---------------------------------  -----  ---------  --------  ----------  --------------  -------------------
/opt/airflow/dags/pipeline_dag.py                           1           0  0.14s           2026-05-05T14:06:15
================================================================================
[2026-05-05T14:06:55.512+0000] {manager.py:878} INFO - 
================================================================================
DAG File Processing Stats

File Path                          PID    Runtime      # DAGs    # Errors  Last Runtime    Last Run
---------------------------------  -----  ---------  --------  ----------  --------------  -------------------
/opt/airflow/dags/pipeline_dag.py                           1           0  0.13s           2026-05-05T14:06:46
================================================================================
[2026-05-05T14:07:26.626+0000] {manager.py:878} INFO - 
================================================================================
DAG File Processing Stats

File Path                          PID    Runtime      # DAGs    # Errors  Last Runtime    Last Run
---------------------------------  -----  ---------  --------  ----------  --------------  -------------------
/opt/airflow/dags/pipeline_dag.py                           1           0  0.14s           2026-05-05T14:07:17
================================================================================
[2026-05-05T14:07:47.145+0000] {manager.py:737} INFO - Searching for files in /opt/airflow/dags
[2026-05-05T14:07:47.161+0000] {manager.py:740} INFO - There are 1 files in /opt/airflow/dags
[2026-05-05T14:07:57.235+0000] {manager.py:878} INFO - 
================================================================================
DAG File Processing Stats

File Path                          PID    Runtime      # DAGs    # Errors  Last Runtime    Last Run
---------------------------------  -----  ---------  --------  ----------  --------------  -------------------
/opt/airflow/dags/pipeline_dag.py                           1           0  0.14s           2026-05-05T14:07:48
================================================================================
[2026-05-05T14:08:29.048+0000] {manager.py:878} INFO - 
================================================================================
DAG File Processing Stats

File Path                          PID    Runtime      # DAGs    # Errors  Last Runtime    Last Run
---------------------------------  -----  ---------  --------  ----------  --------------  -------------------
/opt/airflow/dags/pipeline_dag.py                           1           0  0.16s           2026-05-05T14:08:19
================================================================================
[2026-05-05T14:09:00.396+0000] {manager.py:878} INFO - 
================================================================================
DAG File Processing Stats

File Path                          PID    Runtime      # DAGs    # Errors  Last Runtime    Last Run
---------------------------------  -----  ---------  --------  ----------  --------------  -------------------
/opt/airflow/dags/pipeline_dag.py                           1           0  0.23s           2026-05-05T14:08:50
================================================================================
[2026-05-05T14:09:31.677+0000] {manager.py:878} INFO - 
================================================================================
DAG File Processing Stats

File Path                          PID    Runtime      # DAGs    # Errors  Last Runtime    Last Run
---------------------------------  -----  ---------  --------  ----------  --------------  -------------------
/opt/airflow/dags/pipeline_dag.py                           1           0  0.21s           2026-05-05T14:09:21
================================================================================
[2026-05-05T14:10:02.934+0000] {manager.py:878} INFO - 
================================================================================
DAG File Processing Stats

File Path                          PID    Runtime      # DAGs    # Errors  Last Runtime    Last Run
---------------------------------  -----  ---------  --------  ----------  --------------  -------------------
/opt/airflow/dags/pipeline_dag.py                           1           0  0.17s           2026-05-05T14:09:51
================================================================================
[2026-05-05T14:10:34.091+0000] {manager.py:878} INFO - 
================================================================================
DAG File Processing Stats

File Path                          PID    Runtime      # DAGs    # Errors  Last Runtime    Last Run
---------------------------------  -----  ---------  --------  ----------  --------------  -------------------
/opt/airflow/dags/pipeline_dag.py                           1           0  0.23s           2026-05-05T14:10:23
================================================================================
[2026-05-05T14:11:05.531+0000] {manager.py:878} INFO - 
================================================================================
DAG File Processing Stats

File Path                          PID    Runtime      # DAGs    # Errors  Last Runtime    Last Run
---------------------------------  -----  ---------  --------  ----------  --------------  -------------------
/opt/airflow/dags/pipeline_dag.py                           1           0  0.23s           2026-05-05T14:10:54
================================================================================
[2026-05-05T14:11:36.830+0000] {manager.py:878} INFO - 
================================================================================
DAG File Processing Stats

File Path                          PID    Runtime      # DAGs    # Errors  Last Runtime    Last Run
---------------------------------  -----  ---------  --------  ----------  --------------  -------------------
/opt/airflow/dags/pipeline_dag.py                           1           0  0.26s           2026-05-05T14:11:25
================================================================================
[2026-05-05T14:12:07.962+0000] {manager.py:878} INFO - 
================================================================================
DAG File Processing Stats

File Path                          PID    Runtime      # DAGs    # Errors  Last Runtime    Last Run
---------------------------------  -----  ---------  --------  ----------  --------------  -------------------
/opt/airflow/dags/pipeline_dag.py                           1           0  0.20s           2026-05-05T14:11:56
================================================================================
[2026-05-05T14:12:39.106+0000] {manager.py:878} INFO - 
================================================================================
DAG File Processing Stats

File Path                          PID    Runtime      # DAGs    # Errors  Last Runtime    Last Run
---------------------------------  -----  ---------  --------  ----------  --------------  -------------------
/opt/airflow/dags/pipeline_dag.py                           1           0  0.15s           2026-05-05T14:12:27
================================================================================
[2026-05-05T14:12:47.147+0000] {manager.py:737} INFO - Searching for files in /opt/airflow/dags
[2026-05-05T14:12:47.171+0000] {manager.py:740} INFO - There are 1 files in /opt/airflow/dags
[2026-05-05T14:13:10.329+0000] {manager.py:878} INFO - 
================================================================================
DAG File Processing Stats

File Path                          PID    Runtime      # DAGs    # Errors  Last Runtime    Last Run
---------------------------------  -----  ---------  --------  ----------  --------------  -------------------
/opt/airflow/dags/pipeline_dag.py                           1           0  0.26s           2026-05-05T14:12:58
================================================================================
[2026-05-05T14:13:41.695+0000] {manager.py:878} INFO - 
================================================================================
DAG File Processing Stats

File Path                          PID    Runtime      # DAGs    # Errors  Last Runtime    Last Run
---------------------------------  -----  ---------  --------  ----------  --------------  -------------------
/opt/airflow/dags/pipeline_dag.py                           1           0  0.14s           2026-05-05T14:13:28
================================================================================
[2026-05-05T14:14:12.898+0000] {manager.py:878} INFO - 
================================================================================
DAG File Processing Stats

File Path                          PID    Runtime      # DAGs    # Errors  Last Runtime    Last Run
---------------------------------  -----  ---------  --------  ----------  --------------  -------------------
/opt/airflow/dags/pipeline_dag.py                           1           0  0.18s           2026-05-05T14:13:59
================================================================================
[2026-05-05T14:14:44.129+0000] {manager.py:878} INFO - 
================================================================================
DAG File Processing Stats

File Path                          PID    Runtime      # DAGs    # Errors  Last Runtime    Last Run
---------------------------------  -----  ---------  --------  ----------  --------------  -------------------
/opt/airflow/dags/pipeline_dag.py                           1           0  0.13s           2026-05-05T14:14:31
================================================================================
[2026-05-05T14:15:15.360+0000] {manager.py:878} INFO - 
================================================================================
DAG File Processing Stats

File Path                          PID    Runtime      # DAGs    # Errors  Last Runtime    Last Run
---------------------------------  -----  ---------  --------  ----------  --------------  -------------------
/opt/airflow/dags/pipeline_dag.py                           1           0  0.18s           2026-05-05T14:15:02
================================================================================
[2026-05-05T14:15:46.573+0000] {manager.py:878} INFO - 
================================================================================
DAG File Processing Stats

File Path                          PID    Runtime      # DAGs    # Errors  Last Runtime    Last Run
---------------------------------  -----  ---------  --------  ----------  --------------  -------------------
/opt/airflow/dags/pipeline_dag.py                           1           0  0.16s           2026-05-05T14:15:33
================================================================================
[2026-05-05T14:16:17.212+0000] {manager.py:878} INFO - 
================================================================================
DAG File Processing Stats

File Path                          PID    Runtime      # DAGs    # Errors  Last Runtime    Last Run
---------------------------------  -----  ---------  --------  ----------  --------------  -------------------
/opt/airflow/dags/pipeline_dag.py                           1           0  0.13s           2026-05-05T14:16:04
================================================================================
[2026-05-05T14:16:49.090+0000] {manager.py:878} INFO - 
================================================================================
DAG File Processing Stats

File Path                          PID    Runtime      # DAGs    # Errors  Last Runtime    Last Run
---------------------------------  -----  ---------  --------  ----------  --------------  -------------------
/opt/airflow/dags/pipeline_dag.py                           1           0  0.15s           2026-05-05T14:16:35
================================================================================
[2026-05-05T14:17:20.371+0000] {manager.py:878} INFO - 
================================================================================
DAG File Processing Stats

File Path                          PID    Runtime      # DAGs    # Errors  Last Runtime    Last Run
---------------------------------  -----  ---------  --------  ----------  --------------  -------------------
/opt/airflow/dags/pipeline_dag.py                           1           0  0.20s           2026-05-05T14:17:06
================================================================================
[2026-05-05T14:17:47.536+0000] {manager.py:737} INFO - Searching for files in /opt/airflow/dags
[2026-05-05T14:17:47.557+0000] {manager.py:740} INFO - There are 1 files in /opt/airflow/dags
[2026-05-05T14:17:51.593+0000] {manager.py:878} INFO - 
================================================================================
DAG File Processing Stats

File Path                          PID    Runtime      # DAGs    # Errors  Last Runtime    Last Run
---------------------------------  -----  ---------  --------  ----------  --------------  -------------------
/opt/airflow/dags/pipeline_dag.py                           1           0  0.15s           2026-05-05T14:17:37
================================================================================
[2026-05-05T14:18:22.853+0000] {manager.py:878} INFO - 
================================================================================
DAG File Processing Stats

File Path                          PID    Runtime      # DAGs    # Errors  Last Runtime    Last Run
---------------------------------  -----  ---------  --------  ----------  --------------  -------------------
/opt/airflow/dags/pipeline_dag.py                           1           0  0.14s           2026-05-05T14:18:07
================================================================================
[2026-05-05T14:18:54.089+0000] {manager.py:878} INFO - 
================================================================================
DAG File Processing Stats

File Path                          PID    Runtime      # DAGs    # Errors  Last Runtime    Last Run
---------------------------------  -----  ---------  --------  ----------  --------------  -------------------
/opt/airflow/dags/pipeline_dag.py                           1           0  0.15s           2026-05-05T14:18:39
================================================================================
[2026-05-05T14:19:25.512+0000] {manager.py:878} INFO - 
================================================================================
DAG File Processing Stats

File Path                          PID    Runtime      # DAGs    # Errors  Last Runtime    Last Run
---------------------------------  -----  ---------  --------  ----------  --------------  -------------------
/opt/airflow/dags/pipeline_dag.py                           1           0  0.25s           2026-05-05T14:19:10
================================================================================
[2026-05-05T14:19:56.725+0000] {manager.py:878} INFO - 
================================================================================
DAG File Processing Stats

File Path                          PID    Runtime      # DAGs    # Errors  Last Runtime    Last Run
---------------------------------  -----  ---------  --------  ----------  --------------  -------------------
/opt/airflow/dags/pipeline_dag.py                           1           0  0.18s           2026-05-05T14:19:41
================================================================================
[2026-05-05T14:20:28.015+0000] {manager.py:878} INFO - 
================================================================================
DAG File Processing Stats

File Path                          PID    Runtime      # DAGs    # Errors  Last Runtime    Last Run
---------------------------------  -----  ---------  --------  ----------  --------------  -------------------
/opt/airflow/dags/pipeline_dag.py                           1           0  0.19s           2026-05-05T14:20:12
================================================================================
[2026-05-05T14:20:59.326+0000] {manager.py:878} INFO - 
================================================================================
DAG File Processing Stats

File Path                          PID    Runtime      # DAGs    # Errors  Last Runtime    Last Run
---------------------------------  -----  ---------  --------  ----------  --------------  -------------------
/opt/airflow/dags/pipeline_dag.py                           1           0  0.22s           2026-05-05T14:20:43
================================================================================
[2026-05-05T14:21:30.757+0000] {manager.py:878} INFO - 
================================================================================
DAG File Processing Stats

File Path                          PID    Runtime      # DAGs    # Errors  Last Runtime    Last Run
---------------------------------  -----  ---------  --------  ----------  --------------  -------------------
/opt/airflow/dags/pipeline_dag.py                           1           0  0.22s           2026-05-05T14:21:14
================================================================================
[2026-05-05T14:22:02.559+0000] {manager.py:878} INFO - 
================================================================================
DAG File Processing Stats

File Path                          PID    Runtime      # DAGs    # Errors  Last Runtime    Last Run
---------------------------------  -----  ---------  --------  ----------  --------------  -------------------
/opt/airflow/dags/pipeline_dag.py                           1           0  0.22s           2026-05-05T14:21:45
================================================================================
[2026-05-05T14:22:33.304+0000] {manager.py:878} INFO - 
================================================================================
DAG File Processing Stats

File Path                          PID    Runtime      # DAGs    # Errors  Last Runtime    Last Run
---------------------------------  -----  ---------  --------  ----------  --------------  -------------------
/opt/airflow/dags/pipeline_dag.py                           1           0  0.17s           2026-05-05T14:22:16
================================================================================
[2026-05-05T14:22:47.549+0000] {manager.py:737} INFO - Searching for files in /opt/airflow/dags
[2026-05-05T14:22:47.570+0000] {manager.py:740} INFO - There are 1 files in /opt/airflow/dags
[2026-05-05T14:23:04.723+0000] {manager.py:878} INFO - 
================================================================================
DAG File Processing Stats

File Path                          PID    Runtime      # DAGs    # Errors  Last Runtime    Last Run
---------------------------------  -----  ---------  --------  ----------  --------------  -------------------
/opt/airflow/dags/pipeline_dag.py                           1           0  0.17s           2026-05-05T14:22:47
================================================================================
[2026-05-05T14:23:36.052+0000] {manager.py:878} INFO - 
================================================================================
DAG File Processing Stats

File Path                          PID    Runtime      # DAGs    # Errors  Last Runtime    Last Run
---------------------------------  -----  ---------  --------  ----------  --------------  -------------------
/opt/airflow/dags/pipeline_dag.py                           1           0  0.16s           2026-05-05T14:23:18
================================================================================
[2026-05-05T14:24:07.421+0000] {manager.py:878} INFO - 
================================================================================
DAG File Processing Stats

File Path                          PID    Runtime      # DAGs    # Errors  Last Runtime    Last Run
---------------------------------  -----  ---------  --------  ----------  --------------  -------------------
/opt/airflow/dags/pipeline_dag.py                           1           0  0.17s           2026-05-05T14:23:49
================================================================================
[2026-05-05T14:24:38.658+0000] {manager.py:878} INFO - 
================================================================================
DAG File Processing Stats

File Path                          PID    Runtime      # DAGs    # Errors  Last Runtime    Last Run
---------------------------------  -----  ---------  --------  ----------  --------------  -------------------
/opt/airflow/dags/pipeline_dag.py                           1           0  0.14s           2026-05-05T14:24:20
================================================================================
[2026-05-05T14:25:09.945+0000] {manager.py:878} INFO - 
================================================================================
DAG File Processing Stats

File Path                          PID    Runtime      # DAGs    # Errors  Last Runtime    Last Run
---------------------------------  -----  ---------  --------  ----------  --------------  -------------------
/opt/airflow/dags/pipeline_dag.py                           1           0  0.18s           2026-05-05T14:24:51
================================================================================
[2026-05-05T14:25:41.221+0000] {manager.py:878} INFO - 
================================================================================
DAG File Processing Stats

File Path                          PID    Runtime      # DAGs    # Errors  Last Runtime    Last Run
---------------------------------  -----  ---------  --------  ----------  --------------  -------------------
/opt/airflow/dags/pipeline_dag.py                           1           0  0.24s           2026-05-05T14:25:22
================================================================================
[2026-05-05T14:26:12.666+0000] {manager.py:878} INFO - 
================================================================================
DAG File Processing Stats

File Path                          PID    Runtime      # DAGs    # Errors  Last Runtime    Last Run
---------------------------------  -----  ---------  --------  ----------  --------------  -------------------
/opt/airflow/dags/pipeline_dag.py                           1           0  0.55s           2026-05-05T14:25:53
================================================================================
[2026-05-05T14:26:44.425+0000] {manager.py:878} INFO - 
================================================================================
DAG File Processing Stats

File Path                          PID    Runtime      # DAGs    # Errors  Last Runtime    Last Run
---------------------------------  -----  ---------  --------  ----------  --------------  -------------------
/opt/airflow/dags/pipeline_dag.py                           1           0  0.20s           2026-05-05T14:26:24
================================================================================
[2026-05-05T14:27:15.605+0000] {manager.py:878} INFO - 
================================================================================
DAG File Processing Stats

File Path                          PID    Runtime      # DAGs    # Errors  Last Runtime    Last Run
---------------------------------  -----  ---------  --------  ----------  --------------  -------------------
/opt/airflow/dags/pipeline_dag.py                           1           0  0.15s           2026-05-05T14:26:55
================================================================================
[2026-05-05T14:27:46.955+0000] {manager.py:878} INFO - 
================================================================================
DAG File Processing Stats

File Path                          PID    Runtime      # DAGs    # Errors  Last Runtime    Last Run
---------------------------------  -----  ---------  --------  ----------  --------------  -------------------
/opt/airflow/dags/pipeline_dag.py                           1           0  0.27s           2026-05-05T14:27:27
================================================================================
[2026-05-05T14:27:47.959+0000] {manager.py:737} INFO - Searching for files in /opt/airflow/dags
[2026-05-05T14:27:47.977+0000] {manager.py:740} INFO - There are 1 files in /opt/airflow/dags
[2026-05-05T14:28:18.212+0000] {manager.py:878} INFO - 
================================================================================
DAG File Processing Stats

File Path                          PID    Runtime      # DAGs    # Errors  Last Runtime    Last Run
---------------------------------  -----  ---------  --------  ----------  --------------  -------------------
/opt/airflow/dags/pipeline_dag.py                           1           0  0.14s           2026-05-05T14:27:58
================================================================================
[2026-05-05T14:28:49.426+0000] {manager.py:878} INFO - 
================================================================================
DAG File Processing Stats

File Path                          PID    Runtime      # DAGs    # Errors  Last Runtime    Last Run
---------------------------------  -----  ---------  --------  ----------  --------------  -------------------
/opt/airflow/dags/pipeline_dag.py                           1           0  0.14s           2026-05-05T14:28:28
================================================================================
[2026-05-05T14:29:20.793+0000] {manager.py:878} INFO - 
================================================================================
DAG File Processing Stats

File Path                          PID    Runtime      # DAGs    # Errors  Last Runtime    Last Run
---------------------------------  -----  ---------  --------  ----------  --------------  -------------------
/opt/airflow/dags/pipeline_dag.py                           1           0  0.26s           2026-05-05T14:28:59
================================================================================
[2026-05-05T14:29:52.342+0000] {manager.py:878} INFO - 
================================================================================
DAG File Processing Stats

File Path                          PID    Runtime      # DAGs    # Errors  Last Runtime    Last Run
---------------------------------  -----  ---------  --------  ----------  --------------  -------------------
/opt/airflow/dags/pipeline_dag.py                           1           0  0.37s           2026-05-05T14:29:31
================================================================================
[2026-05-05T14:30:24.059+0000] {manager.py:878} INFO - 
================================================================================
DAG File Processing Stats

File Path                          PID    Runtime      # DAGs    # Errors  Last Runtime    Last Run
---------------------------------  -----  ---------  --------  ----------  --------------  -------------------
/opt/airflow/dags/pipeline_dag.py                           1           0  1.06s           2026-05-05T14:30:02
================================================================================
[2026-05-05T14:30:55.621+0000] {manager.py:878} INFO - 
================================================================================
DAG File Processing Stats

File Path                          PID    Runtime      # DAGs    # Errors  Last Runtime    Last Run
---------------------------------  -----  ---------  --------  ----------  --------------  -------------------
/opt/airflow/dags/pipeline_dag.py                           1           0  0.68s           2026-05-05T14:30:34
================================================================================
[2026-05-05T14:31:27.276+0000] {manager.py:878} INFO - 
================================================================================
DAG File Processing Stats

File Path                          PID    Runtime      # DAGs    # Errors  Last Runtime    Last Run
---------------------------------  -----  ---------  --------  ----------  --------------  -------------------
/opt/airflow/dags/pipeline_dag.py                           1           0  0.21s           2026-05-05T14:31:05
================================================================================
[2026-05-05T14:31:58.714+0000] {manager.py:878} INFO - 
================================================================================
DAG File Processing Stats

File Path                          PID    Runtime      # DAGs    # Errors  Last Runtime    Last Run
---------------------------------  -----  ---------  --------  ----------  --------------  -------------------
/opt/airflow/dags/pipeline_dag.py                           1           0  0.17s           2026-05-05T14:31:36
================================================================================
[2026-05-05T14:32:30.063+0000] {manager.py:878} INFO - 
================================================================================
DAG File Processing Stats

File Path                          PID    Runtime      # DAGs    # Errors  Last Runtime    Last Run
---------------------------------  -----  ---------  --------  ----------  --------------  -------------------
/opt/airflow/dags/pipeline_dag.py                           1           0  0.25s           2026-05-05T14:32:08
================================================================================
[2026-05-05T14:32:48.398+0000] {manager.py:737} INFO - Searching for files in /opt/airflow/dags
[2026-05-05T14:32:48.434+0000] {manager.py:740} INFO - There are 1 files in /opt/airflow/dags
[2026-05-05T14:33:01.523+0000] {manager.py:878} INFO - 
================================================================================
DAG File Processing Stats

File Path                          PID    Runtime      # DAGs    # Errors  Last Runtime    Last Run
---------------------------------  -----  ---------  --------  ----------  --------------  -------------------
/opt/airflow/dags/pipeline_dag.py                           1           0  0.22s           2026-05-05T14:32:38
================================================================================
[2026-05-05T14:33:32.848+0000] {manager.py:878} INFO - 
================================================================================
DAG File Processing Stats

File Path                          PID    Runtime      # DAGs    # Errors  Last Runtime    Last Run
---------------------------------  -----  ---------  --------  ----------  --------------  -------------------
/opt/airflow/dags/pipeline_dag.py                           1           0  0.16s           2026-05-05T14:33:09
================================================================================
[2026-05-05T14:34:04.164+0000] {manager.py:878} INFO - 
================================================================================
DAG File Processing Stats

File Path                          PID    Runtime      # DAGs    # Errors  Last Runtime    Last Run
---------------------------------  -----  ---------  --------  ----------  --------------  -------------------
/opt/airflow/dags/pipeline_dag.py                           1           0  0.26s           2026-05-05T14:33:41
================================================================================
[2026-05-05T14:34:35.812+0000] {manager.py:878} INFO - 
================================================================================
DAG File Processing Stats

File Path                          PID    Runtime      # DAGs    # Errors  Last Runtime    Last Run
---------------------------------  -----  ---------  --------  ----------  --------------  -------------------
/opt/airflow/dags/pipeline_dag.py                           1           0  0.33s           2026-05-05T14:34:11
================================================================================
[2026-05-05T14:35:07.330+0000] {manager.py:878} INFO - 
================================================================================
DAG File Processing Stats

File Path                          PID    Runtime      # DAGs    # Errors  Last Runtime    Last Run
---------------------------------  -----  ---------  --------  ----------  --------------  -------------------
/opt/airflow/dags/pipeline_dag.py                           1           0  0.27s           2026-05-05T14:34:43
================================================================================
[2026-05-05T14:35:38.610+0000] {manager.py:878} INFO - 
================================================================================
DAG File Processing Stats

File Path                          PID    Runtime      # DAGs    # Errors  Last Runtime    Last Run
---------------------------------  -----  ---------  --------  ----------  --------------  -------------------
/opt/airflow/dags/pipeline_dag.py                           1           0  0.27s           2026-05-05T14:35:14
================================================================================
[2026-05-05T14:36:10.096+0000] {manager.py:878} INFO - 
================================================================================
DAG File Processing Stats

File Path                          PID    Runtime      # DAGs    # Errors  Last Runtime    Last Run
---------------------------------  -----  ---------  --------  ----------  --------------  -------------------
/opt/airflow/dags/pipeline_dag.py                           1           0  0.23s           2026-05-05T14:35:44
================================================================================
[2026-05-05T14:36:41.335+0000] {manager.py:878} INFO - 
================================================================================
DAG File Processing Stats

File Path                          PID    Runtime      # DAGs    # Errors  Last Runtime    Last Run
---------------------------------  -----  ---------  --------  ----------  --------------  -------------------
/opt/airflow/dags/pipeline_dag.py                           1           0  0.25s           2026-05-05T14:36:16
================================================================================
[2026-05-05T14:37:12.750+0000] {manager.py:878} INFO - 
================================================================================
DAG File Processing Stats

File Path                          PID    Runtime      # DAGs    # Errors  Last Runtime    Last Run
---------------------------------  -----  ---------  --------  ----------  --------------  -------------------
/opt/airflow/dags/pipeline_dag.py                           1           0  0.32s           2026-05-05T14:36:47
================================================================================
[2026-05-05T14:37:44.049+0000] {manager.py:878} INFO - 
================================================================================
DAG File Processing Stats

File Path                          PID    Runtime      # DAGs    # Errors  Last Runtime    Last Run
---------------------------------  -----  ---------  --------  ----------  --------------  -------------------
/opt/airflow/dags/pipeline_dag.py                           1           0  0.22s           2026-05-05T14:37:18
================================================================================
[2026-05-05T14:37:49.137+0000] {manager.py:737} INFO - Searching for files in /opt/airflow/dags
[2026-05-05T14:37:49.167+0000] {manager.py:740} INFO - There are 1 files in /opt/airflow/dags
[2026-05-05T14:38:15.409+0000] {manager.py:878} INFO - 
================================================================================
DAG File Processing Stats

File Path                          PID    Runtime      # DAGs    # Errors  Last Runtime    Last Run
---------------------------------  -----  ---------  --------  ----------  --------------  -------------------
/opt/airflow/dags/pipeline_dag.py                           1           0  0.15s           2026-05-05T14:37:49
================================================================================
[2026-05-05T14:38:46.665+0000] {manager.py:878} INFO - 
================================================================================
DAG File Processing Stats

File Path                          PID    Runtime      # DAGs    # Errors  Last Runtime    Last Run
---------------------------------  -----  ---------  --------  ----------  --------------  -------------------
/opt/airflow/dags/pipeline_dag.py                           1           0  0.17s           2026-05-05T14:38:20
================================================================================
[2026-05-05T14:39:18.035+0000] {manager.py:878} INFO - 
================================================================================
DAG File Processing Stats

File Path                          PID    Runtime      # DAGs    # Errors  Last Runtime    Last Run
---------------------------------  -----  ---------  --------  ----------  --------------  -------------------
/opt/airflow/dags/pipeline_dag.py                           1           0  0.23s           2026-05-05T14:38:52
================================================================================
[2026-05-05T14:39:49.378+0000] {manager.py:878} INFO - 
================================================================================
DAG File Processing Stats

File Path                          PID    Runtime      # DAGs    # Errors  Last Runtime    Last Run
---------------------------------  -----  ---------  --------  ----------  --------------  -------------------
/opt/airflow/dags/pipeline_dag.py                           1           0  0.16s           2026-05-05T14:39:22
================================================================================
[2026-05-05T14:40:20.680+0000] {manager.py:878} INFO - 
================================================================================
DAG File Processing Stats

File Path                          PID    Runtime      # DAGs    # Errors  Last Runtime    Last Run
---------------------------------  -----  ---------  --------  ----------  --------------  -------------------
/opt/airflow/dags/pipeline_dag.py                           1           0  0.16s           2026-05-05T14:39:53
================================================================================
[2026-05-05T14:40:52.025+0000] {manager.py:878} INFO - 
================================================================================
DAG File Processing Stats

File Path                          PID    Runtime      # DAGs    # Errors  Last Runtime    Last Run
---------------------------------  -----  ---------  --------  ----------  --------------  -------------------
/opt/airflow/dags/pipeline_dag.py                           1           0  0.20s           2026-05-05T14:40:24
================================================================================
[2026-05-05T14:41:23.239+0000] {manager.py:878} INFO - 
================================================================================
DAG File Processing Stats

File Path                          PID    Runtime      # DAGs    # Errors  Last Runtime    Last Run
---------------------------------  -----  ---------  --------  ----------  --------------  -------------------
/opt/airflow/dags/pipeline_dag.py                           1           0  0.13s           2026-05-05T14:40:56
================================================================================
[2026-05-05T14:41:54.492+0000] {manager.py:878} INFO - 
================================================================================
DAG File Processing Stats

File Path                          PID    Runtime      # DAGs    # Errors  Last Runtime    Last Run
---------------------------------  -----  ---------  --------  ----------  --------------  -------------------
/opt/airflow/dags/pipeline_dag.py                           1           0  0.15s           2026-05-05T14:41:26
================================================================================
[2026-05-05T14:42:25.761+0000] {manager.py:878} INFO - 
================================================================================
DAG File Processing Stats

File Path                          PID    Runtime      # DAGs    # Errors  Last Runtime    Last Run
---------------------------------  -----  ---------  --------  ----------  --------------  -------------------
/opt/airflow/dags/pipeline_dag.py                           1           0  0.13s           2026-05-05T14:41:57
================================================================================
[2026-05-05T14:42:49.981+0000] {manager.py:737} INFO - Searching for files in /opt/airflow/dags
[2026-05-05T14:42:49.999+0000] {manager.py:740} INFO - There are 1 files in /opt/airflow/dags
[2026-05-05T14:42:57.041+0000] {manager.py:878} INFO - 
================================================================================
DAG File Processing Stats

File Path                          PID    Runtime      # DAGs    # Errors  Last Runtime    Last Run
---------------------------------  -----  ---------  --------  ----------  --------------  -------------------
/opt/airflow/dags/pipeline_dag.py                           1           0  0.13s           2026-05-05T14:42:28
================================================================================
[2026-05-05T14:43:28.307+0000] {manager.py:878} INFO - 
================================================================================
DAG File Processing Stats

File Path                          PID    Runtime      # DAGs    # Errors  Last Runtime    Last Run
---------------------------------  -----  ---------  --------  ----------  --------------  -------------------
/opt/airflow/dags/pipeline_dag.py                           1           0  0.14s           2026-05-05T14:43:00
================================================================================
[2026-05-05T14:43:59.613+0000] {manager.py:878} INFO - 
================================================================================
DAG File Processing Stats

File Path                          PID    Runtime      # DAGs    # Errors  Last Runtime    Last Run
---------------------------------  -----  ---------  --------  ----------  --------------  -------------------
/opt/airflow/dags/pipeline_dag.py                           1           0  0.14s           2026-05-05T14:43:31
================================================================================
[2026-05-05T14:44:30.928+0000] {manager.py:878} INFO - 
================================================================================
DAG File Processing Stats

File Path                          PID    Runtime      # DAGs    # Errors  Last Runtime    Last Run
---------------------------------  -----  ---------  --------  ----------  --------------  -------------------
/opt/airflow/dags/pipeline_dag.py                           1           0  0.17s           2026-05-05T14:44:01
================================================================================
[2026-05-05T14:45:02.398+0000] {manager.py:878} INFO - 
================================================================================
DAG File Processing Stats

File Path                          PID    Runtime      # DAGs    # Errors  Last Runtime    Last Run
---------------------------------  -----  ---------  --------  ----------  --------------  -------------------
/opt/airflow/dags/pipeline_dag.py                           1           0  0.23s           2026-05-05T14:44:33
================================================================================
[2026-05-05T14:45:34.147+0000] {manager.py:878} INFO - 
================================================================================
DAG File Processing Stats

File Path                          PID    Runtime      # DAGs    # Errors  Last Runtime    Last Run
---------------------------------  -----  ---------  --------  ----------  --------------  -------------------
/opt/airflow/dags/pipeline_dag.py                           1           0  0.90s           2026-05-05T14:45:04
================================================================================
[2026-05-05T14:46:06.426+0000] {manager.py:878} INFO - 
================================================================================
DAG File Processing Stats

File Path                            PID  Runtime      # DAGs    # Errors  Last Runtime    Last Run
---------------------------------  -----  ---------  --------  ----------  --------------  -------------------
/opt/airflow/dags/pipeline_dag.py   1302  0.01s             1           0  0.22s           2026-05-05T14:45:35
================================================================================
[2026-05-05T14:46:37.883+0000] {manager.py:878} INFO - 
================================================================================
DAG File Processing Stats

File Path                            PID  Runtime      # DAGs    # Errors  Last Runtime    Last Run
---------------------------------  -----  ---------  --------  ----------  --------------  -------------------
/opt/airflow/dags/pipeline_dag.py   1307  0.01s             1           0  0.20s           2026-05-05T14:46:06
================================================================================
[2026-05-05T14:47:09.242+0000] {manager.py:878} INFO - 
================================================================================
DAG File Processing Stats

File Path                          PID    Runtime      # DAGs    # Errors  Last Runtime    Last Run
---------------------------------  -----  ---------  --------  ----------  --------------  -------------------
/opt/airflow/dags/pipeline_dag.py                           1           0  0.26s           2026-05-05T14:47:08
================================================================================
[2026-05-05T14:47:40.676+0000] {manager.py:878} INFO - 
================================================================================
DAG File Processing Stats

File Path                          PID    Runtime      # DAGs    # Errors  Last Runtime    Last Run
---------------------------------  -----  ---------  --------  ----------  --------------  -------------------
/opt/airflow/dags/pipeline_dag.py                           1           0  0.26s           2026-05-05T14:47:39
================================================================================
[2026-05-05T14:47:50.756+0000] {manager.py:737} INFO - Searching for files in /opt/airflow/dags
[2026-05-05T14:47:50.796+0000] {manager.py:740} INFO - There are 1 files in /opt/airflow/dags
[2026-05-05T14:48:12.091+0000] {manager.py:878} INFO - 
================================================================================
DAG File Processing Stats

File Path                          PID    Runtime      # DAGs    # Errors  Last Runtime    Last Run
---------------------------------  -----  ---------  --------  ----------  --------------  -------------------
/opt/airflow/dags/pipeline_dag.py                           1           0  0.34s           2026-05-05T14:48:11
================================================================================
[2026-05-05T14:48:43.577+0000] {manager.py:878} INFO - 
================================================================================
DAG File Processing Stats

File Path                          PID    Runtime      # DAGs    # Errors  Last Runtime    Last Run
---------------------------------  -----  ---------  --------  ----------  --------------  -------------------
/opt/airflow/dags/pipeline_dag.py                           1           0  0.17s           2026-05-05T14:48:41
================================================================================
[2026-05-05T14:49:14.976+0000] {manager.py:878} INFO - 
================================================================================
DAG File Processing Stats

File Path                          PID    Runtime      # DAGs    # Errors  Last Runtime    Last Run
---------------------------------  -----  ---------  --------  ----------  --------------  -------------------
/opt/airflow/dags/pipeline_dag.py                           1           0  0.15s           2026-05-05T14:49:12
================================================================================
[2026-05-05T14:49:46.209+0000] {manager.py:878} INFO - 
================================================================================
DAG File Processing Stats

File Path                          PID    Runtime      # DAGs    # Errors  Last Runtime    Last Run
---------------------------------  -----  ---------  --------  ----------  --------------  -------------------
/opt/airflow/dags/pipeline_dag.py                           1           0  0.15s           2026-05-05T14:49:44
================================================================================
[2026-05-05T14:50:17.574+0000] {manager.py:878} INFO - 
================================================================================
DAG File Processing Stats

File Path                          PID    Runtime      # DAGs    # Errors  Last Runtime    Last Run
---------------------------------  -----  ---------  --------  ----------  --------------  -------------------
/opt/airflow/dags/pipeline_dag.py                           1           0  0.32s           2026-05-05T14:50:15
================================================================================
[2026-05-05T14:50:49.036+0000] {manager.py:878} INFO - 
================================================================================
DAG File Processing Stats

File Path                          PID    Runtime      # DAGs    # Errors  Last Runtime    Last Run
---------------------------------  -----  ---------  --------  ----------  --------------  -------------------
/opt/airflow/dags/pipeline_dag.py                           1           0  0.29s           2026-05-05T14:50:46
================================================================================
[2026-05-05T14:51:20.362+0000] {manager.py:878} INFO - 
================================================================================
DAG File Processing Stats

File Path                          PID    Runtime      # DAGs    # Errors  Last Runtime    Last Run
---------------------------------  -----  ---------  --------  ----------  --------------  -------------------
/opt/airflow/dags/pipeline_dag.py                           1           0  0.15s           2026-05-05T14:51:17
================================================================================
[2026-05-05T14:51:51.651+0000] {manager.py:878} INFO - 
================================================================================
DAG File Processing Stats

File Path                          PID    Runtime      # DAGs    # Errors  Last Runtime    Last Run
---------------------------------  -----  ---------  --------  ----------  --------------  -------------------
/opt/airflow/dags/pipeline_dag.py                           1           0  0.17s           2026-05-05T14:51:48
================================================================================
[2026-05-05T14:52:23.080+0000] {manager.py:878} INFO - 
================================================================================
DAG File Processing Stats

File Path                          PID    Runtime      # DAGs    # Errors  Last Runtime    Last Run
---------------------------------  -----  ---------  --------  ----------  --------------  -------------------
/opt/airflow/dags/pipeline_dag.py                           1           0  0.17s           2026-05-05T14:52:20
================================================================================
[2026-05-05T14:52:50.809+0000] {manager.py:737} INFO - Searching for files in /opt/airflow/dags
[2026-05-05T14:52:50.837+0000] {manager.py:740} INFO - There are 1 files in /opt/airflow/dags
[2026-05-05T14:52:53.703+0000] {manager.py:878} INFO - 
================================================================================
DAG File Processing Stats

File Path                          PID    Runtime      # DAGs    # Errors  Last Runtime    Last Run
---------------------------------  -----  ---------  --------  ----------  --------------  -------------------
/opt/airflow/dags/pipeline_dag.py                           1           0  0.18s           2026-05-05T14:52:50
================================================================================
[2026-05-05T14:53:25.681+0000] {manager.py:878} INFO - 
================================================================================
DAG File Processing Stats

File Path                          PID    Runtime      # DAGs    # Errors  Last Runtime    Last Run
---------------------------------  -----  ---------  --------  ----------  --------------  -------------------
/opt/airflow/dags/pipeline_dag.py                           1           0  0.15s           2026-05-05T14:53:21
================================================================================
[2026-05-05T14:53:57.048+0000] {manager.py:878} INFO - 
================================================================================
DAG File Processing Stats

File Path                          PID    Runtime      # DAGs    # Errors  Last Runtime    Last Run
---------------------------------  -----  ---------  --------  ----------  --------------  -------------------
/opt/airflow/dags/pipeline_dag.py                           1           0  0.21s           2026-05-05T14:53:53
================================================================================
[2026-05-05T14:54:28.491+0000] {manager.py:878} INFO - 
================================================================================
DAG File Processing Stats

File Path                          PID    Runtime      # DAGs    # Errors  Last Runtime    Last Run
---------------------------------  -----  ---------  --------  ----------  --------------  -------------------
/opt/airflow/dags/pipeline_dag.py                           1           0  0.16s           2026-05-05T14:54:23
================================================================================
[2026-05-05T14:54:59.740+0000] {manager.py:878} INFO - 
================================================================================
DAG File Processing Stats

File Path                          PID    Runtime      # DAGs    # Errors  Last Runtime    Last Run
---------------------------------  -----  ---------  --------  ----------  --------------  -------------------
/opt/airflow/dags/pipeline_dag.py                           1           0  0.14s           2026-05-05T14:54:54
================================================================================
[2026-05-05T14:55:31.069+0000] {manager.py:878} INFO - 
================================================================================
DAG File Processing Stats

File Path                          PID    Runtime      # DAGs    # Errors  Last Runtime    Last Run
---------------------------------  -----  ---------  --------  ----------  --------------  -------------------
/opt/airflow/dags/pipeline_dag.py                           1           0  0.15s           2026-05-05T14:55:26
================================================================================
[2026-05-05T14:56:02.337+0000] {manager.py:878} INFO - 
================================================================================
DAG File Processing Stats

File Path                          PID    Runtime      # DAGs    # Errors  Last Runtime    Last Run
---------------------------------  -----  ---------  --------  ----------  --------------  -------------------
/opt/airflow/dags/pipeline_dag.py                           1           0  0.14s           2026-05-05T14:55:57
================================================================================
[2026-05-05T14:56:33.688+0000] {manager.py:878} INFO - 
================================================================================
DAG File Processing Stats

File Path                          PID    Runtime      # DAGs    # Errors  Last Runtime    Last Run
---------------------------------  -----  ---------  --------  ----------  --------------  -------------------
/opt/airflow/dags/pipeline_dag.py                           1           0  0.14s           2026-05-05T14:56:28
================================================================================
[2026-05-05T14:57:04.952+0000] {manager.py:878} INFO - 
================================================================================
DAG File Processing Stats

File Path                          PID    Runtime      # DAGs    # Errors  Last Runtime    Last Run
---------------------------------  -----  ---------  --------  ----------  --------------  -------------------
/opt/airflow/dags/pipeline_dag.py                           1           0  0.15s           2026-05-05T14:56:59
================================================================================
[2026-05-05T14:57:36.357+0000] {manager.py:878} INFO - 
================================================================================
DAG File Processing Stats

File Path                          PID    Runtime      # DAGs    # Errors  Last Runtime    Last Run
---------------------------------  -----  ---------  --------  ----------  --------------  -------------------
/opt/airflow/dags/pipeline_dag.py                           1           0  0.15s           2026-05-05T14:57:30
================================================================================
[2026-05-05T14:57:51.441+0000] {manager.py:737} INFO - Searching for files in /opt/airflow/dags
[2026-05-05T14:57:51.466+0000] {manager.py:740} INFO - There are 1 files in /opt/airflow/dags
[2026-05-05T14:58:07.707+0000] {manager.py:878} INFO - 
================================================================================
DAG File Processing Stats

File Path                          PID    Runtime      # DAGs    # Errors  Last Runtime    Last Run
---------------------------------  -----  ---------  --------  ----------  --------------  -------------------
/opt/airflow/dags/pipeline_dag.py                           1           0  0.17s           2026-05-05T14:58:01
================================================================================
[2026-05-05T14:58:39.106+0000] {manager.py:878} INFO - 
================================================================================
DAG File Processing Stats

File Path                          PID    Runtime      # DAGs    # Errors  Last Runtime    Last Run
---------------------------------  -----  ---------  --------  ----------  --------------  -------------------
/opt/airflow/dags/pipeline_dag.py                           1           0  0.16s           2026-05-05T14:58:33
================================================================================
[2026-05-05T14:59:10.397+0000] {manager.py:878} INFO - 
================================================================================
DAG File Processing Stats

File Path                          PID    Runtime      # DAGs    # Errors  Last Runtime    Last Run
---------------------------------  -----  ---------  --------  ----------  --------------  -------------------
/opt/airflow/dags/pipeline_dag.py                           1           0  0.19s           2026-05-05T14:59:03
================================================================================
[2026-05-05T14:59:41.836+0000] {manager.py:878} INFO - 
================================================================================
DAG File Processing Stats

File Path                          PID    Runtime      # DAGs    # Errors  Last Runtime    Last Run
---------------------------------  -----  ---------  --------  ----------  --------------  -------------------
/opt/airflow/dags/pipeline_dag.py                           1           0  0.16s           2026-05-05T14:59:34
================================================================================
[2026-05-05T15:00:13.146+0000] {manager.py:878} INFO - 
================================================================================
DAG File Processing Stats

File Path                          PID    Runtime      # DAGs    # Errors  Last Runtime    Last Run
---------------------------------  -----  ---------  --------  ----------  --------------  -------------------
/opt/airflow/dags/pipeline_dag.py                           1           0  0.15s           2026-05-05T15:00:06
================================================================================
[2026-05-05T15:00:44.559+0000] {manager.py:878} INFO - 
================================================================================
DAG File Processing Stats

File Path                          PID    Runtime      # DAGs    # Errors  Last Runtime    Last Run
---------------------------------  -----  ---------  --------  ----------  --------------  -------------------
/opt/airflow/dags/pipeline_dag.py                           1           0  0.39s           2026-05-05T15:00:37
================================================================================
[2026-05-05T15:01:16.069+0000] {manager.py:878} INFO - 
================================================================================
DAG File Processing Stats

File Path                          PID    Runtime      # DAGs    # Errors  Last Runtime    Last Run
---------------------------------  -----  ---------  --------  ----------  --------------  -------------------
/opt/airflow/dags/pipeline_dag.py                           1           0  0.15s           2026-05-05T15:01:08
================================================================================
[2026-05-05T15:01:47.537+0000] {manager.py:878} INFO - 
================================================================================
DAG File Processing Stats

File Path                          PID    Runtime      # DAGs    # Errors  Last Runtime    Last Run
---------------------------------  -----  ---------  --------  ----------  --------------  -------------------
/opt/airflow/dags/pipeline_dag.py                           1           0  0.23s           2026-05-05T15:01:39
================================================================================
[2026-05-05T15:02:18.941+0000] {manager.py:878} INFO - 
================================================================================
DAG File Processing Stats

File Path                          PID    Runtime      # DAGs    # Errors  Last Runtime    Last Run
---------------------------------  -----  ---------  --------  ----------  --------------  -------------------
/opt/airflow/dags/pipeline_dag.py                           1           0  0.15s           2026-05-05T15:02:10
================================================================================
[2026-05-05T15:02:50.236+0000] {manager.py:878} INFO - 
================================================================================
DAG File Processing Stats

File Path                          PID    Runtime      # DAGs    # Errors  Last Runtime    Last Run
---------------------------------  -----  ---------  --------  ----------  --------------  -------------------
/opt/airflow/dags/pipeline_dag.py                           1           0  0.28s           2026-05-05T15:02:41
================================================================================
[2026-05-05T15:02:51.445+0000] {manager.py:737} INFO - Searching for files in /opt/airflow/dags
[2026-05-05T15:02:51.473+0000] {manager.py:740} INFO - There are 1 files in /opt/airflow/dags
[2026-05-05T15:03:20.883+0000] {manager.py:878} INFO - 
================================================================================
DAG File Processing Stats

File Path                          PID    Runtime      # DAGs    # Errors  Last Runtime    Last Run
---------------------------------  -----  ---------  --------  ----------  --------------  -------------------
/opt/airflow/dags/pipeline_dag.py                           1           0  0.17s           2026-05-05T15:03:12
================================================================================
[2026-05-05T15:03:52.916+0000] {manager.py:878} INFO - 
================================================================================
DAG File Processing Stats

File Path                          PID    Runtime      # DAGs    # Errors  Last Runtime    Last Run
---------------------------------  -----  ---------  --------  ----------  --------------  -------------------
/opt/airflow/dags/pipeline_dag.py                           1           0  0.17s           2026-05-05T15:03:42
================================================================================
[2026-05-05T15:04:24.347+0000] {manager.py:878} INFO - 
================================================================================
DAG File Processing Stats

File Path                          PID    Runtime      # DAGs    # Errors  Last Runtime    Last Run
---------------------------------  -----  ---------  --------  ----------  --------------  -------------------
/opt/airflow/dags/pipeline_dag.py                           1           0  0.83s           2026-05-05T15:04:13
================================================================================
[2026-05-05T15:04:55.600+0000] {manager.py:878} INFO - 
================================================================================
DAG File Processing Stats

File Path                          PID    Runtime      # DAGs    # Errors  Last Runtime    Last Run
---------------------------------  -----  ---------  --------  ----------  --------------  -------------------
/opt/airflow/dags/pipeline_dag.py                           1           0  0.76s           2026-05-05T15:04:45
================================================================================
[2026-05-05T15:05:26.965+0000] {manager.py:878} INFO - 
================================================================================
DAG File Processing Stats

File Path                          PID    Runtime      # DAGs    # Errors  Last Runtime    Last Run
---------------------------------  -----  ---------  --------  ----------  --------------  -------------------
/opt/airflow/dags/pipeline_dag.py                           1           0  0.15s           2026-05-05T15:05:17
================================================================================
[2026-05-05T15:05:58.290+0000] {manager.py:878} INFO - 
================================================================================
DAG File Processing Stats

File Path                          PID    Runtime      # DAGs    # Errors  Last Runtime    Last Run
---------------------------------  -----  ---------  --------  ----------  --------------  -------------------
/opt/airflow/dags/pipeline_dag.py                           1           0  0.15s           2026-05-05T15:05:48
================================================================================
[2026-05-05T15:06:30.391+0000] {manager.py:878} INFO - 
================================================================================
DAG File Processing Stats

File Path                          PID    Runtime      # DAGs    # Errors  Last Runtime    Last Run
---------------------------------  -----  ---------  --------  ----------  --------------  -------------------
/opt/airflow/dags/pipeline_dag.py                           1           0  2.42s           2026-05-05T15:06:23
================================================================================
[2026-05-05T15:07:01.696+0000] {manager.py:878} INFO - 
================================================================================
DAG File Processing Stats

File Path                          PID    Runtime      # DAGs    # Errors  Last Runtime    Last Run
---------------------------------  -----  ---------  --------  ----------  --------------  -------------------
/opt/airflow/dags/pipeline_dag.py                           1           0  0.31s           2026-05-05T15:06:53
================================================================================
[2026-05-05T15:07:32.983+0000] {manager.py:878} INFO - 
================================================================================
DAG File Processing Stats

File Path                          PID    Runtime      # DAGs    # Errors  Last Runtime    Last Run
---------------------------------  -----  ---------  --------  ----------  --------------  -------------------
/opt/airflow/dags/pipeline_dag.py                           1           0  0.77s           2026-05-05T15:07:24
================================================================================
[2026-05-05T15:07:54.674+0000] {manager.py:737} INFO - Searching for files in /opt/airflow/dags
[2026-05-05T15:07:55.341+0000] {manager.py:740} INFO - There are 1 files in /opt/airflow/dags
[2026-05-05T15:08:06.456+0000] {manager.py:878} INFO - 
================================================================================
DAG File Processing Stats

File Path                          PID    Runtime      # DAGs    # Errors  Last Runtime    Last Run
---------------------------------  -----  ---------  --------  ----------  --------------  -------------------
/opt/airflow/dags/pipeline_dag.py                           1           0  0.23s           2026-05-05T15:07:55
================================================================================
[2026-05-05T15:08:37.731+0000] {manager.py:878} INFO - 
================================================================================
DAG File Processing Stats

File Path                          PID    Runtime      # DAGs    # Errors  Last Runtime    Last Run
---------------------------------  -----  ---------  --------  ----------  --------------  -------------------
/opt/airflow/dags/pipeline_dag.py                           1           0  0.17s           2026-05-05T15:08:26
================================================================================
[2026-05-05T15:09:10.183+0000] {manager.py:878} INFO - 
================================================================================
DAG File Processing Stats

File Path                          PID    Runtime      # DAGs    # Errors  Last Runtime    Last Run
---------------------------------  -----  ---------  --------  ----------  --------------  -------------------
/opt/airflow/dags/pipeline_dag.py                           1           0  0.17s           2026-05-05T15:08:59
================================================================================
[2026-05-05T15:09:41.459+0000] {manager.py:878} INFO - 
================================================================================
DAG File Processing Stats

File Path                          PID    Runtime      # DAGs    # Errors  Last Runtime    Last Run
---------------------------------  -----  ---------  --------  ----------  --------------  -------------------
/opt/airflow/dags/pipeline_dag.py                           1           0  0.14s           2026-05-05T15:09:30
================================================================================
[2026-05-05T15:20:45.833+0000] {manager.py:737} INFO - Searching for files in /opt/airflow/dags
[2026-05-05T15:20:45.857+0000] {manager.py:740} INFO - There are 1 files in /opt/airflow/dags
[2026-05-05T15:21:00.044+0000] {manager.py:878} INFO - 
================================================================================
DAG File Processing Stats

File Path                          PID    Runtime      # DAGs    # Errors  Last Runtime    Last Run
---------------------------------  -----  ---------  --------  ----------  --------------  -------------------
/opt/airflow/dags/pipeline_dag.py                           1           0  0.18s           2026-05-05T15:20:46
================================================================================
[2026-05-05T15:21:30.984+0000] {manager.py:878} INFO - 
================================================================================
DAG File Processing Stats

File Path                          PID    Runtime      # DAGs    # Errors  Last Runtime    Last Run
---------------------------------  -----  ---------  --------  ----------  --------------  -------------------
/opt/airflow/dags/pipeline_dag.py                           1           0  0.14s           2026-05-05T15:21:16
================================================================================
[2026-05-05T15:22:02.349+0000] {manager.py:878} INFO - 
================================================================================
DAG File Processing Stats

File Path                          PID    Runtime      # DAGs    # Errors  Last Runtime    Last Run
---------------------------------  -----  ---------  --------  ----------  --------------  -------------------
/opt/airflow/dags/pipeline_dag.py                           1           0  0.75s           2026-05-05T15:21:47
================================================================================
[2026-05-05T15:22:33.685+0000] {manager.py:878} INFO - 
================================================================================
DAG File Processing Stats

File Path                          PID    Runtime      # DAGs    # Errors  Last Runtime    Last Run
---------------------------------  -----  ---------  --------  ----------  --------------  -------------------
/opt/airflow/dags/pipeline_dag.py                           1           0  0.15s           2026-05-05T15:22:17
================================================================================
[2026-05-05T15:23:05.107+0000] {manager.py:878} INFO - 
================================================================================
DAG File Processing Stats

File Path                          PID    Runtime      # DAGs    # Errors  Last Runtime    Last Run
---------------------------------  -----  ---------  --------  ----------  --------------  -------------------
/opt/airflow/dags/pipeline_dag.py                           1           0  0.18s           2026-05-05T15:22:48
================================================================================
[2026-05-05T15:23:36.449+0000] {manager.py:878} INFO - 
================================================================================
DAG File Processing Stats

File Path                          PID    Runtime      # DAGs    # Errors  Last Runtime    Last Run
---------------------------------  -----  ---------  --------  ----------  --------------  -------------------
/opt/airflow/dags/pipeline_dag.py                           1           0  0.16s           2026-05-05T15:23:18
================================================================================
[2026-05-05T15:24:07.838+0000] {manager.py:878} INFO - 
================================================================================
DAG File Processing Stats

File Path                          PID    Runtime      # DAGs    # Errors  Last Runtime    Last Run
---------------------------------  -----  ---------  --------  ----------  --------------  -------------------
/opt/airflow/dags/pipeline_dag.py                           1           0  0.17s           2026-05-05T15:23:48
================================================================================
[2026-05-05T15:24:39.286+0000] {manager.py:878} INFO - 
================================================================================
DAG File Processing Stats

File Path                          PID    Runtime      # DAGs    # Errors  Last Runtime    Last Run
---------------------------------  -----  ---------  --------  ----------  --------------  -------------------
/opt/airflow/dags/pipeline_dag.py                           1           0  0.18s           2026-05-05T15:24:19
================================================================================
[2026-05-05T15:25:10.624+0000] {manager.py:878} INFO - 
================================================================================
DAG File Processing Stats

File Path                          PID    Runtime      # DAGs    # Errors  Last Runtime    Last Run
---------------------------------  -----  ---------  --------  ----------  --------------  -------------------
/opt/airflow/dags/pipeline_dag.py                           1           0  0.23s           2026-05-05T15:24:49
================================================================================
[2026-05-05T15:25:41.924+0000] {manager.py:878} INFO - 
================================================================================
DAG File Processing Stats

File Path                          PID    Runtime      # DAGs    # Errors  Last Runtime    Last Run
---------------------------------  -----  ---------  --------  ----------  --------------  -------------------
/opt/airflow/dags/pipeline_dag.py                           1           0  0.20s           2026-05-05T15:25:19
================================================================================
[2026-05-05T15:25:45.959+0000] {manager.py:737} INFO - Searching for files in /opt/airflow/dags
[2026-05-05T15:25:46.007+0000] {manager.py:740} INFO - There are 1 files in /opt/airflow/dags
[2026-05-05T15:26:13.476+0000] {manager.py:878} INFO - 
================================================================================
DAG File Processing Stats

File Path                          PID    Runtime      # DAGs    # Errors  Last Runtime    Last Run
---------------------------------  -----  ---------  --------  ----------  --------------  -------------------
/opt/airflow/dags/pipeline_dag.py                           1           0  0.35s           2026-05-05T15:25:50
================================================================================
[2026-05-05T15:26:44.793+0000] {manager.py:878} INFO - 
================================================================================
DAG File Processing Stats

File Path                          PID    Runtime      # DAGs    # Errors  Last Runtime    Last Run
---------------------------------  -----  ---------  --------  ----------  --------------  -------------------
/opt/airflow/dags/pipeline_dag.py                           1           0  0.16s           2026-05-05T15:26:20
================================================================================
[2026-05-05T15:27:16.257+0000] {manager.py:878} INFO - 
================================================================================
DAG File Processing Stats

File Path                          PID    Runtime      # DAGs    # Errors  Last Runtime    Last Run
---------------------------------  -----  ---------  --------  ----------  --------------  -------------------
/opt/airflow/dags/pipeline_dag.py                           1           0  0.18s           2026-05-05T15:26:51
================================================================================
[2026-05-05T15:27:47.636+0000] {manager.py:878} INFO - 
================================================================================
DAG File Processing Stats

File Path                          PID    Runtime      # DAGs    # Errors  Last Runtime    Last Run
---------------------------------  -----  ---------  --------  ----------  --------------  -------------------
/opt/airflow/dags/pipeline_dag.py                           1           0  0.76s           2026-05-05T15:27:22
================================================================================
[2026-05-05T15:28:18.825+0000] {manager.py:878} INFO - 
================================================================================
DAG File Processing Stats

File Path                          PID    Runtime      # DAGs    # Errors  Last Runtime    Last Run
---------------------------------  -----  ---------  --------  ----------  --------------  -------------------
/opt/airflow/dags/pipeline_dag.py                           1           0  0.25s           2026-05-05T15:27:52
================================================================================
[2026-05-05T15:28:50.334+0000] {manager.py:878} INFO - 
================================================================================
DAG File Processing Stats

File Path                          PID    Runtime      # DAGs    # Errors  Last Runtime    Last Run
---------------------------------  -----  ---------  --------  ----------  --------------  -------------------
/opt/airflow/dags/pipeline_dag.py                           1           0  0.65s           2026-05-05T15:28:23
================================================================================
[2026-05-05T15:29:21.687+0000] {manager.py:878} INFO - 
================================================================================
DAG File Processing Stats

File Path                          PID    Runtime      # DAGs    # Errors  Last Runtime    Last Run
---------------------------------  -----  ---------  --------  ----------  --------------  -------------------
/opt/airflow/dags/pipeline_dag.py                           1           0  0.71s           2026-05-05T15:28:54
================================================================================
[2026-05-05T15:29:53.174+0000] {manager.py:878} INFO - 
================================================================================
DAG File Processing Stats

File Path                          PID    Runtime      # DAGs    # Errors  Last Runtime    Last Run
---------------------------------  -----  ---------  --------  ----------  --------------  -------------------
/opt/airflow/dags/pipeline_dag.py                           1           0  0.19s           2026-05-05T15:29:24
================================================================================
[2026-05-05T15:30:24.439+0000] {manager.py:878} INFO - 
================================================================================
DAG File Processing Stats

File Path                          PID    Runtime      # DAGs    # Errors  Last Runtime    Last Run
---------------------------------  -----  ---------  --------  ----------  --------------  -------------------
/opt/airflow/dags/pipeline_dag.py                           1           0  0.19s           2026-05-05T15:29:55
================================================================================
[2026-05-05T15:30:46.817+0000] {manager.py:737} INFO - Searching for files in /opt/airflow/dags
[2026-05-05T15:30:46.867+0000] {manager.py:740} INFO - There are 1 files in /opt/airflow/dags
[2026-05-05T15:30:56.016+0000] {manager.py:878} INFO - 
================================================================================
DAG File Processing Stats

File Path                            PID  Runtime      # DAGs    # Errors  Last Runtime    Last Run
---------------------------------  -----  ---------  --------  ----------  --------------  -------------------
/opt/airflow/dags/pipeline_dag.py   1632  0.03s             1           0  0.17s           2026-05-05T15:30:25
================================================================================
[2026-05-05T15:31:27.642+0000] {manager.py:878} INFO - 
================================================================================
DAG File Processing Stats

File Path                          PID    Runtime      # DAGs    # Errors  Last Runtime    Last Run
---------------------------------  -----  ---------  --------  ----------  --------------  -------------------
/opt/airflow/dags/pipeline_dag.py                           1           0  0.19s           2026-05-05T15:31:26
================================================================================
[2026-05-05T15:31:59.093+0000] {manager.py:878} INFO - 
================================================================================
DAG File Processing Stats

File Path                          PID    Runtime      # DAGs    # Errors  Last Runtime    Last Run
---------------------------------  -----  ---------  --------  ----------  --------------  -------------------
/opt/airflow/dags/pipeline_dag.py                           1           0  0.29s           2026-05-05T15:31:57
================================================================================
[2026-05-05T15:32:30.551+0000] {manager.py:878} INFO - 
================================================================================
DAG File Processing Stats

File Path                          PID    Runtime      # DAGs    # Errors  Last Runtime    Last Run
---------------------------------  -----  ---------  --------  ----------  --------------  -------------------
/opt/airflow/dags/pipeline_dag.py                           1           0  0.18s           2026-05-05T15:32:27
================================================================================
[2026-05-05T15:33:01.960+0000] {manager.py:878} INFO - 
================================================================================
DAG File Processing Stats

File Path                          PID    Runtime      # DAGs    # Errors  Last Runtime    Last Run
---------------------------------  -----  ---------  --------  ----------  --------------  -------------------
/opt/airflow/dags/pipeline_dag.py                           1           0  0.19s           2026-05-05T15:32:58
================================================================================
[2026-05-05T15:33:33.443+0000] {manager.py:878} INFO - 
================================================================================
DAG File Processing Stats

File Path                          PID    Runtime      # DAGs    # Errors  Last Runtime    Last Run
---------------------------------  -----  ---------  --------  ----------  --------------  -------------------
/opt/airflow/dags/pipeline_dag.py                           1           0  0.27s           2026-05-05T15:33:28
================================================================================
[2026-05-05T15:34:04.696+0000] {manager.py:878} INFO - 
================================================================================
DAG File Processing Stats

File Path                          PID    Runtime      # DAGs    # Errors  Last Runtime    Last Run
---------------------------------  -----  ---------  --------  ----------  --------------  -------------------
/opt/airflow/dags/pipeline_dag.py                           1           0  0.16s           2026-05-05T15:33:58
================================================================================
[2026-05-05T15:34:36.770+0000] {manager.py:878} INFO - 
================================================================================
DAG File Processing Stats

File Path                          PID    Runtime      # DAGs    # Errors  Last Runtime    Last Run
---------------------------------  -----  ---------  --------  ----------  --------------  -------------------
/opt/airflow/dags/pipeline_dag.py                           1           0  0.45s           2026-05-05T15:34:29
================================================================================
[2026-05-05T15:35:07.534+0000] {manager.py:878} INFO - 
================================================================================
DAG File Processing Stats

File Path                          PID    Runtime      # DAGs    # Errors  Last Runtime    Last Run
---------------------------------  -----  ---------  --------  ----------  --------------  -------------------
/opt/airflow/dags/pipeline_dag.py                           1           0  0.17s           2026-05-05T15:35:00
================================================================================
[2026-05-05T15:35:39.031+0000] {manager.py:878} INFO - 
================================================================================
DAG File Processing Stats

File Path                          PID    Runtime      # DAGs    # Errors  Last Runtime    Last Run
---------------------------------  -----  ---------  --------  ----------  --------------  -------------------
/opt/airflow/dags/pipeline_dag.py                           1           0  0.22s           2026-05-05T15:35:31
================================================================================
[2026-05-05T15:35:47.081+0000] {manager.py:737} INFO - Searching for files in /opt/airflow/dags
[2026-05-05T15:35:47.107+0000] {manager.py:740} INFO - There are 1 files in /opt/airflow/dags
[2026-05-05T15:36:10.393+0000] {manager.py:878} INFO - 
================================================================================
DAG File Processing Stats

File Path                          PID    Runtime      # DAGs    # Errors  Last Runtime    Last Run
---------------------------------  -----  ---------  --------  ----------  --------------  -------------------
/opt/airflow/dags/pipeline_dag.py                           1           0  0.16s           2026-05-05T15:36:01
================================================================================
[2026-05-05T15:36:41.889+0000] {manager.py:878} INFO - 
================================================================================
DAG File Processing Stats

File Path                          PID    Runtime      # DAGs    # Errors  Last Runtime    Last Run
---------------------------------  -----  ---------  --------  ----------  --------------  -------------------
/opt/airflow/dags/pipeline_dag.py                           1           0  0.17s           2026-05-05T15:36:31
================================================================================
[2026-05-05T15:37:13.216+0000] {manager.py:878} INFO - 
================================================================================
DAG File Processing Stats

File Path                          PID    Runtime      # DAGs    # Errors  Last Runtime    Last Run
---------------------------------  -----  ---------  --------  ----------  --------------  -------------------
/opt/airflow/dags/pipeline_dag.py                           1           0  0.18s           2026-05-05T15:37:02
================================================================================
[2026-05-05T15:37:44.665+0000] {manager.py:878} INFO - 
================================================================================
DAG File Processing Stats

File Path                          PID    Runtime      # DAGs    # Errors  Last Runtime    Last Run
---------------------------------  -----  ---------  --------  ----------  --------------  -------------------
/opt/airflow/dags/pipeline_dag.py                           1           0  0.18s           2026-05-05T15:37:32
================================================================================
[2026-05-05T15:38:15.974+0000] {manager.py:878} INFO - 
================================================================================
DAG File Processing Stats

File Path                          PID    Runtime      # DAGs    # Errors  Last Runtime    Last Run
---------------------------------  -----  ---------  --------  ----------  --------------  -------------------
/opt/airflow/dags/pipeline_dag.py                           1           0  0.16s           2026-05-05T15:38:03
================================================================================
[2026-05-05T15:38:47.423+0000] {manager.py:878} INFO - 
================================================================================
DAG File Processing Stats

File Path                          PID    Runtime      # DAGs    # Errors  Last Runtime    Last Run
---------------------------------  -----  ---------  --------  ----------  --------------  -------------------
/opt/airflow/dags/pipeline_dag.py                           1           0  0.29s           2026-05-05T15:38:33
================================================================================
[2026-05-05T15:39:18.799+0000] {manager.py:878} INFO - 
================================================================================
DAG File Processing Stats

File Path                          PID    Runtime      # DAGs    # Errors  Last Runtime    Last Run
---------------------------------  -----  ---------  --------  ----------  --------------  -------------------
/opt/airflow/dags/pipeline_dag.py                           1           0  0.17s           2026-05-05T15:39:03
================================================================================
[2026-05-05T15:39:50.183+0000] {manager.py:878} INFO - 
================================================================================
DAG File Processing Stats

File Path                          PID    Runtime      # DAGs    # Errors  Last Runtime    Last Run
---------------------------------  -----  ---------  --------  ----------  --------------  -------------------
/opt/airflow/dags/pipeline_dag.py                           1           0  0.18s           2026-05-05T15:39:34
================================================================================
[2026-05-05T15:40:21.568+0000] {manager.py:878} INFO - 
================================================================================
DAG File Processing Stats

File Path                          PID    Runtime      # DAGs    # Errors  Last Runtime    Last Run
---------------------------------  -----  ---------  --------  ----------  --------------  -------------------
/opt/airflow/dags/pipeline_dag.py                           1           0  0.21s           2026-05-05T15:40:04
================================================================================
[2026-05-05T15:40:47.893+0000] {manager.py:737} INFO - Searching for files in /opt/airflow/dags
[2026-05-05T15:40:47.915+0000] {manager.py:740} INFO - There are 1 files in /opt/airflow/dags
[2026-05-05T15:40:52.953+0000] {manager.py:878} INFO - 
================================================================================
DAG File Processing Stats

File Path                          PID    Runtime      # DAGs    # Errors  Last Runtime    Last Run
---------------------------------  -----  ---------  --------  ----------  --------------  -------------------
/opt/airflow/dags/pipeline_dag.py                           1           0  0.14s           2026-05-05T15:40:34
================================================================================
[2026-05-05T15:41:24.221+0000] {manager.py:878} INFO - 
================================================================================
DAG File Processing Stats

File Path                          PID    Runtime      # DAGs    # Errors  Last Runtime    Last Run
---------------------------------  -----  ---------  --------  ----------  --------------  -------------------
/opt/airflow/dags/pipeline_dag.py                           1           0  0.15s           2026-05-05T15:41:05
================================================================================
[2026-05-05T15:41:55.612+0000] {manager.py:878} INFO - 
================================================================================
DAG File Processing Stats

File Path                          PID    Runtime      # DAGs    # Errors  Last Runtime    Last Run
---------------------------------  -----  ---------  --------  ----------  --------------  -------------------
/opt/airflow/dags/pipeline_dag.py                           1           0  0.14s           2026-05-05T15:41:35
================================================================================
[2026-05-05T15:42:26.902+0000] {manager.py:878} INFO - 
================================================================================
DAG File Processing Stats

File Path                          PID    Runtime      # DAGs    # Errors  Last Runtime    Last Run
---------------------------------  -----  ---------  --------  ----------  --------------  -------------------
/opt/airflow/dags/pipeline_dag.py                           1           0  0.14s           2026-05-05T15:42:05
================================================================================
[2026-05-05T15:42:58.333+0000] {manager.py:878} INFO - 
================================================================================
DAG File Processing Stats

File Path                          PID    Runtime      # DAGs    # Errors  Last Runtime    Last Run
---------------------------------  -----  ---------  --------  ----------  --------------  -------------------
/opt/airflow/dags/pipeline_dag.py                           1           0  0.14s           2026-05-05T15:42:36
================================================================================
[2026-05-05T15:43:29.661+0000] {manager.py:878} INFO - 
================================================================================
DAG File Processing Stats

File Path                          PID    Runtime      # DAGs    # Errors  Last Runtime    Last Run
---------------------------------  -----  ---------  --------  ----------  --------------  -------------------
/opt/airflow/dags/pipeline_dag.py                           1           0  0.20s           2026-05-05T15:43:06
================================================================================
[2026-05-05T15:44:00.934+0000] {manager.py:878} INFO - 
================================================================================
DAG File Processing Stats

File Path                          PID    Runtime      # DAGs    # Errors  Last Runtime    Last Run
---------------------------------  -----  ---------  --------  ----------  --------------  -------------------
/opt/airflow/dags/pipeline_dag.py                           1           0  0.18s           2026-05-05T15:43:36
================================================================================
[2026-05-05T15:44:32.302+0000] {manager.py:878} INFO - 
================================================================================
DAG File Processing Stats

File Path                          PID    Runtime      # DAGs    # Errors  Last Runtime    Last Run
---------------------------------  -----  ---------  --------  ----------  --------------  -------------------
/opt/airflow/dags/pipeline_dag.py                           1           0  0.15s           2026-05-05T15:44:08
================================================================================
[2026-05-05T15:45:03.762+0000] {manager.py:878} INFO - 
================================================================================
DAG File Processing Stats

File Path                          PID    Runtime      # DAGs    # Errors  Last Runtime    Last Run
---------------------------------  -----  ---------  --------  ----------  --------------  -------------------
/opt/airflow/dags/pipeline_dag.py                           1           0  0.21s           2026-05-05T15:44:39
================================================================================
[2026-05-05T15:45:35.047+0000] {manager.py:878} INFO - 
================================================================================
DAG File Processing Stats

File Path                          PID    Runtime      # DAGs    # Errors  Last Runtime    Last Run
---------------------------------  -----  ---------  --------  ----------  --------------  -------------------
/opt/airflow/dags/pipeline_dag.py                           1           0  0.15s           2026-05-05T15:45:11
================================================================================
[2026-05-05T15:45:48.394+0000] {manager.py:737} INFO - Searching for files in /opt/airflow/dags
[2026-05-05T15:45:48.424+0000] {manager.py:740} INFO - There are 1 files in /opt/airflow/dags
[2026-05-05T15:46:06.539+0000] {manager.py:878} INFO - 
================================================================================
DAG File Processing Stats

File Path                          PID    Runtime      # DAGs    # Errors  Last Runtime    Last Run
---------------------------------  -----  ---------  --------  ----------  --------------  -------------------
/opt/airflow/dags/pipeline_dag.py                           1           0  0.14s           2026-05-05T15:45:41
================================================================================
[2026-05-05T15:46:37.879+0000] {manager.py:878} INFO - 
================================================================================
DAG File Processing Stats

File Path                          PID    Runtime      # DAGs    # Errors  Last Runtime    Last Run
---------------------------------  -----  ---------  --------  ----------  --------------  -------------------
/opt/airflow/dags/pipeline_dag.py                           1           0  0.14s           2026-05-05T15:46:12
================================================================================
[2026-05-05T15:47:09.235+0000] {manager.py:878} INFO - 
================================================================================
DAG File Processing Stats

File Path                          PID    Runtime      # DAGs    # Errors  Last Runtime    Last Run
---------------------------------  -----  ---------  --------  ----------  --------------  -------------------
/opt/airflow/dags/pipeline_dag.py                           1           0  0.18s           2026-05-05T15:46:44
================================================================================
[2026-05-05T15:47:41.192+0000] {manager.py:878} INFO - 
================================================================================
DAG File Processing Stats

File Path                          PID    Runtime      # DAGs    # Errors  Last Runtime    Last Run
---------------------------------  -----  ---------  --------  ----------  --------------  -------------------
/opt/airflow/dags/pipeline_dag.py                           1           0  0.14s           2026-05-05T15:47:14
================================================================================
[2026-05-05T15:48:12.043+0000] {manager.py:878} INFO - 
================================================================================
DAG File Processing Stats

File Path                          PID    Runtime      # DAGs    # Errors  Last Runtime    Last Run
---------------------------------  -----  ---------  --------  ----------  --------------  -------------------
/opt/airflow/dags/pipeline_dag.py                           1           0  1.09s           2026-05-05T15:47:46
================================================================================
[2026-05-05T15:48:44.111+0000] {manager.py:878} INFO - 
================================================================================
DAG File Processing Stats

File Path                          PID    Runtime      # DAGs    # Errors  Last Runtime    Last Run
---------------------------------  -----  ---------  --------  ----------  --------------  -------------------
/opt/airflow/dags/pipeline_dag.py                           1           0  3.18s           2026-05-05T15:48:19
================================================================================
[2026-05-05T15:49:15.500+0000] {manager.py:878} INFO - 
================================================================================
DAG File Processing Stats

File Path                          PID    Runtime      # DAGs    # Errors  Last Runtime    Last Run
---------------------------------  -----  ---------  --------  ----------  --------------  -------------------
/opt/airflow/dags/pipeline_dag.py                           1           0  0.30s           2026-05-05T15:48:50
================================================================================
[2026-05-05T15:49:47.087+0000] {manager.py:878} INFO - 
================================================================================
DAG File Processing Stats

File Path                          PID    Runtime      # DAGs    # Errors  Last Runtime    Last Run
---------------------------------  -----  ---------  --------  ----------  --------------  -------------------
/opt/airflow/dags/pipeline_dag.py                           1           0  0.15s           2026-05-05T15:49:21
================================================================================
[2026-05-05T15:50:18.380+0000] {manager.py:878} INFO - 
================================================================================
DAG File Processing Stats

File Path                          PID    Runtime      # DAGs    # Errors  Last Runtime    Last Run
---------------------------------  -----  ---------  --------  ----------  --------------  -------------------
/opt/airflow/dags/pipeline_dag.py                           1           0  0.16s           2026-05-05T15:49:52
================================================================================
[2026-05-05T15:50:48.483+0000] {manager.py:737} INFO - Searching for files in /opt/airflow/dags
[2026-05-05T15:50:48.508+0000] {manager.py:740} INFO - There are 1 files in /opt/airflow/dags
[2026-05-05T15:50:49.531+0000] {manager.py:878} INFO - 
================================================================================
DAG File Processing Stats

File Path                          PID    Runtime      # DAGs    # Errors  Last Runtime    Last Run
---------------------------------  -----  ---------  --------  ----------  --------------  -------------------
/opt/airflow/dags/pipeline_dag.py                           1           0  0.14s           2026-05-05T15:50:23
================================================================================
[2026-05-05T15:51:21.060+0000] {manager.py:878} INFO - 
================================================================================
DAG File Processing Stats

File Path                          PID    Runtime      # DAGs    # Errors  Last Runtime    Last Run
---------------------------------  -----  ---------  --------  ----------  --------------  -------------------
/opt/airflow/dags/pipeline_dag.py                           1           0  0.17s           2026-05-05T15:50:54
================================================================================
[2026-05-05T15:51:52.367+0000] {manager.py:878} INFO - 
================================================================================
DAG File Processing Stats

File Path                          PID    Runtime      # DAGs    # Errors  Last Runtime    Last Run
---------------------------------  -----  ---------  --------  ----------  --------------  -------------------
/opt/airflow/dags/pipeline_dag.py                           1           0  0.14s           2026-05-05T15:51:25
================================================================================
[2026-05-05T15:52:23.152+0000] {manager.py:878} INFO - 
================================================================================
DAG File Processing Stats

File Path                          PID    Runtime      # DAGs    # Errors  Last Runtime    Last Run
---------------------------------  -----  ---------  --------  ----------  --------------  -------------------
/opt/airflow/dags/pipeline_dag.py                           1           0  0.14s           2026-05-05T15:51:56
================================================================================
[2026-05-05T16:08:26.939+0000] {manager.py:737} INFO - Searching for files in /opt/airflow/dags
[2026-05-05T16:08:28.922+0000] {manager.py:740} INFO - There are 1 files in /opt/airflow/dags
[2026-05-05T16:08:55.545+0000] {manager.py:878} INFO - 
================================================================================
DAG File Processing Stats

File Path                          PID    Runtime      # DAGs    # Errors  Last Runtime    Last Run
---------------------------------  -----  ---------  --------  ----------  --------------  -------------------
/opt/airflow/dags/pipeline_dag.py                           1           0  1.21s           2026-05-05T16:08:30
================================================================================
[2026-05-05T16:09:26.993+0000] {manager.py:878} INFO - 
================================================================================
DAG File Processing Stats

File Path                          PID    Runtime      # DAGs    # Errors  Last Runtime    Last Run
---------------------------------  -----  ---------  --------  ----------  --------------  -------------------
/opt/airflow/dags/pipeline_dag.py                           1           0  2.46s           2026-05-05T16:09:03
================================================================================
[2026-05-05T16:09:58.405+0000] {manager.py:878} INFO - 
================================================================================
DAG File Processing Stats

File Path                          PID    Runtime      # DAGs    # Errors  Last Runtime    Last Run
---------------------------------  -----  ---------  --------  ----------  --------------  -------------------
/opt/airflow/dags/pipeline_dag.py                           1           0  0.16s           2026-05-05T16:09:33
================================================================================
[2026-05-05T16:10:29.995+0000] {manager.py:878} INFO - 
================================================================================
DAG File Processing Stats

File Path                          PID    Runtime      # DAGs    # Errors  Last Runtime    Last Run
---------------------------------  -----  ---------  --------  ----------  --------------  -------------------
/opt/airflow/dags/pipeline_dag.py                           1           0  0.31s           2026-05-05T16:10:03
================================================================================
[2026-05-05T16:11:01.216+0000] {manager.py:878} INFO - 
================================================================================
DAG File Processing Stats

File Path                          PID    Runtime      # DAGs    # Errors  Last Runtime    Last Run
---------------------------------  -----  ---------  --------  ----------  --------------  -------------------
/opt/airflow/dags/pipeline_dag.py                           1           0  0.23s           2026-05-05T16:10:34
================================================================================
[2026-05-05T16:11:32.791+0000] {manager.py:878} INFO - 
================================================================================
DAG File Processing Stats

File Path                          PID    Runtime      # DAGs    # Errors  Last Runtime    Last Run
---------------------------------  -----  ---------  --------  ----------  --------------  -------------------
/opt/airflow/dags/pipeline_dag.py                           1           0  0.24s           2026-05-05T16:11:04
================================================================================
[2026-05-05T16:12:04.132+0000] {manager.py:878} INFO - 
================================================================================
DAG File Processing Stats

File Path                          PID    Runtime      # DAGs    # Errors  Last Runtime    Last Run
---------------------------------  -----  ---------  --------  ----------  --------------  -------------------
/opt/airflow/dags/pipeline_dag.py                           1           0  0.30s           2026-05-05T16:11:35
================================================================================
[2026-05-05T16:12:35.299+0000] {manager.py:878} INFO - 
================================================================================
DAG File Processing Stats

File Path                          PID    Runtime      # DAGs    # Errors  Last Runtime    Last Run
---------------------------------  -----  ---------  --------  ----------  --------------  -------------------
/opt/airflow/dags/pipeline_dag.py                           1           0  0.19s           2026-05-05T16:12:05
================================================================================
[2026-05-05T16:13:06.743+0000] {manager.py:878} INFO - 
================================================================================
DAG File Processing Stats

File Path                            PID  Runtime      # DAGs    # Errors  Last Runtime    Last Run
---------------------------------  -----  ---------  --------  ----------  --------------  -------------------
/opt/airflow/dags/pipeline_dag.py   1887  0.01s             1           0  0.29s           2026-05-05T16:12:36
================================================================================
[2026-05-05T16:13:27.029+0000] {manager.py:737} INFO - Searching for files in /opt/airflow/dags
[2026-05-05T16:13:27.057+0000] {manager.py:740} INFO - There are 1 files in /opt/airflow/dags
[2026-05-05T16:13:37.471+0000] {manager.py:878} INFO - 
================================================================================
DAG File Processing Stats

File Path                            PID  Runtime      # DAGs    # Errors  Last Runtime    Last Run
---------------------------------  -----  ---------  --------  ----------  --------------  -------------------
/opt/airflow/dags/pipeline_dag.py   1892  0.01s             1           0  0.19s           2026-05-05T16:13:06
================================================================================
[2026-05-05T16:14:08.680+0000] {manager.py:878} INFO - 
================================================================================
DAG File Processing Stats

File Path                            PID  Runtime      # DAGs    # Errors  Last Runtime    Last Run
---------------------------------  -----  ---------  --------  ----------  --------------  -------------------
/opt/airflow/dags/pipeline_dag.py   1897  0.01s             1           0  0.25s           2026-05-05T16:13:37
================================================================================
[2026-05-05T16:14:40.147+0000] {manager.py:878} INFO - 
================================================================================
DAG File Processing Stats

File Path                          PID    Runtime      # DAGs    # Errors  Last Runtime    Last Run
---------------------------------  -----  ---------  --------  ----------  --------------  -------------------
/opt/airflow/dags/pipeline_dag.py                           1           0  0.25s           2026-05-05T16:14:39
================================================================================
[2026-05-05T16:15:11.472+0000] {manager.py:878} INFO - 
================================================================================
DAG File Processing Stats

File Path                          PID    Runtime      # DAGs    # Errors  Last Runtime    Last Run
---------------------------------  -----  ---------  --------  ----------  --------------  -------------------
/opt/airflow/dags/pipeline_dag.py                           1           0  0.15s           2026-05-05T16:15:10
================================================================================
[2026-05-05T16:15:42.955+0000] {manager.py:878} INFO - 
================================================================================
DAG File Processing Stats

File Path                          PID    Runtime      # DAGs    # Errors  Last Runtime    Last Run
---------------------------------  -----  ---------  --------  ----------  --------------  -------------------
/opt/airflow/dags/pipeline_dag.py                           1           0  0.16s           2026-05-05T16:15:42
================================================================================
[2026-05-05T16:16:14.445+0000] {manager.py:878} INFO - 
================================================================================
DAG File Processing Stats

File Path                          PID    Runtime      # DAGs    # Errors  Last Runtime    Last Run
---------------------------------  -----  ---------  --------  ----------  --------------  -------------------
/opt/airflow/dags/pipeline_dag.py                           1           0  0.20s           2026-05-05T16:16:13
================================================================================
[2026-05-05T16:16:45.902+0000] {manager.py:878} INFO - 
================================================================================
DAG File Processing Stats

File Path                          PID    Runtime      # DAGs    # Errors  Last Runtime    Last Run
---------------------------------  -----  ---------  --------  ----------  --------------  -------------------
/opt/airflow/dags/pipeline_dag.py                           1           0  0.20s           2026-05-05T16:16:44
================================================================================
[2026-05-05T16:17:17.460+0000] {manager.py:878} INFO - 
================================================================================
DAG File Processing Stats

File Path                          PID    Runtime      # DAGs    # Errors  Last Runtime    Last Run
---------------------------------  -----  ---------  --------  ----------  --------------  -------------------
/opt/airflow/dags/pipeline_dag.py                           1           0  0.25s           2026-05-05T16:17:15
================================================================================
[2026-05-05T16:17:49.190+0000] {manager.py:878} INFO - 
================================================================================
DAG File Processing Stats

File Path                          PID    Runtime      # DAGs    # Errors  Last Runtime    Last Run
---------------------------------  -----  ---------  --------  ----------  --------------  -------------------
/opt/airflow/dags/pipeline_dag.py                           1           0  0.16s           2026-05-05T16:17:46
================================================================================
[2026-05-05T16:18:20.626+0000] {manager.py:878} INFO - 
================================================================================
DAG File Processing Stats

File Path                          PID    Runtime      # DAGs    # Errors  Last Runtime    Last Run
---------------------------------  -----  ---------  --------  ----------  --------------  -------------------
/opt/airflow/dags/pipeline_dag.py                           1           0  0.15s           2026-05-05T16:18:17
================================================================================
[2026-05-05T16:18:27.664+0000] {manager.py:737} INFO - Searching for files in /opt/airflow/dags
[2026-05-05T16:18:27.688+0000] {manager.py:740} INFO - There are 1 files in /opt/airflow/dags
[2026-05-05T16:18:52.295+0000] {manager.py:878} INFO - 
================================================================================
DAG File Processing Stats

File Path                          PID    Runtime      # DAGs    # Errors  Last Runtime    Last Run
---------------------------------  -----  ---------  --------  ----------  --------------  -------------------
/opt/airflow/dags/pipeline_dag.py                           1           0  0.56s           2026-05-05T16:18:49
================================================================================
[2026-05-05T16:19:24.183+0000] {manager.py:878} INFO - 
================================================================================
DAG File Processing Stats

File Path                          PID    Runtime      # DAGs    # Errors  Last Runtime    Last Run
---------------------------------  -----  ---------  --------  ----------  --------------  -------------------
/opt/airflow/dags/pipeline_dag.py                           1           0  0.20s           2026-05-05T16:19:20
================================================================================
[2026-05-05T16:19:55.623+0000] {manager.py:878} INFO - 
================================================================================
DAG File Processing Stats

File Path                          PID    Runtime      # DAGs    # Errors  Last Runtime    Last Run
---------------------------------  -----  ---------  --------  ----------  --------------  -------------------
/opt/airflow/dags/pipeline_dag.py                           1           0  0.14s           2026-05-05T16:19:50
================================================================================
[2026-05-05T16:20:27.104+0000] {manager.py:878} INFO - 
================================================================================
DAG File Processing Stats

File Path                          PID    Runtime      # DAGs    # Errors  Last Runtime    Last Run
---------------------------------  -----  ---------  --------  ----------  --------------  -------------------
/opt/airflow/dags/pipeline_dag.py                           1           0  0.14s           2026-05-05T16:20:21
================================================================================
[2026-05-05T16:20:58.491+0000] {manager.py:878} INFO - 
================================================================================
DAG File Processing Stats

File Path                          PID    Runtime      # DAGs    # Errors  Last Runtime    Last Run
---------------------------------  -----  ---------  --------  ----------  --------------  -------------------
/opt/airflow/dags/pipeline_dag.py                           1           0  0.21s           2026-05-05T16:20:53
================================================================================
[2026-05-05T16:21:29.724+0000] {manager.py:878} INFO - 
================================================================================
DAG File Processing Stats

File Path                          PID    Runtime      # DAGs    # Errors  Last Runtime    Last Run
---------------------------------  -----  ---------  --------  ----------  --------------  -------------------
/opt/airflow/dags/pipeline_dag.py                           1           0  0.13s           2026-05-05T16:21:24
================================================================================
[2026-05-05T16:22:01.193+0000] {manager.py:878} INFO - 
================================================================================
DAG File Processing Stats

File Path                          PID    Runtime      # DAGs    # Errors  Last Runtime    Last Run
---------------------------------  -----  ---------  --------  ----------  --------------  -------------------
/opt/airflow/dags/pipeline_dag.py                           1           0  0.14s           2026-05-05T16:21:55
================================================================================
[2026-05-05T16:22:32.567+0000] {manager.py:878} INFO - 
================================================================================
DAG File Processing Stats

File Path                          PID    Runtime      # DAGs    # Errors  Last Runtime    Last Run
---------------------------------  -----  ---------  --------  ----------  --------------  -------------------
/opt/airflow/dags/pipeline_dag.py                           1           0  0.14s           2026-05-05T16:22:26
================================================================================
[2026-05-05T16:23:03.940+0000] {manager.py:878} INFO - 
================================================================================
DAG File Processing Stats

File Path                          PID    Runtime      # DAGs    # Errors  Last Runtime    Last Run
---------------------------------  -----  ---------  --------  ----------  --------------  -------------------
/opt/airflow/dags/pipeline_dag.py                           1           0  0.21s           2026-05-05T16:22:58
================================================================================
[2026-05-05T16:23:27.747+0000] {manager.py:737} INFO - Searching for files in /opt/airflow/dags
[2026-05-05T16:23:27.765+0000] {manager.py:740} INFO - There are 1 files in /opt/airflow/dags
[2026-05-05T16:23:35.258+0000] {manager.py:878} INFO - 
================================================================================
DAG File Processing Stats

File Path                          PID    Runtime      # DAGs    # Errors  Last Runtime    Last Run
---------------------------------  -----  ---------  --------  ----------  --------------  -------------------
/opt/airflow/dags/pipeline_dag.py                           1           0  0.14s           2026-05-05T16:23:29
================================================================================
[2026-05-05T16:24:06.656+0000] {manager.py:878} INFO - 
================================================================================
DAG File Processing Stats

File Path                          PID    Runtime      # DAGs    # Errors  Last Runtime    Last Run
---------------------------------  -----  ---------  --------  ----------  --------------  -------------------
/opt/airflow/dags/pipeline_dag.py                           1           0  0.14s           2026-05-05T16:23:59
================================================================================
[2026-05-05T16:24:38.022+0000] {manager.py:878} INFO - 
================================================================================
DAG File Processing Stats

File Path                          PID    Runtime      # DAGs    # Errors  Last Runtime    Last Run
---------------------------------  -----  ---------  --------  ----------  --------------  -------------------
/opt/airflow/dags/pipeline_dag.py                           1           0  0.14s           2026-05-05T16:24:31
================================================================================
[2026-05-05T16:25:09.308+0000] {manager.py:878} INFO - 
================================================================================
DAG File Processing Stats

File Path                          PID    Runtime      # DAGs    # Errors  Last Runtime    Last Run
---------------------------------  -----  ---------  --------  ----------  --------------  -------------------
/opt/airflow/dags/pipeline_dag.py                           1           0  0.13s           2026-05-05T16:25:02
================================================================================
[2026-05-05T16:25:40.721+0000] {manager.py:878} INFO - 
================================================================================
DAG File Processing Stats

File Path                          PID    Runtime      # DAGs    # Errors  Last Runtime    Last Run
---------------------------------  -----  ---------  --------  ----------  --------------  -------------------
/opt/airflow/dags/pipeline_dag.py                           1           0  0.14s           2026-05-05T16:25:33
================================================================================
[2026-05-05T16:26:12.057+0000] {manager.py:878} INFO - 
================================================================================
DAG File Processing Stats

File Path                          PID    Runtime      # DAGs    # Errors  Last Runtime    Last Run
---------------------------------  -----  ---------  --------  ----------  --------------  -------------------
/opt/airflow/dags/pipeline_dag.py                           1           0  0.14s           2026-05-05T16:26:05
================================================================================
[2026-05-05T16:26:43.414+0000] {manager.py:878} INFO - 
================================================================================
DAG File Processing Stats

File Path                          PID    Runtime      # DAGs    # Errors  Last Runtime    Last Run
---------------------------------  -----  ---------  --------  ----------  --------------  -------------------
/opt/airflow/dags/pipeline_dag.py                           1           0  0.14s           2026-05-05T16:26:35
================================================================================
[2026-05-05T16:27:14.717+0000] {manager.py:878} INFO - 
================================================================================
DAG File Processing Stats

File Path                          PID    Runtime      # DAGs    # Errors  Last Runtime    Last Run
---------------------------------  -----  ---------  --------  ----------  --------------  -------------------
/opt/airflow/dags/pipeline_dag.py                           1           0  0.16s           2026-05-05T16:27:06
================================================================================
[2026-05-05T16:27:46.136+0000] {manager.py:878} INFO - 
================================================================================
DAG File Processing Stats

File Path                          PID    Runtime      # DAGs    # Errors  Last Runtime    Last Run
---------------------------------  -----  ---------  --------  ----------  --------------  -------------------
/opt/airflow/dags/pipeline_dag.py                           1           0  0.16s           2026-05-05T16:27:38
================================================================================
[2026-05-05T16:28:17.430+0000] {manager.py:878} INFO - 
================================================================================
DAG File Processing Stats

File Path                          PID    Runtime      # DAGs    # Errors  Last Runtime    Last Run
---------------------------------  -----  ---------  --------  ----------  --------------  -------------------
/opt/airflow/dags/pipeline_dag.py                           1           0  0.15s           2026-05-05T16:28:09
================================================================================
[2026-05-05T16:28:28.481+0000] {manager.py:737} INFO - Searching for files in /opt/airflow/dags
[2026-05-05T16:28:28.504+0000] {manager.py:740} INFO - There are 1 files in /opt/airflow/dags
[2026-05-05T16:28:48.836+0000] {manager.py:878} INFO - 
================================================================================
DAG File Processing Stats

File Path                          PID    Runtime      # DAGs    # Errors  Last Runtime    Last Run
---------------------------------  -----  ---------  --------  ----------  --------------  -------------------
/opt/airflow/dags/pipeline_dag.py                           1           0  0.15s           2026-05-05T16:28:39
================================================================================
[2026-05-05T16:29:20.204+0000] {manager.py:878} INFO - 
================================================================================
DAG File Processing Stats

File Path                          PID    Runtime      # DAGs    # Errors  Last Runtime    Last Run
---------------------------------  -----  ---------  --------  ----------  --------------  -------------------
/opt/airflow/dags/pipeline_dag.py                           1           0  0.14s           2026-05-05T16:29:11
================================================================================
[2026-05-05T16:29:51.502+0000] {manager.py:878} INFO - 
================================================================================
DAG File Processing Stats

File Path                          PID    Runtime      # DAGs    # Errors  Last Runtime    Last Run
---------------------------------  -----  ---------  --------  ----------  --------------  -------------------
/opt/airflow/dags/pipeline_dag.py                           1           0  0.14s           2026-05-05T16:29:42
================================================================================
[2026-05-05T16:30:22.935+0000] {manager.py:878} INFO - 
================================================================================
DAG File Processing Stats

File Path                          PID    Runtime      # DAGs    # Errors  Last Runtime    Last Run
---------------------------------  -----  ---------  --------  ----------  --------------  -------------------
/opt/airflow/dags/pipeline_dag.py                           1           0  0.17s           2026-05-05T16:30:13
================================================================================
[2026-05-05T16:30:54.306+0000] {manager.py:878} INFO - 
================================================================================
DAG File Processing Stats

File Path                          PID    Runtime      # DAGs    # Errors  Last Runtime    Last Run
---------------------------------  -----  ---------  --------  ----------  --------------  -------------------
/opt/airflow/dags/pipeline_dag.py                           1           0  0.14s           2026-05-05T16:30:45
================================================================================
[2026-05-05T16:31:25.609+0000] {manager.py:878} INFO - 
================================================================================
DAG File Processing Stats

File Path                          PID    Runtime      # DAGs    # Errors  Last Runtime    Last Run
---------------------------------  -----  ---------  --------  ----------  --------------  -------------------
/opt/airflow/dags/pipeline_dag.py                           1           0  0.14s           2026-05-05T16:31:15
================================================================================
[2026-05-05T16:31:57.014+0000] {manager.py:878} INFO - 
================================================================================
DAG File Processing Stats

File Path                          PID    Runtime      # DAGs    # Errors  Last Runtime    Last Run
---------------------------------  -----  ---------  --------  ----------  --------------  -------------------
/opt/airflow/dags/pipeline_dag.py                           1           0  0.15s           2026-05-05T16:31:47
================================================================================
[2026-05-05T16:32:28.938+0000] {manager.py:878} INFO - 
================================================================================
DAG File Processing Stats

File Path                          PID    Runtime      # DAGs    # Errors  Last Runtime    Last Run
---------------------------------  -----  ---------  --------  ----------  --------------  -------------------
/opt/airflow/dags/pipeline_dag.py                           1           0  0.18s           2026-05-05T16:32:18
================================================================================
[2026-05-05T16:33:00.226+0000] {manager.py:878} INFO - 
================================================================================
DAG File Processing Stats

File Path                          PID    Runtime      # DAGs    # Errors  Last Runtime    Last Run
---------------------------------  -----  ---------  --------  ----------  --------------  -------------------
/opt/airflow/dags/pipeline_dag.py                           1           0  0.14s           2026-05-05T16:32:49
================================================================================
[2026-05-05T16:33:28.673+0000] {manager.py:737} INFO - Searching for files in /opt/airflow/dags
[2026-05-05T16:33:28.692+0000] {manager.py:740} INFO - There are 1 files in /opt/airflow/dags
[2026-05-05T16:33:31.717+0000] {manager.py:878} INFO - 
================================================================================
DAG File Processing Stats

File Path                          PID    Runtime      # DAGs    # Errors  Last Runtime    Last Run
---------------------------------  -----  ---------  --------  ----------  --------------  -------------------
/opt/airflow/dags/pipeline_dag.py                           1           0  0.15s           2026-05-05T16:33:20
================================================================================
[2026-05-05T16:34:03.023+0000] {manager.py:878} INFO - 
================================================================================
DAG File Processing Stats

File Path                          PID    Runtime      # DAGs    # Errors  Last Runtime    Last Run
---------------------------------  -----  ---------  --------  ----------  --------------  -------------------
/opt/airflow/dags/pipeline_dag.py                           1           0  0.14s           2026-05-05T16:33:52
================================================================================
[2026-05-05T16:34:34.395+0000] {manager.py:878} INFO - 
================================================================================
DAG File Processing Stats

File Path                          PID    Runtime      # DAGs    # Errors  Last Runtime    Last Run
---------------------------------  -----  ---------  --------  ----------  --------------  -------------------
/opt/airflow/dags/pipeline_dag.py                           1           0  0.15s           2026-05-05T16:34:22
================================================================================
[2026-05-05T16:35:05.816+0000] {manager.py:878} INFO - 
================================================================================
DAG File Processing Stats

File Path                          PID    Runtime      # DAGs    # Errors  Last Runtime    Last Run
---------------------------------  -----  ---------  --------  ----------  --------------  -------------------
/opt/airflow/dags/pipeline_dag.py                           1           0  0.14s           2026-05-05T16:34:53
================================================================================
[2026-05-05T16:35:37.140+0000] {manager.py:878} INFO - 
================================================================================
DAG File Processing Stats

File Path                          PID    Runtime      # DAGs    # Errors  Last Runtime    Last Run
---------------------------------  -----  ---------  --------  ----------  --------------  -------------------
/opt/airflow/dags/pipeline_dag.py                           1           0  0.14s           2026-05-05T16:35:25
================================================================================
[2026-05-05T16:36:08.553+0000] {manager.py:878} INFO - 
================================================================================
DAG File Processing Stats

File Path                          PID    Runtime      # DAGs    # Errors  Last Runtime    Last Run
---------------------------------  -----  ---------  --------  ----------  --------------  -------------------
/opt/airflow/dags/pipeline_dag.py                           1           0  0.14s           2026-05-05T16:35:56
================================================================================
[2026-05-05T16:36:39.852+0000] {manager.py:878} INFO - 
================================================================================
DAG File Processing Stats

File Path                          PID    Runtime      # DAGs    # Errors  Last Runtime    Last Run
---------------------------------  -----  ---------  --------  ----------  --------------  -------------------
/opt/airflow/dags/pipeline_dag.py                           1           0  0.15s           2026-05-05T16:36:27
================================================================================
[2026-05-05T16:37:11.391+0000] {manager.py:878} INFO - 
================================================================================
DAG File Processing Stats

File Path                          PID    Runtime      # DAGs    # Errors  Last Runtime    Last Run
---------------------------------  -----  ---------  --------  ----------  --------------  -------------------
/opt/airflow/dags/pipeline_dag.py                           1           0  0.13s           2026-05-05T16:36:58
================================================================================
[2026-05-05T16:40:08.789+0000] {manager.py:737} INFO - Searching for files in /opt/airflow/dags
[2026-05-05T16:40:08.882+0000] {manager.py:740} INFO - There are 1 files in /opt/airflow/dags
[2026-05-05T16:40:36.576+0000] {manager.py:878} INFO - 
================================================================================
DAG File Processing Stats

File Path                          PID    Runtime      # DAGs    # Errors  Last Runtime    Last Run
---------------------------------  -----  ---------  --------  ----------  --------------  -------------------
/opt/airflow/dags/pipeline_dag.py                           1           0  1.97s           2026-05-05T16:40:10
================================================================================
[2026-05-05T16:41:08.040+0000] {manager.py:878} INFO - 
================================================================================
DAG File Processing Stats

File Path                          PID    Runtime      # DAGs    # Errors  Last Runtime    Last Run
---------------------------------  -----  ---------  --------  ----------  --------------  -------------------
/opt/airflow/dags/pipeline_dag.py                           1           0  0.15s           2026-05-05T16:40:41
================================================================================
[2026-05-05T16:41:39.279+0000] {manager.py:878} INFO - 
================================================================================
DAG File Processing Stats

File Path                          PID    Runtime      # DAGs    # Errors  Last Runtime    Last Run
---------------------------------  -----  ---------  --------  ----------  --------------  -------------------
/opt/airflow/dags/pipeline_dag.py                           1           0  0.13s           2026-05-05T16:41:11
================================================================================
[2026-05-05T16:42:10.036+0000] {manager.py:878} INFO - 
================================================================================
DAG File Processing Stats

File Path                          PID    Runtime      # DAGs    # Errors  Last Runtime    Last Run
---------------------------------  -----  ---------  --------  ----------  --------------  -------------------
/opt/airflow/dags/pipeline_dag.py                           1           0  0.13s           2026-05-05T16:41:41
================================================================================
[2026-05-05T16:42:41.640+0000] {manager.py:878} INFO - 
================================================================================
DAG File Processing Stats

File Path                          PID    Runtime      # DAGs    # Errors  Last Runtime    Last Run
---------------------------------  -----  ---------  --------  ----------  --------------  -------------------
/opt/airflow/dags/pipeline_dag.py                           1           0  0.13s           2026-05-05T16:42:12
================================================================================
[2026-05-05T16:43:12.888+0000] {manager.py:878} INFO - 
================================================================================
DAG File Processing Stats

File Path                            PID  Runtime      # DAGs    # Errors  Last Runtime    Last Run
---------------------------------  -----  ---------  --------  ----------  --------------  -------------------
/opt/airflow/dags/pipeline_dag.py   2152  0.00s             1           0  0.13s           2026-05-05T16:42:42
================================================================================
[2026-05-05T16:46:14.776+0000] {manager.py:737} INFO - Searching for files in /opt/airflow/dags
[2026-05-05T16:46:14.801+0000] {manager.py:740} INFO - There are 1 files in /opt/airflow/dags
[2026-05-05T16:46:37.222+0000] {manager.py:878} INFO - 
================================================================================
DAG File Processing Stats

File Path                          PID    Runtime      # DAGs    # Errors  Last Runtime    Last Run
---------------------------------  -----  ---------  --------  ----------  --------------  -------------------
/opt/airflow/dags/pipeline_dag.py                           1           0  0.26s           2026-05-05T16:46:15
================================================================================
[2026-05-05T16:47:08.332+0000] {manager.py:878} INFO - 
================================================================================
DAG File Processing Stats

File Path                          PID    Runtime      # DAGs    # Errors  Last Runtime    Last Run
---------------------------------  -----  ---------  --------  ----------  --------------  -------------------
/opt/airflow/dags/pipeline_dag.py                           1           0  0.17s           2026-05-05T16:46:45
================================================================================
[2026-05-05T16:47:39.643+0000] {manager.py:878} INFO - 
================================================================================
DAG File Processing Stats

File Path                          PID    Runtime      # DAGs    # Errors  Last Runtime    Last Run
---------------------------------  -----  ---------  --------  ----------  --------------  -------------------
/opt/airflow/dags/pipeline_dag.py                           1           0  0.13s           2026-05-05T16:47:15
================================================================================
[2026-05-05T16:48:10.950+0000] {manager.py:878} INFO - 
================================================================================
DAG File Processing Stats

File Path                          PID    Runtime      # DAGs    # Errors  Last Runtime    Last Run
---------------------------------  -----  ---------  --------  ----------  --------------  -------------------
/opt/airflow/dags/pipeline_dag.py                           1           0  0.13s           2026-05-05T16:47:45
================================================================================
[2026-05-05T16:48:42.215+0000] {manager.py:878} INFO - 
================================================================================
DAG File Processing Stats

File Path                          PID    Runtime      # DAGs    # Errors  Last Runtime    Last Run
---------------------------------  -----  ---------  --------  ----------  --------------  -------------------
/opt/airflow/dags/pipeline_dag.py                           1           0  0.14s           2026-05-05T16:48:16
================================================================================
[2026-05-05T16:49:13.618+0000] {manager.py:878} INFO - 
================================================================================
DAG File Processing Stats

File Path                          PID    Runtime      # DAGs    # Errors  Last Runtime    Last Run
---------------------------------  -----  ---------  --------  ----------  --------------  -------------------
/opt/airflow/dags/pipeline_dag.py                           1           0  0.13s           2026-05-05T16:48:46
================================================================================
[2026-05-05T16:51:29.580+0000] {manager.py:737} INFO - Searching for files in /opt/airflow/dags
[2026-05-05T16:51:29.597+0000] {manager.py:740} INFO - There are 1 files in /opt/airflow/dags
[2026-05-05T16:51:47.791+0000] {manager.py:878} INFO - 
================================================================================
DAG File Processing Stats

File Path                          PID    Runtime      # DAGs    # Errors  Last Runtime    Last Run
---------------------------------  -----  ---------  --------  ----------  --------------  -------------------
/opt/airflow/dags/pipeline_dag.py                           1           0  0.16s           2026-05-05T16:51:29
================================================================================
[2026-05-05T16:52:18.819+0000] {manager.py:878} INFO - 
================================================================================
DAG File Processing Stats

File Path                          PID    Runtime      # DAGs    # Errors  Last Runtime    Last Run
---------------------------------  -----  ---------  --------  ----------  --------------  -------------------
/opt/airflow/dags/pipeline_dag.py                           1           0  0.15s           2026-05-05T16:52:00
================================================================================
[2026-05-05T16:52:50.084+0000] {manager.py:878} INFO - 
================================================================================
DAG File Processing Stats

File Path                          PID    Runtime      # DAGs    # Errors  Last Runtime    Last Run
---------------------------------  -----  ---------  --------  ----------  --------------  -------------------
/opt/airflow/dags/pipeline_dag.py                           1           0  0.14s           2026-05-05T16:52:31
================================================================================
[2026-05-05T16:53:21.530+0000] {manager.py:878} INFO - 
================================================================================
DAG File Processing Stats

File Path                          PID    Runtime      # DAGs    # Errors  Last Runtime    Last Run
---------------------------------  -----  ---------  --------  ----------  --------------  -------------------
/opt/airflow/dags/pipeline_dag.py                           1           0  0.12s           2026-05-05T16:53:01
================================================================================
[2026-05-05T16:53:52.768+0000] {manager.py:878} INFO - 
================================================================================
DAG File Processing Stats

File Path                          PID    Runtime      # DAGs    # Errors  Last Runtime    Last Run
---------------------------------  -----  ---------  --------  ----------  --------------  -------------------
/opt/airflow/dags/pipeline_dag.py                           1           0  0.13s           2026-05-05T16:53:31
================================================================================
[2026-05-05T16:54:24.016+0000] {manager.py:878} INFO - 
================================================================================
DAG File Processing Stats

File Path                          PID    Runtime      # DAGs    # Errors  Last Runtime    Last Run
---------------------------------  -----  ---------  --------  ----------  --------------  -------------------
/opt/airflow/dags/pipeline_dag.py                           1           0  0.13s           2026-05-05T16:54:01
================================================================================
[2026-05-05T17:10:43.707+0000] {manager.py:737} INFO - Searching for files in /opt/airflow/dags
[2026-05-05T17:10:43.958+0000] {manager.py:740} INFO - There are 1 files in /opt/airflow/dags
[2026-05-05T17:11:01.801+0000] {manager.py:878} INFO - 
================================================================================
DAG File Processing Stats

File Path                          PID    Runtime      # DAGs    # Errors  Last Runtime    Last Run
---------------------------------  -----  ---------  --------  ----------  --------------  -------------------
/opt/airflow/dags/pipeline_dag.py                           1           0  0.64s           2026-05-05T17:10:44
================================================================================
[2026-05-05T17:11:33.484+0000] {manager.py:878} INFO - 
================================================================================
DAG File Processing Stats

File Path                          PID    Runtime      # DAGs    # Errors  Last Runtime    Last Run
---------------------------------  -----  ---------  --------  ----------  --------------  -------------------
/opt/airflow/dags/pipeline_dag.py                           1           0  0.45s           2026-05-05T17:11:15
================================================================================
[2026-05-05T17:12:04.793+0000] {manager.py:878} INFO - 
================================================================================
DAG File Processing Stats

File Path                          PID    Runtime      # DAGs    # Errors  Last Runtime    Last Run
---------------------------------  -----  ---------  --------  ----------  --------------  -------------------
/opt/airflow/dags/pipeline_dag.py                           1           0  0.15s           2026-05-05T17:11:46
================================================================================
[2026-05-05T17:12:36.190+0000] {manager.py:878} INFO - 
================================================================================
DAG File Processing Stats

File Path                          PID    Runtime      # DAGs    # Errors  Last Runtime    Last Run
---------------------------------  -----  ---------  --------  ----------  --------------  -------------------
/opt/airflow/dags/pipeline_dag.py                           1           0  0.14s           2026-05-05T17:12:17
================================================================================
[2026-05-05T17:13:07.593+0000] {manager.py:878} INFO - 
================================================================================
DAG File Processing Stats

File Path                          PID    Runtime      # DAGs    # Errors  Last Runtime    Last Run
---------------------------------  -----  ---------  --------  ----------  --------------  -------------------
/opt/airflow/dags/pipeline_dag.py                           1           0  0.16s           2026-05-05T17:12:48
================================================================================
[2026-05-05T17:13:39.151+0000] {manager.py:878} INFO - 
================================================================================
DAG File Processing Stats

File Path                          PID    Runtime      # DAGs    # Errors  Last Runtime    Last Run
---------------------------------  -----  ---------  --------  ----------  --------------  -------------------
/opt/airflow/dags/pipeline_dag.py                           1           0  0.14s           2026-05-05T17:13:20
================================================================================
[2026-05-05T17:14:10.399+0000] {manager.py:878} INFO - 
================================================================================
DAG File Processing Stats

File Path                          PID    Runtime      # DAGs    # Errors  Last Runtime    Last Run
---------------------------------  -----  ---------  --------  ----------  --------------  -------------------
/opt/airflow/dags/pipeline_dag.py                           1           0  0.12s           2026-05-05T17:13:51
================================================================================
[2026-05-05T19:03:29.601+0000] {manager.py:737} INFO - Searching for files in /opt/airflow/dags
[2026-05-05T19:03:29.671+0000] {manager.py:740} INFO - There are 1 files in /opt/airflow/dags
[2026-05-05T20:48:19.538+0000] {manager.py:737} INFO - Searching for files in /opt/airflow/dags
[2026-05-05T20:48:19.892+0000] {manager.py:740} INFO - There are 1 files in /opt/airflow/dags
[2026-05-06T13:14:41.076+0000] {manager.py:737} INFO - Searching for files in /opt/airflow/dags
[2026-05-06T13:14:42.722+0000] {manager.py:740} INFO - There are 1 files in /opt/airflow/dags
[2026-05-06T13:14:46.611+0000] {manager.py:878} INFO - 
================================================================================
DAG File Processing Stats

File Path                            PID  Runtime      # DAGs    # Errors  Last Runtime    Last Run
---------------------------------  -----  ---------  --------  ----------  --------------  -------------------
/opt/airflow/dags/pipeline_dag.py   2277  2.22s             1           0  0.74s           2026-05-05T20:48:20
================================================================================
[2026-05-06T13:15:17.421+0000] {manager.py:878} INFO - 
================================================================================
DAG File Processing Stats

File Path                          PID    Runtime      # DAGs    # Errors  Last Runtime    Last Run
---------------------------------  -----  ---------  --------  ----------  --------------  -------------------
/opt/airflow/dags/pipeline_dag.py                           1           0  7.99s           2026-05-06T13:14:50
================================================================================
[2026-05-06T13:15:49.781+0000] {manager.py:878} INFO - 
================================================================================
DAG File Processing Stats

File Path                          PID    Runtime      # DAGs    # Errors  Last Runtime    Last Run
---------------------------------  -----  ---------  --------  ----------  --------------  -------------------
/opt/airflow/dags/pipeline_dag.py                           1           0  7.36s           2026-05-06T13:15:30
================================================================================
[2026-05-06T13:16:22.329+0000] {manager.py:878} INFO - 
================================================================================
DAG File Processing Stats

File Path                          PID    Runtime      # DAGs    # Errors  Last Runtime    Last Run
---------------------------------  -----  ---------  --------  ----------  --------------  -------------------
/opt/airflow/dags/pipeline_dag.py                           1           0  0.41s           2026-05-06T13:16:00
================================================================================
[2026-05-06T13:16:55.190+0000] {manager.py:878} INFO - 
================================================================================
DAG File Processing Stats

File Path                          PID    Runtime      # DAGs    # Errors  Last Runtime    Last Run
---------------------------------  -----  ---------  --------  ----------  --------------  -------------------
/opt/airflow/dags/pipeline_dag.py                           1           0  0.84s           2026-05-06T13:16:32
================================================================================
[2026-05-06T13:17:28.242+0000] {manager.py:878} INFO - 
================================================================================
DAG File Processing Stats

File Path                          PID    Runtime      # DAGs    # Errors  Last Runtime    Last Run
---------------------------------  -----  ---------  --------  ----------  --------------  -------------------
/opt/airflow/dags/pipeline_dag.py                           1           0  6.35s           2026-05-06T13:17:11
================================================================================
[2026-05-06T13:18:01.160+0000] {manager.py:878} INFO - 
================================================================================
DAG File Processing Stats

File Path                          PID    Runtime      # DAGs    # Errors  Last Runtime    Last Run
---------------------------------  -----  ---------  --------  ----------  --------------  -------------------
/opt/airflow/dags/pipeline_dag.py                           1           0  1.20s           2026-05-06T13:17:43
================================================================================
[2026-05-06T13:18:34.095+0000] {manager.py:878} INFO - 
================================================================================
DAG File Processing Stats

File Path                          PID    Runtime      # DAGs    # Errors  Last Runtime    Last Run
---------------------------------  -----  ---------  --------  ----------  --------------  -------------------
/opt/airflow/dags/pipeline_dag.py                           1           0  0.27s           2026-05-06T13:18:14
================================================================================
[2026-05-06T13:19:07.248+0000] {manager.py:878} INFO - 
================================================================================
DAG File Processing Stats

File Path                          PID    Runtime      # DAGs    # Errors  Last Runtime    Last Run
---------------------------------  -----  ---------  --------  ----------  --------------  -------------------
/opt/airflow/dags/pipeline_dag.py                           1           0  0.29s           2026-05-06T13:18:45
================================================================================
[2026-05-06T13:19:40.068+0000] {manager.py:878} INFO - 
================================================================================
DAG File Processing Stats

File Path                          PID    Runtime      # DAGs    # Errors  Last Runtime    Last Run
---------------------------------  -----  ---------  --------  ----------  --------------  -------------------
/opt/airflow/dags/pipeline_dag.py                           1           0  0.16s           2026-05-06T13:19:16
================================================================================
[2026-05-06T13:19:41.180+0000] {manager.py:737} INFO - Searching for files in /opt/airflow/dags
[2026-05-06T13:19:41.213+0000] {manager.py:740} INFO - There are 1 files in /opt/airflow/dags
[2026-05-06T13:20:13.527+0000] {manager.py:878} INFO - 
================================================================================
DAG File Processing Stats

File Path                          PID    Runtime      # DAGs    # Errors  Last Runtime    Last Run
---------------------------------  -----  ---------  --------  ----------  --------------  -------------------
/opt/airflow/dags/pipeline_dag.py                           1           0  2.13s           2026-05-06T13:19:48
================================================================================
[2026-05-06T13:20:46.307+0000] {manager.py:878} INFO - 
================================================================================
DAG File Processing Stats

File Path                          PID    Runtime      # DAGs    # Errors  Last Runtime    Last Run
---------------------------------  -----  ---------  --------  ----------  --------------  -------------------
/opt/airflow/dags/pipeline_dag.py                           1           0  0.18s           2026-05-06T13:20:21
================================================================================
[2026-05-06T13:21:19.869+0000] {manager.py:878} INFO - 
================================================================================
DAG File Processing Stats

File Path                          PID    Runtime      # DAGs    # Errors  Last Runtime    Last Run
---------------------------------  -----  ---------  --------  ----------  --------------  -------------------
/opt/airflow/dags/pipeline_dag.py                           1           0  0.39s           2026-05-06T13:20:53
================================================================================
[2026-05-06T13:21:52.755+0000] {manager.py:878} INFO - 
================================================================================
DAG File Processing Stats

File Path                          PID    Runtime      # DAGs    # Errors  Last Runtime    Last Run
---------------------------------  -----  ---------  --------  ----------  --------------  -------------------
/opt/airflow/dags/pipeline_dag.py                           1           0  0.15s           2026-05-06T13:21:26
================================================================================
[2026-05-06T13:22:25.571+0000] {manager.py:878} INFO - 
================================================================================
DAG File Processing Stats

File Path                          PID    Runtime      # DAGs    # Errors  Last Runtime    Last Run
---------------------------------  -----  ---------  --------  ----------  --------------  -------------------
/opt/airflow/dags/pipeline_dag.py                           1           0  0.15s           2026-05-06T13:21:59
================================================================================
[2026-05-06T13:22:58.387+0000] {manager.py:878} INFO - 
================================================================================
DAG File Processing Stats

File Path                          PID    Runtime      # DAGs    # Errors  Last Runtime    Last Run
---------------------------------  -----  ---------  --------  ----------  --------------  -------------------
/opt/airflow/dags/pipeline_dag.py                           1           0  0.15s           2026-05-06T13:22:31
================================================================================
[2026-05-06T13:23:31.348+0000] {manager.py:878} INFO - 
================================================================================
DAG File Processing Stats

File Path                          PID    Runtime      # DAGs    # Errors  Last Runtime    Last Run
---------------------------------  -----  ---------  --------  ----------  --------------  -------------------
/opt/airflow/dags/pipeline_dag.py                           1           0  0.54s           2026-05-06T13:23:04
================================================================================
[2026-05-06T13:24:04.675+0000] {manager.py:878} INFO - 
================================================================================
DAG File Processing Stats

File Path                          PID    Runtime      # DAGs    # Errors  Last Runtime    Last Run
---------------------------------  -----  ---------  --------  ----------  --------------  -------------------
/opt/airflow/dags/pipeline_dag.py                           1           0  0.44s           2026-05-06T13:23:37
================================================================================
[2026-05-06T13:24:37.739+0000] {manager.py:878} INFO - 
================================================================================
DAG File Processing Stats

File Path                          PID    Runtime      # DAGs    # Errors  Last Runtime    Last Run
---------------------------------  -----  ---------  --------  ----------  --------------  -------------------
/opt/airflow/dags/pipeline_dag.py                           1           0  1.28s           2026-05-06T13:24:12
================================================================================
[2026-05-06T13:24:43.559+0000] {manager.py:737} INFO - Searching for files in /opt/airflow/dags
[2026-05-06T13:24:43.582+0000] {manager.py:740} INFO - There are 1 files in /opt/airflow/dags
[2026-05-06T13:25:10.878+0000] {manager.py:878} INFO - 
================================================================================
DAG File Processing Stats

File Path                          PID    Runtime      # DAGs    # Errors  Last Runtime    Last Run
---------------------------------  -----  ---------  --------  ----------  --------------  -------------------
/opt/airflow/dags/pipeline_dag.py                           1           0  0.17s           2026-05-06T13:24:43
================================================================================
[2026-05-06T13:25:44.006+0000] {manager.py:878} INFO - 
================================================================================
DAG File Processing Stats

File Path                          PID    Runtime      # DAGs    # Errors  Last Runtime    Last Run
---------------------------------  -----  ---------  --------  ----------  --------------  -------------------
/opt/airflow/dags/pipeline_dag.py                           1           0  1.86s           2026-05-06T13:25:15
================================================================================
[2026-05-06T13:26:17.019+0000] {manager.py:878} INFO - 
================================================================================
DAG File Processing Stats

File Path                          PID    Runtime      # DAGs    # Errors  Last Runtime    Last Run
---------------------------------  -----  ---------  --------  ----------  --------------  -------------------
/opt/airflow/dags/pipeline_dag.py                           1           0  0.17s           2026-05-06T13:25:48
================================================================================
[2026-05-06T13:26:50.172+0000] {manager.py:878} INFO - 
================================================================================
DAG File Processing Stats

File Path                          PID    Runtime      # DAGs    # Errors  Last Runtime    Last Run
---------------------------------  -----  ---------  --------  ----------  --------------  -------------------
/opt/airflow/dags/pipeline_dag.py                           1           0  0.18s           2026-05-06T13:26:22
================================================================================
[2026-05-06T13:27:23.316+0000] {manager.py:878} INFO - 
================================================================================
DAG File Processing Stats

File Path                          PID    Runtime      # DAGs    # Errors  Last Runtime    Last Run
---------------------------------  -----  ---------  --------  ----------  --------------  -------------------
/opt/airflow/dags/pipeline_dag.py                           1           0  1.20s           2026-05-06T13:26:56
================================================================================
[2026-05-06T13:27:56.121+0000] {manager.py:878} INFO - 
================================================================================
DAG File Processing Stats

File Path                          PID    Runtime      # DAGs    # Errors  Last Runtime    Last Run
---------------------------------  -----  ---------  --------  ----------  --------------  -------------------
/opt/airflow/dags/pipeline_dag.py                           1           0  0.20s           2026-05-06T13:27:27
================================================================================
[2026-05-06T13:28:31.534+0000] {manager.py:878} INFO - 
================================================================================
DAG File Processing Stats

File Path                            PID  Runtime      # DAGs    # Errors  Last Runtime    Last Run
---------------------------------  -----  ---------  --------  ----------  --------------  -------------------
/opt/airflow/dags/pipeline_dag.py   2408  0.01s             1           0  0.21s           2026-05-06T13:27:59
================================================================================
[2026-05-06T13:29:04.269+0000] {manager.py:878} INFO - 
================================================================================
DAG File Processing Stats

File Path                            PID  Runtime      # DAGs    # Errors  Last Runtime    Last Run
---------------------------------  -----  ---------  --------  ----------  --------------  -------------------
/opt/airflow/dags/pipeline_dag.py   2413  0.01s             1           0  0.18s           2026-05-06T13:28:31
================================================================================
[2026-05-06T13:29:37.047+0000] {manager.py:878} INFO - 
================================================================================
DAG File Processing Stats

File Path                            PID  Runtime      # DAGs    # Errors  Last Runtime    Last Run
---------------------------------  -----  ---------  --------  ----------  --------------  -------------------
/opt/airflow/dags/pipeline_dag.py   2418  0.01s             1           0  0.16s           2026-05-06T13:29:04
================================================================================
[2026-05-06T13:29:44.123+0000] {manager.py:737} INFO - Searching for files in /opt/airflow/dags
[2026-05-06T13:29:44.202+0000] {manager.py:740} INFO - There are 1 files in /opt/airflow/dags
[2026-05-06T13:30:09.951+0000] {manager.py:878} INFO - 
================================================================================
DAG File Processing Stats

File Path                            PID  Runtime      # DAGs    # Errors  Last Runtime    Last Run
---------------------------------  -----  ---------  --------  ----------  --------------  -------------------
/opt/airflow/dags/pipeline_dag.py   2423  0.01s             1           0  0.16s           2026-05-06T13:29:37
================================================================================
[2026-05-06T13:30:42.793+0000] {manager.py:878} INFO - 
================================================================================
DAG File Processing Stats

File Path                          PID    Runtime      # DAGs    # Errors  Last Runtime    Last Run
---------------------------------  -----  ---------  --------  ----------  --------------  -------------------
/opt/airflow/dags/pipeline_dag.py                           1           0  0.16s           2026-05-06T13:30:41
================================================================================
[2026-05-06T13:31:15.613+0000] {manager.py:878} INFO - 
================================================================================
DAG File Processing Stats

File Path                          PID    Runtime      # DAGs    # Errors  Last Runtime    Last Run
---------------------------------  -----  ---------  --------  ----------  --------------  -------------------
/opt/airflow/dags/pipeline_dag.py                           1           0  0.14s           2026-05-06T13:31:14
================================================================================
[2026-05-06T13:31:48.277+0000] {manager.py:878} INFO - 
================================================================================
DAG File Processing Stats

File Path                          PID    Runtime      # DAGs    # Errors  Last Runtime    Last Run
---------------------------------  -----  ---------  --------  ----------  --------------  -------------------
/opt/airflow/dags/pipeline_dag.py                           1           0  0.19s           2026-05-06T13:31:47
================================================================================
[2026-05-06T13:32:21.189+0000] {manager.py:878} INFO - 
================================================================================
DAG File Processing Stats

File Path                          PID    Runtime      # DAGs    # Errors  Last Runtime    Last Run
---------------------------------  -----  ---------  --------  ----------  --------------  -------------------
/opt/airflow/dags/pipeline_dag.py                           1           0  0.14s           2026-05-06T13:32:17
================================================================================
[2026-05-06T13:32:53.956+0000] {manager.py:878} INFO - 
================================================================================
DAG File Processing Stats

File Path                          PID    Runtime      # DAGs    # Errors  Last Runtime    Last Run
---------------------------------  -----  ---------  --------  ----------  --------------  -------------------
/opt/airflow/dags/pipeline_dag.py                           1           0  0.14s           2026-05-06T13:32:48
================================================================================
[2026-05-06T13:33:26.650+0000] {manager.py:878} INFO - 
================================================================================
DAG File Processing Stats

File Path                          PID    Runtime      # DAGs    # Errors  Last Runtime    Last Run
---------------------------------  -----  ---------  --------  ----------  --------------  -------------------
/opt/airflow/dags/pipeline_dag.py                           1           0  0.26s           2026-05-06T13:33:19
================================================================================
[2026-05-06T13:33:59.177+0000] {manager.py:878} INFO - 
================================================================================
DAG File Processing Stats

File Path                          PID    Runtime      # DAGs    # Errors  Last Runtime    Last Run
---------------------------------  -----  ---------  --------  ----------  --------------  -------------------
/opt/airflow/dags/pipeline_dag.py                           1           0  0.15s           2026-05-06T13:33:49
================================================================================
[2026-05-06T13:34:32.126+0000] {manager.py:878} INFO - 
================================================================================
DAG File Processing Stats

File Path                          PID    Runtime      # DAGs    # Errors  Last Runtime    Last Run
---------------------------------  -----  ---------  --------  ----------  --------------  -------------------
/opt/airflow/dags/pipeline_dag.py                           1           0  0.15s           2026-05-06T13:34:20
================================================================================
[2026-05-06T13:34:44.174+0000] {manager.py:737} INFO - Searching for files in /opt/airflow/dags
[2026-05-06T13:34:44.190+0000] {manager.py:740} INFO - There are 1 files in /opt/airflow/dags
[2026-05-06T13:35:04.748+0000] {manager.py:878} INFO - 
================================================================================
DAG File Processing Stats

File Path                          PID    Runtime      # DAGs    # Errors  Last Runtime    Last Run
---------------------------------  -----  ---------  --------  ----------  --------------  -------------------
/opt/airflow/dags/pipeline_dag.py                           1           0  0.14s           2026-05-06T13:34:51
================================================================================
[2026-05-06T13:35:37.893+0000] {manager.py:878} INFO - 
================================================================================
DAG File Processing Stats

File Path                          PID    Runtime      # DAGs    # Errors  Last Runtime    Last Run
---------------------------------  -----  ---------  --------  ----------  --------------  -------------------
/opt/airflow/dags/pipeline_dag.py                           1           0  0.35s           2026-05-06T13:35:22
================================================================================
[2026-05-06T13:36:10.825+0000] {manager.py:878} INFO - 
================================================================================
DAG File Processing Stats

File Path                          PID    Runtime      # DAGs    # Errors  Last Runtime    Last Run
---------------------------------  -----  ---------  --------  ----------  --------------  -------------------
/opt/airflow/dags/pipeline_dag.py                           1           0  0.14s           2026-05-06T13:35:52
================================================================================
[2026-05-06T13:36:43.684+0000] {manager.py:878} INFO - 
================================================================================
DAG File Processing Stats

File Path                          PID    Runtime      # DAGs    # Errors  Last Runtime    Last Run
---------------------------------  -----  ---------  --------  ----------  --------------  -------------------
/opt/airflow/dags/pipeline_dag.py                           1           0  0.13s           2026-05-06T13:36:23
================================================================================
[2026-05-06T13:37:16.365+0000] {manager.py:878} INFO - 
================================================================================
DAG File Processing Stats

File Path                          PID    Runtime      # DAGs    # Errors  Last Runtime    Last Run
---------------------------------  -----  ---------  --------  ----------  --------------  -------------------
/opt/airflow/dags/pipeline_dag.py                           1           0  0.28s           2026-05-06T13:36:54
================================================================================
[2026-05-06T13:37:49.075+0000] {manager.py:878} INFO - 
================================================================================
DAG File Processing Stats

File Path                          PID    Runtime      # DAGs    # Errors  Last Runtime    Last Run
---------------------------------  -----  ---------  --------  ----------  --------------  -------------------
/opt/airflow/dags/pipeline_dag.py                           1           0  0.17s           2026-05-06T13:37:24
================================================================================
[2026-05-06T13:38:21.792+0000] {manager.py:878} INFO - 
================================================================================
DAG File Processing Stats

File Path                          PID    Runtime      # DAGs    # Errors  Last Runtime    Last Run
---------------------------------  -----  ---------  --------  ----------  --------------  -------------------
/opt/airflow/dags/pipeline_dag.py                           1           0  0.73s           2026-05-06T13:37:55
================================================================================
[2026-05-06T13:38:54.683+0000] {manager.py:878} INFO - 
================================================================================
DAG File Processing Stats

File Path                          PID    Runtime      # DAGs    # Errors  Last Runtime    Last Run
---------------------------------  -----  ---------  --------  ----------  --------------  -------------------
/opt/airflow/dags/pipeline_dag.py                           1           0  0.21s           2026-05-06T13:38:26
================================================================================
[2026-05-06T13:39:27.951+0000] {manager.py:878} INFO - 
================================================================================
DAG File Processing Stats

File Path                            PID  Runtime      # DAGs    # Errors  Last Runtime    Last Run
---------------------------------  -----  ---------  --------  ----------  --------------  -------------------
/opt/airflow/dags/pipeline_dag.py   2513  0.02s             1           0  0.38s           2026-05-06T13:38:57
================================================================================
[2026-05-06T13:39:44.229+0000] {manager.py:737} INFO - Searching for files in /opt/airflow/dags
[2026-05-06T13:39:44.283+0000] {manager.py:740} INFO - There are 1 files in /opt/airflow/dags
[2026-05-06T13:40:01.021+0000] {manager.py:878} INFO - 
================================================================================
DAG File Processing Stats

File Path                          PID    Runtime      # DAGs    # Errors  Last Runtime    Last Run
---------------------------------  -----  ---------  --------  ----------  --------------  -------------------
/opt/airflow/dags/pipeline_dag.py                           1           0  0.65s           2026-05-06T13:39:58
================================================================================
[2026-05-06T13:40:34.105+0000] {manager.py:878} INFO - 
================================================================================
DAG File Processing Stats

File Path                          PID    Runtime      # DAGs    # Errors  Last Runtime    Last Run
---------------------------------  -----  ---------  --------  ----------  --------------  -------------------
/opt/airflow/dags/pipeline_dag.py                           1           0  0.28s           2026-05-06T13:40:29
================================================================================
[2026-05-06T13:41:07.786+0000] {manager.py:878} INFO - 
================================================================================
DAG File Processing Stats

File Path                          PID    Runtime      # DAGs    # Errors  Last Runtime    Last Run
---------------------------------  -----  ---------  --------  ----------  --------------  -------------------
/opt/airflow/dags/pipeline_dag.py                           1           0  0.52s           2026-05-06T13:41:02
================================================================================
[2026-05-06T13:41:40.952+0000] {manager.py:878} INFO - 
================================================================================
DAG File Processing Stats

File Path                          PID    Runtime      # DAGs    # Errors  Last Runtime    Last Run
---------------------------------  -----  ---------  --------  ----------  --------------  -------------------
/opt/airflow/dags/pipeline_dag.py                           1           0  0.28s           2026-05-06T13:41:35
================================================================================
[2026-05-06T13:42:13.615+0000] {manager.py:878} INFO - 
================================================================================
DAG File Processing Stats

File Path                          PID    Runtime      # DAGs    # Errors  Last Runtime    Last Run
---------------------------------  -----  ---------  --------  ----------  --------------  -------------------
/opt/airflow/dags/pipeline_dag.py                           1           0  0.39s           2026-05-06T13:42:07
================================================================================
[2026-05-06T13:42:46.529+0000] {manager.py:878} INFO - 
================================================================================
DAG File Processing Stats

File Path                          PID    Runtime      # DAGs    # Errors  Last Runtime    Last Run
---------------------------------  -----  ---------  --------  ----------  --------------  -------------------
/opt/airflow/dags/pipeline_dag.py                           1           0  0.56s           2026-05-06T13:42:40
================================================================================
[2026-05-06T13:43:19.704+0000] {manager.py:878} INFO - 
================================================================================
DAG File Processing Stats

File Path                          PID    Runtime      # DAGs    # Errors  Last Runtime    Last Run
---------------------------------  -----  ---------  --------  ----------  --------------  -------------------
/opt/airflow/dags/pipeline_dag.py                           1           0  0.47s           2026-05-06T13:43:13
================================================================================
[2026-05-06T13:43:52.535+0000] {manager.py:878} INFO - 
================================================================================
DAG File Processing Stats

File Path                          PID    Runtime      # DAGs    # Errors  Last Runtime    Last Run
---------------------------------  -----  ---------  --------  ----------  --------------  -------------------
/opt/airflow/dags/pipeline_dag.py                           1           0  1.00s           2026-05-06T13:43:46
================================================================================
[2026-05-06T13:44:25.671+0000] {manager.py:878} INFO - 
================================================================================
DAG File Processing Stats

File Path                          PID    Runtime      # DAGs    # Errors  Last Runtime    Last Run
---------------------------------  -----  ---------  --------  ----------  --------------  -------------------
/opt/airflow/dags/pipeline_dag.py                           1           0  1.29s           2026-05-06T13:44:19
================================================================================
[2026-05-06T13:44:44.374+0000] {manager.py:737} INFO - Searching for files in /opt/airflow/dags
[2026-05-06T13:44:44.409+0000] {manager.py:740} INFO - There are 1 files in /opt/airflow/dags
[2026-05-06T13:44:58.601+0000] {manager.py:878} INFO - 
================================================================================
DAG File Processing Stats

File Path                          PID    Runtime      # DAGs    # Errors  Last Runtime    Last Run
---------------------------------  -----  ---------  --------  ----------  --------------  -------------------
/opt/airflow/dags/pipeline_dag.py                           1           0  0.33s           2026-05-06T13:44:51
================================================================================
[2026-05-06T13:45:31.255+0000] {manager.py:878} INFO - 
================================================================================
DAG File Processing Stats

File Path                          PID    Runtime      # DAGs    # Errors  Last Runtime    Last Run
---------------------------------  -----  ---------  --------  ----------  --------------  -------------------
/opt/airflow/dags/pipeline_dag.py                           1           0  0.18s           2026-05-06T13:45:24
================================================================================
[2026-05-06T13:46:04.417+0000] {manager.py:878} INFO - 
================================================================================
DAG File Processing Stats

File Path                          PID    Runtime      # DAGs    # Errors  Last Runtime    Last Run
---------------------------------  -----  ---------  --------  ----------  --------------  -------------------
/opt/airflow/dags/pipeline_dag.py                           1           0  2.68s           2026-05-06T13:45:57
================================================================================
[2026-05-06T13:46:37.275+0000] {manager.py:878} INFO - 
================================================================================
DAG File Processing Stats

File Path                          PID    Runtime      # DAGs    # Errors  Last Runtime    Last Run
---------------------------------  -----  ---------  --------  ----------  --------------  -------------------
/opt/airflow/dags/pipeline_dag.py                           1           0  2.26s           2026-05-06T13:46:31
================================================================================
[2026-05-06T13:47:10.315+0000] {manager.py:878} INFO - 
================================================================================
DAG File Processing Stats

File Path                          PID    Runtime      # DAGs    # Errors  Last Runtime    Last Run
---------------------------------  -----  ---------  --------  ----------  --------------  -------------------
/opt/airflow/dags/pipeline_dag.py                           1           0  0.71s           2026-05-06T13:47:02
================================================================================
[2026-05-06T13:47:43.695+0000] {manager.py:878} INFO - 
================================================================================
DAG File Processing Stats

File Path                          PID    Runtime      # DAGs    # Errors  Last Runtime    Last Run
---------------------------------  -----  ---------  --------  ----------  --------------  -------------------
/opt/airflow/dags/pipeline_dag.py                           1           0  0.16s           2026-05-06T13:47:34
================================================================================
[2026-05-06T13:48:16.665+0000] {manager.py:878} INFO - 
================================================================================
DAG File Processing Stats

File Path                          PID    Runtime      # DAGs    # Errors  Last Runtime    Last Run
---------------------------------  -----  ---------  --------  ----------  --------------  -------------------
/opt/airflow/dags/pipeline_dag.py                           1           0  0.37s           2026-05-06T13:48:07
================================================================================
[2026-05-06T13:48:49.538+0000] {manager.py:878} INFO - 
================================================================================
DAG File Processing Stats

File Path                          PID    Runtime      # DAGs    # Errors  Last Runtime    Last Run
---------------------------------  -----  ---------  --------  ----------  --------------  -------------------
/opt/airflow/dags/pipeline_dag.py                           1           0  0.34s           2026-05-06T13:48:40
================================================================================
[2026-05-06T13:49:22.213+0000] {manager.py:878} INFO - 
================================================================================
DAG File Processing Stats

File Path                          PID    Runtime      # DAGs    # Errors  Last Runtime    Last Run
---------------------------------  -----  ---------  --------  ----------  --------------  -------------------
/opt/airflow/dags/pipeline_dag.py                           1           0  0.22s           2026-05-06T13:49:12
================================================================================
[2026-05-06T13:49:44.540+0000] {manager.py:737} INFO - Searching for files in /opt/airflow/dags
[2026-05-06T13:49:44.597+0000] {manager.py:740} INFO - There are 1 files in /opt/airflow/dags
[2026-05-06T13:49:54.819+0000] {manager.py:878} INFO - 
================================================================================
DAG File Processing Stats

File Path                          PID    Runtime      # DAGs    # Errors  Last Runtime    Last Run
---------------------------------  -----  ---------  --------  ----------  --------------  -------------------
/opt/airflow/dags/pipeline_dag.py                           1           0  0.36s           2026-05-06T13:49:45
================================================================================
[2026-05-06T13:50:28.050+0000] {manager.py:878} INFO - 
================================================================================
DAG File Processing Stats

File Path                          PID    Runtime      # DAGs    # Errors  Last Runtime    Last Run
---------------------------------  -----  ---------  --------  ----------  --------------  -------------------
/opt/airflow/dags/pipeline_dag.py                           1           0  0.71s           2026-05-06T13:50:17
================================================================================
[2026-05-06T13:51:01.252+0000] {manager.py:878} INFO - 
================================================================================
DAG File Processing Stats

File Path                          PID    Runtime      # DAGs    # Errors  Last Runtime    Last Run
---------------------------------  -----  ---------  --------  ----------  --------------  -------------------
/opt/airflow/dags/pipeline_dag.py                           1           0  0.51s           2026-05-06T13:50:50
================================================================================
[2026-05-06T13:51:34.232+0000] {manager.py:878} INFO - 
================================================================================
DAG File Processing Stats

File Path                          PID    Runtime      # DAGs    # Errors  Last Runtime    Last Run
---------------------------------  -----  ---------  --------  ----------  --------------  -------------------
/opt/airflow/dags/pipeline_dag.py                           1           0  0.23s           2026-05-06T13:51:23
================================================================================
[2026-05-06T13:52:06.966+0000] {manager.py:878} INFO - 
================================================================================
DAG File Processing Stats

File Path                          PID    Runtime      # DAGs    # Errors  Last Runtime    Last Run
---------------------------------  -----  ---------  --------  ----------  --------------  -------------------
/opt/airflow/dags/pipeline_dag.py                           1           0  0.67s           2026-05-06T13:51:57
================================================================================
[2026-05-06T13:52:39.841+0000] {manager.py:878} INFO - 
================================================================================
DAG File Processing Stats

File Path                          PID    Runtime      # DAGs    # Errors  Last Runtime    Last Run
---------------------------------  -----  ---------  --------  ----------  --------------  -------------------
/opt/airflow/dags/pipeline_dag.py                           1           0  0.21s           2026-05-06T13:52:28
================================================================================
[2026-05-06T13:53:11.276+0000] {manager.py:878} INFO - 
================================================================================
DAG File Processing Stats

File Path                          PID    Runtime      # DAGs    # Errors  Last Runtime    Last Run
---------------------------------  -----  ---------  --------  ----------  --------------  -------------------
/opt/airflow/dags/pipeline_dag.py                           1           0  0.27s           2026-05-06T13:53:00
================================================================================
[2026-05-06T13:53:45.871+0000] {manager.py:878} INFO - 
================================================================================
DAG File Processing Stats

File Path                          PID    Runtime      # DAGs    # Errors  Last Runtime    Last Run
---------------------------------  -----  ---------  --------  ----------  --------------  -------------------
/opt/airflow/dags/pipeline_dag.py                           1           0  1.49s           2026-05-06T13:53:31
================================================================================
[2026-05-06T13:54:19.320+0000] {manager.py:878} INFO - 
================================================================================
DAG File Processing Stats

File Path                          PID    Runtime      # DAGs    # Errors  Last Runtime    Last Run
---------------------------------  -----  ---------  --------  ----------  --------------  -------------------
/opt/airflow/dags/pipeline_dag.py                           1           0  0.56s           2026-05-06T13:54:02
================================================================================
[2026-05-06T13:54:44.852+0000] {manager.py:737} INFO - Searching for files in /opt/airflow/dags
[2026-05-06T13:54:44.883+0000] {manager.py:740} INFO - There are 1 files in /opt/airflow/dags
[2026-05-06T13:54:52.974+0000] {manager.py:878} INFO - 
================================================================================
DAG File Processing Stats

File Path                          PID    Runtime      # DAGs    # Errors  Last Runtime    Last Run
---------------------------------  -----  ---------  --------  ----------  --------------  -------------------
/opt/airflow/dags/pipeline_dag.py                           1           0  3.25s           2026-05-06T13:54:36
================================================================================
[2026-05-06T13:55:26.104+0000] {manager.py:878} INFO - 
================================================================================
DAG File Processing Stats

File Path                          PID    Runtime      # DAGs    # Errors  Last Runtime    Last Run
---------------------------------  -----  ---------  --------  ----------  --------------  -------------------
/opt/airflow/dags/pipeline_dag.py                           1           0  0.93s           2026-05-06T13:55:08
================================================================================
[2026-05-06T13:55:59.038+0000] {manager.py:878} INFO - 
================================================================================
DAG File Processing Stats

File Path                          PID    Runtime      # DAGs    # Errors  Last Runtime    Last Run
---------------------------------  -----  ---------  --------  ----------  --------------  -------------------
/opt/airflow/dags/pipeline_dag.py                           1           0  0.20s           2026-05-06T13:55:38
================================================================================
[2026-05-06T13:56:32.035+0000] {manager.py:878} INFO - 
================================================================================
DAG File Processing Stats

File Path                          PID    Runtime      # DAGs    # Errors  Last Runtime    Last Run
---------------------------------  -----  ---------  --------  ----------  --------------  -------------------
/opt/airflow/dags/pipeline_dag.py                           1           0  0.27s           2026-05-06T13:56:09
================================================================================
[2026-05-06T13:57:04.968+0000] {manager.py:878} INFO - 
================================================================================
DAG File Processing Stats

File Path                          PID    Runtime      # DAGs    # Errors  Last Runtime    Last Run
---------------------------------  -----  ---------  --------  ----------  --------------  -------------------
/opt/airflow/dags/pipeline_dag.py                           1           0  0.17s           2026-05-06T13:56:40
================================================================================
[2026-05-06T13:57:37.806+0000] {manager.py:878} INFO - 
================================================================================
DAG File Processing Stats

File Path                          PID    Runtime      # DAGs    # Errors  Last Runtime    Last Run
---------------------------------  -----  ---------  --------  ----------  --------------  -------------------
/opt/airflow/dags/pipeline_dag.py                           1           0  0.84s           2026-05-06T13:57:11
================================================================================
[2026-05-06T13:58:10.782+0000] {manager.py:878} INFO - 
================================================================================
DAG File Processing Stats

File Path                          PID    Runtime      # DAGs    # Errors  Last Runtime    Last Run
---------------------------------  -----  ---------  --------  ----------  --------------  -------------------
/opt/airflow/dags/pipeline_dag.py                           1           0  0.82s           2026-05-06T13:57:42
================================================================================
[2026-05-06T13:58:43.831+0000] {manager.py:878} INFO - 
================================================================================
DAG File Processing Stats

File Path                            PID  Runtime      # DAGs    # Errors  Last Runtime    Last Run
---------------------------------  -----  ---------  --------  ----------  --------------  -------------------
/opt/airflow/dags/pipeline_dag.py   2693  0.00s             1           0  0.21s           2026-05-06T13:58:13
================================================================================
[2026-05-06T13:59:16.654+0000] {manager.py:878} INFO - 
================================================================================
DAG File Processing Stats

File Path                          PID    Runtime      # DAGs    # Errors  Last Runtime    Last Run
---------------------------------  -----  ---------  --------  ----------  --------------  -------------------
/opt/airflow/dags/pipeline_dag.py                           1           0  0.16s           2026-05-06T13:59:14
================================================================================
[2026-05-06T13:59:45.660+0000] {manager.py:737} INFO - Searching for files in /opt/airflow/dags
[2026-05-06T13:59:45.692+0000] {manager.py:740} INFO - There are 1 files in /opt/airflow/dags
[2026-05-06T13:59:49.849+0000] {manager.py:878} INFO - 
================================================================================
DAG File Processing Stats

File Path                          PID    Runtime      # DAGs    # Errors  Last Runtime    Last Run
---------------------------------  -----  ---------  --------  ----------  --------------  -------------------
/opt/airflow/dags/pipeline_dag.py                           1           0  0.18s           2026-05-06T13:59:45
================================================================================
[2026-05-06T14:00:22.980+0000] {manager.py:878} INFO - 
================================================================================
DAG File Processing Stats

File Path                          PID    Runtime      # DAGs    # Errors  Last Runtime    Last Run
---------------------------------  -----  ---------  --------  ----------  --------------  -------------------
/opt/airflow/dags/pipeline_dag.py                           1           0  0.47s           2026-05-06T14:00:17
================================================================================
[2026-05-06T14:00:56.261+0000] {manager.py:878} INFO - 
================================================================================
DAG File Processing Stats

File Path                          PID    Runtime      # DAGs    # Errors  Last Runtime    Last Run
---------------------------------  -----  ---------  --------  ----------  --------------  -------------------
/opt/airflow/dags/pipeline_dag.py                           1           0  0.28s           2026-05-06T14:00:48
================================================================================
[2026-05-06T14:01:29.168+0000] {manager.py:878} INFO - 
================================================================================
DAG File Processing Stats

File Path                          PID    Runtime      # DAGs    # Errors  Last Runtime    Last Run
---------------------------------  -----  ---------  --------  ----------  --------------  -------------------
/opt/airflow/dags/pipeline_dag.py                           1           0  0.17s           2026-05-06T14:01:19
================================================================================
[2026-05-06T14:02:01.981+0000] {manager.py:878} INFO - 
================================================================================
DAG File Processing Stats

File Path                          PID    Runtime      # DAGs    # Errors  Last Runtime    Last Run
---------------------------------  -----  ---------  --------  ----------  --------------  -------------------
/opt/airflow/dags/pipeline_dag.py                           1           0  0.52s           2026-05-06T14:01:50
================================================================================
[2026-05-06T14:02:34.925+0000] {manager.py:878} INFO - 
================================================================================
DAG File Processing Stats

File Path                          PID    Runtime      # DAGs    # Errors  Last Runtime    Last Run
---------------------------------  -----  ---------  --------  ----------  --------------  -------------------
/opt/airflow/dags/pipeline_dag.py                           1           0  0.58s           2026-05-06T14:02:20
================================================================================
[2026-05-06T14:03:07.688+0000] {manager.py:878} INFO - 
================================================================================
DAG File Processing Stats

File Path                          PID    Runtime      # DAGs    # Errors  Last Runtime    Last Run
---------------------------------  -----  ---------  --------  ----------  --------------  -------------------
/opt/airflow/dags/pipeline_dag.py                           1           0  0.51s           2026-05-06T14:02:51
================================================================================
[2026-05-06T14:03:40.685+0000] {manager.py:878} INFO - 
================================================================================
DAG File Processing Stats

File Path                          PID    Runtime      # DAGs    # Errors  Last Runtime    Last Run
---------------------------------  -----  ---------  --------  ----------  --------------  -------------------
/opt/airflow/dags/pipeline_dag.py                           1           0  0.43s           2026-05-06T14:03:23
================================================================================
[2026-05-06T14:04:13.847+0000] {manager.py:878} INFO - 
================================================================================
DAG File Processing Stats

File Path                          PID    Runtime      # DAGs    # Errors  Last Runtime    Last Run
---------------------------------  -----  ---------  --------  ----------  --------------  -------------------
/opt/airflow/dags/pipeline_dag.py                           1           0  1.38s           2026-05-06T14:03:58
================================================================================
[2026-05-06T14:04:46.090+0000] {manager.py:737} INFO - Searching for files in /opt/airflow/dags
[2026-05-06T14:04:46.137+0000] {manager.py:740} INFO - There are 1 files in /opt/airflow/dags
[2026-05-06T14:04:47.198+0000] {manager.py:878} INFO - 
================================================================================
DAG File Processing Stats

File Path                          PID    Runtime      # DAGs    # Errors  Last Runtime    Last Run
---------------------------------  -----  ---------  --------  ----------  --------------  -------------------
/opt/airflow/dags/pipeline_dag.py                           1           0  0.48s           2026-05-06T14:04:30
================================================================================
[2026-05-06T14:05:20.581+0000] {manager.py:878} INFO - 
================================================================================
DAG File Processing Stats

File Path                          PID    Runtime      # DAGs    # Errors  Last Runtime    Last Run
---------------------------------  -----  ---------  --------  ----------  --------------  -------------------
/opt/airflow/dags/pipeline_dag.py                           1           0  3.14s           2026-05-06T14:05:05
================================================================================
[2026-05-06T14:05:53.853+0000] {manager.py:878} INFO - 
================================================================================
DAG File Processing Stats

File Path                          PID    Runtime      # DAGs    # Errors  Last Runtime    Last Run
---------------------------------  -----  ---------  --------  ----------  --------------  -------------------
/opt/airflow/dags/pipeline_dag.py                           1           0  0.99s           2026-05-06T14:05:36
================================================================================
[2026-05-06T14:06:27.585+0000] {manager.py:878} INFO - 
================================================================================
DAG File Processing Stats

File Path                          PID    Runtime      # DAGs    # Errors  Last Runtime    Last Run
---------------------------------  -----  ---------  --------  ----------  --------------  -------------------
/opt/airflow/dags/pipeline_dag.py                           1           0  0.53s           2026-05-06T14:06:08
================================================================================
[2026-05-06T14:07:00.593+0000] {manager.py:878} INFO - 
================================================================================
DAG File Processing Stats

File Path                          PID    Runtime      # DAGs    # Errors  Last Runtime    Last Run
---------------------------------  -----  ---------  --------  ----------  --------------  -------------------
/opt/airflow/dags/pipeline_dag.py                           1           0  0.83s           2026-05-06T14:06:41
================================================================================
[2026-05-06T14:07:34.654+0000] {manager.py:878} INFO - 
================================================================================
DAG File Processing Stats

File Path                          PID    Runtime      # DAGs    # Errors  Last Runtime    Last Run
---------------------------------  -----  ---------  --------  ----------  --------------  -------------------
/opt/airflow/dags/pipeline_dag.py                           1           0  0.59s           2026-05-06T14:07:14
================================================================================
[2026-05-06T14:08:08.009+0000] {manager.py:878} INFO - 
================================================================================
DAG File Processing Stats

File Path                          PID    Runtime      # DAGs    # Errors  Last Runtime    Last Run
---------------------------------  -----  ---------  --------  ----------  --------------  -------------------
/opt/airflow/dags/pipeline_dag.py                           1           0  0.53s           2026-05-06T14:07:47
================================================================================
[2026-05-06T14:08:41.240+0000] {manager.py:878} INFO - 
================================================================================
DAG File Processing Stats

File Path                          PID    Runtime      # DAGs    # Errors  Last Runtime    Last Run
---------------------------------  -----  ---------  --------  ----------  --------------  -------------------
/opt/airflow/dags/pipeline_dag.py                           1           0  1.31s           2026-05-06T14:08:20
================================================================================
[2026-05-06T14:09:14.867+0000] {manager.py:878} INFO - 
================================================================================
DAG File Processing Stats

File Path                          PID    Runtime      # DAGs    # Errors  Last Runtime    Last Run
---------------------------------  -----  ---------  --------  ----------  --------------  -------------------
/opt/airflow/dags/pipeline_dag.py                           1           0  1.15s           2026-05-06T14:08:52
================================================================================
[2026-05-06T14:09:46.393+0000] {manager.py:737} INFO - Searching for files in /opt/airflow/dags
[2026-05-06T14:09:46.579+0000] {manager.py:740} INFO - There are 1 files in /opt/airflow/dags
[2026-05-06T14:09:47.850+0000] {manager.py:878} INFO - 
================================================================================
DAG File Processing Stats

File Path                          PID    Runtime      # DAGs    # Errors  Last Runtime    Last Run
---------------------------------  -----  ---------  --------  ----------  --------------  -------------------
/opt/airflow/dags/pipeline_dag.py                           1           0  1.94s           2026-05-06T14:09:26
================================================================================
[2026-05-06T14:10:20.818+0000] {manager.py:878} INFO - 
================================================================================
DAG File Processing Stats

File Path                          PID    Runtime      # DAGs    # Errors  Last Runtime    Last Run
---------------------------------  -----  ---------  --------  ----------  --------------  -------------------
/opt/airflow/dags/pipeline_dag.py                           1           0  1.19s           2026-05-06T14:10:00
================================================================================
[2026-05-06T14:10:54.077+0000] {manager.py:878} INFO - 
================================================================================
DAG File Processing Stats

File Path                          PID    Runtime      # DAGs    # Errors  Last Runtime    Last Run
---------------------------------  -----  ---------  --------  ----------  --------------  -------------------
/opt/airflow/dags/pipeline_dag.py                           1           0  0.52s           2026-05-06T14:10:32
================================================================================
[2026-05-06T14:11:27.200+0000] {manager.py:878} INFO - 
================================================================================
DAG File Processing Stats

File Path                          PID    Runtime      # DAGs    # Errors  Last Runtime    Last Run
---------------------------------  -----  ---------  --------  ----------  --------------  -------------------
/opt/airflow/dags/pipeline_dag.py                           1           0  0.53s           2026-05-06T14:11:05
================================================================================
[2026-05-06T14:12:00.013+0000] {manager.py:878} INFO - 
================================================================================
DAG File Processing Stats

File Path                          PID    Runtime      # DAGs    # Errors  Last Runtime    Last Run
---------------------------------  -----  ---------  --------  ----------  --------------  -------------------
/opt/airflow/dags/pipeline_dag.py                           1           0  2.79s           2026-05-06T14:11:38
================================================================================
[2026-05-06T14:12:33.529+0000] {manager.py:878} INFO - 
================================================================================
DAG File Processing Stats

File Path                          PID    Runtime      # DAGs    # Errors  Last Runtime    Last Run
---------------------------------  -----  ---------  --------  ----------  --------------  -------------------
/opt/airflow/dags/pipeline_dag.py                           1           0  0.46s           2026-05-06T14:12:11
================================================================================
[2026-05-06T14:13:07.301+0000] {manager.py:878} INFO - 
================================================================================
DAG File Processing Stats

File Path                          PID    Runtime      # DAGs    # Errors  Last Runtime    Last Run
---------------------------------  -----  ---------  --------  ----------  --------------  -------------------
/opt/airflow/dags/pipeline_dag.py                           1           0  1.17s           2026-05-06T14:12:45
================================================================================
[2026-05-06T14:13:40.412+0000] {manager.py:878} INFO - 
================================================================================
DAG File Processing Stats

File Path                          PID    Runtime      # DAGs    # Errors  Last Runtime    Last Run
---------------------------------  -----  ---------  --------  ----------  --------------  -------------------
/opt/airflow/dags/pipeline_dag.py                           1           0  0.86s           2026-05-06T14:13:17
================================================================================
[2026-05-06T14:14:13.834+0000] {manager.py:878} INFO - 
================================================================================
DAG File Processing Stats

File Path                          PID    Runtime      # DAGs    # Errors  Last Runtime    Last Run
---------------------------------  -----  ---------  --------  ----------  --------------  -------------------
/opt/airflow/dags/pipeline_dag.py                           1           0  1.28s           2026-05-06T14:13:50
================================================================================
[2026-05-06T14:14:46.457+0000] {manager.py:737} INFO - Searching for files in /opt/airflow/dags
[2026-05-06T14:14:46.515+0000] {manager.py:740} INFO - There are 1 files in /opt/airflow/dags
[2026-05-06T14:14:47.616+0000] {manager.py:878} INFO - 
================================================================================
DAG File Processing Stats

File Path                          PID    Runtime      # DAGs    # Errors  Last Runtime    Last Run
---------------------------------  -----  ---------  --------  ----------  --------------  -------------------
/opt/airflow/dags/pipeline_dag.py                           1           0  1.19s           2026-05-06T14:14:24
================================================================================
[2026-05-06T14:15:21.277+0000] {manager.py:878} INFO - 
================================================================================
DAG File Processing Stats

File Path                          PID    Runtime      # DAGs    # Errors  Last Runtime    Last Run
---------------------------------  -----  ---------  --------  ----------  --------------  -------------------
/opt/airflow/dags/pipeline_dag.py                           1           0  0.62s           2026-05-06T14:14:56
================================================================================
[2026-05-06T14:15:54.632+0000] {manager.py:878} INFO - 
================================================================================
DAG File Processing Stats

File Path                          PID    Runtime      # DAGs    # Errors  Last Runtime    Last Run
---------------------------------  -----  ---------  --------  ----------  --------------  -------------------
/opt/airflow/dags/pipeline_dag.py                           1           0  2.97s           2026-05-06T14:15:31
================================================================================
[2026-05-06T14:16:27.785+0000] {manager.py:878} INFO - 
================================================================================
DAG File Processing Stats

File Path                          PID    Runtime      # DAGs    # Errors  Last Runtime    Last Run
---------------------------------  -----  ---------  --------  ----------  --------------  -------------------
/opt/airflow/dags/pipeline_dag.py                           1           0  0.29s           2026-05-06T14:16:01
================================================================================
[2026-05-06T14:17:01.080+0000] {manager.py:878} INFO - 
================================================================================
DAG File Processing Stats

File Path                          PID    Runtime      # DAGs    # Errors  Last Runtime    Last Run
---------------------------------  -----  ---------  --------  ----------  --------------  -------------------
/opt/airflow/dags/pipeline_dag.py                           1           0  5.57s           2026-05-06T14:16:40
================================================================================
[2026-05-06T14:17:35.161+0000] {manager.py:878} INFO - 
================================================================================
DAG File Processing Stats

File Path                          PID    Runtime      # DAGs    # Errors  Last Runtime    Last Run
---------------------------------  -----  ---------  --------  ----------  --------------  -------------------
/opt/airflow/dags/pipeline_dag.py                           1           0  10.62s          2026-05-06T14:17:22
================================================================================
[2026-05-06T14:18:08.642+0000] {manager.py:878} INFO - 
================================================================================
DAG File Processing Stats

File Path                          PID    Runtime      # DAGs    # Errors  Last Runtime    Last Run
---------------------------------  -----  ---------  --------  ----------  --------------  -------------------
/opt/airflow/dags/pipeline_dag.py                           1           0  3.17s           2026-05-06T14:17:58
================================================================================
[2026-05-06T14:18:41.572+0000] {manager.py:878} INFO - 
================================================================================
DAG File Processing Stats

File Path                          PID    Runtime      # DAGs    # Errors  Last Runtime    Last Run
---------------------------------  -----  ---------  --------  ----------  --------------  -------------------
/opt/airflow/dags/pipeline_dag.py                           1           0  0.90s           2026-05-06T14:18:29
================================================================================
[2026-05-06T14:19:14.487+0000] {manager.py:878} INFO - 
================================================================================
DAG File Processing Stats

File Path                          PID    Runtime      # DAGs    # Errors  Last Runtime    Last Run
---------------------------------  -----  ---------  --------  ----------  --------------  -------------------
/opt/airflow/dags/pipeline_dag.py                           1           0  0.81s           2026-05-06T14:19:00
================================================================================
[2026-05-06T14:19:46.658+0000] {manager.py:737} INFO - Searching for files in /opt/airflow/dags
[2026-05-06T14:19:47.668+0000] {manager.py:740} INFO - There are 1 files in /opt/airflow/dags
[2026-05-06T14:19:48.980+0000] {manager.py:878} INFO - 
================================================================================
DAG File Processing Stats

File Path                          PID    Runtime      # DAGs    # Errors  Last Runtime    Last Run
---------------------------------  -----  ---------  --------  ----------  --------------  -------------------
/opt/airflow/dags/pipeline_dag.py                           1           0  8.68s           2026-05-06T14:19:40
================================================================================
[2026-05-06T14:20:22.827+0000] {manager.py:878} INFO - 
================================================================================
DAG File Processing Stats

File Path                          PID    Runtime      # DAGs    # Errors  Last Runtime    Last Run
---------------------------------  -----  ---------  --------  ----------  --------------  -------------------
/opt/airflow/dags/pipeline_dag.py                           1           0  0.39s           2026-05-06T14:20:11
================================================================================
[2026-05-06T14:20:55.845+0000] {manager.py:878} INFO - 
================================================================================
DAG File Processing Stats

File Path                          PID    Runtime      # DAGs    # Errors  Last Runtime    Last Run
---------------------------------  -----  ---------  --------  ----------  --------------  -------------------
/opt/airflow/dags/pipeline_dag.py                           1           0  1.32s           2026-05-06T14:20:42
================================================================================
[2026-05-06T14:21:29.029+0000] {manager.py:878} INFO - 
================================================================================
DAG File Processing Stats

File Path                          PID    Runtime      # DAGs    # Errors  Last Runtime    Last Run
---------------------------------  -----  ---------  --------  ----------  --------------  -------------------
/opt/airflow/dags/pipeline_dag.py                           1           0  0.45s           2026-05-06T14:21:13
================================================================================
[2026-05-06T14:22:02.017+0000] {manager.py:878} INFO - 
================================================================================
DAG File Processing Stats

File Path                          PID    Runtime      # DAGs    # Errors  Last Runtime    Last Run
---------------------------------  -----  ---------  --------  ----------  --------------  -------------------
/opt/airflow/dags/pipeline_dag.py                           1           0  0.44s           2026-05-06T14:21:43
================================================================================
[2026-05-06T14:22:34.922+0000] {manager.py:878} INFO - 
================================================================================
DAG File Processing Stats

File Path                          PID    Runtime      # DAGs    # Errors  Last Runtime    Last Run
---------------------------------  -----  ---------  --------  ----------  --------------  -------------------
/opt/airflow/dags/pipeline_dag.py                           1           0  0.22s           2026-05-06T14:22:15
================================================================================
[2026-05-06T14:23:08.015+0000] {manager.py:878} INFO - 
================================================================================
DAG File Processing Stats

File Path                          PID    Runtime      # DAGs    # Errors  Last Runtime    Last Run
---------------------------------  -----  ---------  --------  ----------  --------------  -------------------
/opt/airflow/dags/pipeline_dag.py                           1           0  0.61s           2026-05-06T14:22:49
================================================================================
[2026-05-06T14:23:41.432+0000] {manager.py:878} INFO - 
================================================================================
DAG File Processing Stats

File Path                          PID    Runtime      # DAGs    # Errors  Last Runtime    Last Run
---------------------------------  -----  ---------  --------  ----------  --------------  -------------------
/opt/airflow/dags/pipeline_dag.py                           1           0  0.69s           2026-05-06T14:23:22
================================================================================
[2026-05-06T14:24:14.969+0000] {manager.py:878} INFO - 
================================================================================
DAG File Processing Stats

File Path                          PID    Runtime      # DAGs    # Errors  Last Runtime    Last Run
---------------------------------  -----  ---------  --------  ----------  --------------  -------------------
/opt/airflow/dags/pipeline_dag.py                           1           0  1.19s           2026-05-06T14:23:55
================================================================================
[2026-05-06T14:24:47.174+0000] {manager.py:737} INFO - Searching for files in /opt/airflow/dags
[2026-05-06T14:24:47.247+0000] {manager.py:740} INFO - There are 1 files in /opt/airflow/dags
[2026-05-06T14:24:48.307+0000] {manager.py:878} INFO - 
================================================================================
DAG File Processing Stats

File Path                          PID    Runtime      # DAGs    # Errors  Last Runtime    Last Run
---------------------------------  -----  ---------  --------  ----------  --------------  -------------------
/opt/airflow/dags/pipeline_dag.py                           1           0  0.40s           2026-05-06T14:24:27
================================================================================
[2026-05-06T14:25:21.777+0000] {manager.py:878} INFO - 
================================================================================
DAG File Processing Stats

File Path                          PID    Runtime      # DAGs    # Errors  Last Runtime    Last Run
---------------------------------  -----  ---------  --------  ----------  --------------  -------------------
/opt/airflow/dags/pipeline_dag.py                           1           0  4.62s           2026-05-06T14:25:02
================================================================================
[2026-05-06T14:25:55.517+0000] {manager.py:878} INFO - 
================================================================================
DAG File Processing Stats

File Path                          PID    Runtime      # DAGs    # Errors  Last Runtime    Last Run
---------------------------------  -----  ---------  --------  ----------  --------------  -------------------
/opt/airflow/dags/pipeline_dag.py                           1           0  0.57s           2026-05-06T14:25:33
================================================================================
[2026-05-06T14:26:29.282+0000] {manager.py:878} INFO - 
================================================================================
DAG File Processing Stats

File Path                          PID    Runtime      # DAGs    # Errors  Last Runtime    Last Run
---------------------------------  -----  ---------  --------  ----------  --------------  -------------------
/opt/airflow/dags/pipeline_dag.py                           1           0  0.39s           2026-05-06T14:26:06
================================================================================
[2026-05-06T14:27:02.417+0000] {manager.py:878} INFO - 
================================================================================
DAG File Processing Stats

File Path                          PID    Runtime      # DAGs    # Errors  Last Runtime    Last Run
---------------------------------  -----  ---------  --------  ----------  --------------  -------------------
/opt/airflow/dags/pipeline_dag.py                           1           0  2.06s           2026-05-06T14:26:38
================================================================================
[2026-05-06T14:27:35.420+0000] {manager.py:878} INFO - 
================================================================================
DAG File Processing Stats

File Path                          PID    Runtime      # DAGs    # Errors  Last Runtime    Last Run
---------------------------------  -----  ---------  --------  ----------  --------------  -------------------
/opt/airflow/dags/pipeline_dag.py                           1           0  1.39s           2026-05-06T14:27:13
================================================================================
[2026-05-06T14:28:08.536+0000] {manager.py:878} INFO - 
================================================================================
DAG File Processing Stats

File Path                          PID    Runtime      # DAGs    # Errors  Last Runtime    Last Run
---------------------------------  -----  ---------  --------  ----------  --------------  -------------------
/opt/airflow/dags/pipeline_dag.py                           1           0  0.94s           2026-05-06T14:27:46
================================================================================
[2026-05-06T14:28:42.033+0000] {manager.py:878} INFO - 
================================================================================
DAG File Processing Stats

File Path                          PID    Runtime      # DAGs    # Errors  Last Runtime    Last Run
---------------------------------  -----  ---------  --------  ----------  --------------  -------------------
/opt/airflow/dags/pipeline_dag.py                           1           0  0.19s           2026-05-06T14:28:18
================================================================================
[2026-05-06T14:29:15.390+0000] {manager.py:878} INFO - 
================================================================================
DAG File Processing Stats

File Path                          PID    Runtime      # DAGs    # Errors  Last Runtime    Last Run
---------------------------------  -----  ---------  --------  ----------  --------------  -------------------
/opt/airflow/dags/pipeline_dag.py                           1           0  1.95s           2026-05-06T14:28:50
================================================================================
[2026-05-06T14:29:47.476+0000] {manager.py:737} INFO - Searching for files in /opt/airflow/dags
[2026-05-06T14:29:47.508+0000] {manager.py:740} INFO - There are 1 files in /opt/airflow/dags
[2026-05-06T14:29:48.544+0000] {manager.py:878} INFO - 
================================================================================
DAG File Processing Stats

File Path                          PID    Runtime      # DAGs    # Errors  Last Runtime    Last Run
---------------------------------  -----  ---------  --------  ----------  --------------  -------------------
/opt/airflow/dags/pipeline_dag.py                           1           0  0.18s           2026-05-06T14:29:23
================================================================================
[2026-05-06T14:30:21.718+0000] {manager.py:878} INFO - 
================================================================================
DAG File Processing Stats

File Path                          PID    Runtime      # DAGs    # Errors  Last Runtime    Last Run
---------------------------------  -----  ---------  --------  ----------  --------------  -------------------
/opt/airflow/dags/pipeline_dag.py                           1           0  0.19s           2026-05-06T14:29:56
================================================================================
[2026-05-06T14:30:54.813+0000] {manager.py:878} INFO - 
================================================================================
DAG File Processing Stats

File Path                          PID    Runtime      # DAGs    # Errors  Last Runtime    Last Run
---------------------------------  -----  ---------  --------  ----------  --------------  -------------------
/opt/airflow/dags/pipeline_dag.py                           1           0  0.17s           2026-05-06T14:30:29
================================================================================
[2026-05-06T14:31:27.869+0000] {manager.py:878} INFO - 
================================================================================
DAG File Processing Stats

File Path                          PID    Runtime      # DAGs    # Errors  Last Runtime    Last Run
---------------------------------  -----  ---------  --------  ----------  --------------  -------------------
/opt/airflow/dags/pipeline_dag.py                           1           0  1.94s           2026-05-06T14:31:01
================================================================================
[2026-05-06T14:32:01.218+0000] {manager.py:878} INFO - 
================================================================================
DAG File Processing Stats

File Path                          PID    Runtime      # DAGs    # Errors  Last Runtime    Last Run
---------------------------------  -----  ---------  --------  ----------  --------------  -------------------
/opt/airflow/dags/pipeline_dag.py                           1           0  0.55s           2026-05-06T14:31:35
================================================================================
[2026-05-06T14:32:34.189+0000] {manager.py:878} INFO - 
================================================================================
DAG File Processing Stats

File Path                          PID    Runtime      # DAGs    # Errors  Last Runtime    Last Run
---------------------------------  -----  ---------  --------  ----------  --------------  -------------------
/opt/airflow/dags/pipeline_dag.py                           1           0  0.18s           2026-05-06T14:32:08
================================================================================
[2026-05-06T14:33:07.408+0000] {manager.py:878} INFO - 
================================================================================
DAG File Processing Stats

File Path                          PID    Runtime      # DAGs    # Errors  Last Runtime    Last Run
---------------------------------  -----  ---------  --------  ----------  --------------  -------------------
/opt/airflow/dags/pipeline_dag.py                           1           0  2.01s           2026-05-06T14:32:40
================================================================================
[2026-05-06T14:33:40.471+0000] {manager.py:878} INFO - 
================================================================================
DAG File Processing Stats

File Path                          PID    Runtime      # DAGs    # Errors  Last Runtime    Last Run
---------------------------------  -----  ---------  --------  ----------  --------------  -------------------
/opt/airflow/dags/pipeline_dag.py                           1           0  0.18s           2026-05-06T14:33:13
================================================================================
[2026-05-06T14:34:13.614+0000] {manager.py:878} INFO - 
================================================================================
DAG File Processing Stats

File Path                          PID    Runtime      # DAGs    # Errors  Last Runtime    Last Run
---------------------------------  -----  ---------  --------  ----------  --------------  -------------------
/opt/airflow/dags/pipeline_dag.py                           1           0  0.17s           2026-05-06T14:33:46
================================================================================
[2026-05-06T14:34:46.639+0000] {manager.py:878} INFO - 
================================================================================
DAG File Processing Stats

File Path                          PID    Runtime      # DAGs    # Errors  Last Runtime    Last Run
---------------------------------  -----  ---------  --------  ----------  --------------  -------------------
/opt/airflow/dags/pipeline_dag.py                           1           0  0.17s           2026-05-06T14:34:19
================================================================================
[2026-05-06T14:34:47.649+0000] {manager.py:737} INFO - Searching for files in /opt/airflow/dags
[2026-05-06T14:34:47.720+0000] {manager.py:740} INFO - There are 1 files in /opt/airflow/dags
[2026-05-06T14:35:19.891+0000] {manager.py:878} INFO - 
================================================================================
DAG File Processing Stats

File Path                          PID    Runtime      # DAGs    # Errors  Last Runtime    Last Run
---------------------------------  -----  ---------  --------  ----------  --------------  -------------------
/opt/airflow/dags/pipeline_dag.py                           1           0  0.18s           2026-05-06T14:34:50
================================================================================
[2026-05-06T14:35:52.947+0000] {manager.py:878} INFO - 
================================================================================
DAG File Processing Stats

File Path                          PID    Runtime      # DAGs    # Errors  Last Runtime    Last Run
---------------------------------  -----  ---------  --------  ----------  --------------  -------------------
/opt/airflow/dags/pipeline_dag.py                           1           0  0.30s           2026-05-06T14:35:51
================================================================================
[2026-05-06T14:36:25.926+0000] {manager.py:878} INFO - 
================================================================================
DAG File Processing Stats

File Path                          PID    Runtime      # DAGs    # Errors  Last Runtime    Last Run
---------------------------------  -----  ---------  --------  ----------  --------------  -------------------
/opt/airflow/dags/pipeline_dag.py                           1           0  0.87s           2026-05-06T14:36:22
================================================================================
[2026-05-06T14:36:58.916+0000] {manager.py:878} INFO - 
================================================================================
DAG File Processing Stats

File Path                          PID    Runtime      # DAGs    # Errors  Last Runtime    Last Run
---------------------------------  -----  ---------  --------  ----------  --------------  -------------------
/opt/airflow/dags/pipeline_dag.py                           1           0  0.21s           2026-05-06T14:36:53
================================================================================
[2026-05-06T14:37:32.041+0000] {manager.py:878} INFO - 
================================================================================
DAG File Processing Stats

File Path                          PID    Runtime      # DAGs    # Errors  Last Runtime    Last Run
---------------------------------  -----  ---------  --------  ----------  --------------  -------------------
/opt/airflow/dags/pipeline_dag.py                           1           0  0.31s           2026-05-06T14:37:24
================================================================================
[2026-05-06T14:38:06.748+0000] {manager.py:878} INFO - 
================================================================================
DAG File Processing Stats

File Path                          PID    Runtime      # DAGs    # Errors  Last Runtime    Last Run
---------------------------------  -----  ---------  --------  ----------  --------------  -------------------
/opt/airflow/dags/pipeline_dag.py                           1           0  0.22s           2026-05-06T14:37:54
================================================================================
[2026-05-06T14:38:38.546+0000] {manager.py:878} INFO - 
================================================================================
DAG File Processing Stats

File Path                          PID    Runtime      # DAGs    # Errors  Last Runtime    Last Run
---------------------------------  -----  ---------  --------  ----------  --------------  -------------------
/opt/airflow/dags/pipeline_dag.py                           1           0  0.56s           2026-05-06T14:38:25
================================================================================
[2026-05-06T14:39:11.564+0000] {manager.py:878} INFO - 
================================================================================
DAG File Processing Stats

File Path                          PID    Runtime      # DAGs    # Errors  Last Runtime    Last Run
---------------------------------  -----  ---------  --------  ----------  --------------  -------------------
/opt/airflow/dags/pipeline_dag.py                           1           0  0.38s           2026-05-06T14:38:56
================================================================================
[2026-05-06T14:39:45.040+0000] {manager.py:878} INFO - 
================================================================================
DAG File Processing Stats

File Path                          PID    Runtime      # DAGs    # Errors  Last Runtime    Last Run
---------------------------------  -----  ---------  --------  ----------  --------------  -------------------
/opt/airflow/dags/pipeline_dag.py                           1           0  0.42s           2026-05-06T14:39:27
================================================================================
[2026-05-06T14:39:49.166+0000] {manager.py:737} INFO - Searching for files in /opt/airflow/dags
[2026-05-06T14:39:50.556+0000] {manager.py:740} INFO - There are 1 files in /opt/airflow/dags
[2026-05-06T14:40:18.216+0000] {manager.py:878} INFO - 
================================================================================
DAG File Processing Stats

File Path                          PID    Runtime      # DAGs    # Errors  Last Runtime    Last Run
---------------------------------  -----  ---------  --------  ----------  --------------  -------------------
/opt/airflow/dags/pipeline_dag.py                           1           0  5.79s           2026-05-06T14:40:03
================================================================================
[2026-05-06T14:40:51.374+0000] {manager.py:878} INFO - 
================================================================================
DAG File Processing Stats

File Path                          PID    Runtime      # DAGs    # Errors  Last Runtime    Last Run
---------------------------------  -----  ---------  --------  ----------  --------------  -------------------
/opt/airflow/dags/pipeline_dag.py                           1           0  9.69s           2026-05-06T14:40:43
================================================================================
[2026-05-06T14:41:24.958+0000] {manager.py:878} INFO - 
================================================================================
DAG File Processing Stats

File Path                          PID    Runtime      # DAGs    # Errors  Last Runtime    Last Run
---------------------------------  -----  ---------  --------  ----------  --------------  -------------------
/opt/airflow/dags/pipeline_dag.py                           1           0  3.37s           2026-05-06T14:41:17
================================================================================
[2026-05-06T14:41:58.226+0000] {manager.py:878} INFO - 
================================================================================
DAG File Processing Stats

File Path                          PID    Runtime      # DAGs    # Errors  Last Runtime    Last Run
---------------------------------  -----  ---------  --------  ----------  --------------  -------------------
/opt/airflow/dags/pipeline_dag.py                           1           0  2.09s           2026-05-06T14:41:49
================================================================================
[2026-05-06T14:42:31.833+0000] {manager.py:878} INFO - 
================================================================================
DAG File Processing Stats

File Path                          PID    Runtime      # DAGs    # Errors  Last Runtime    Last Run
---------------------------------  -----  ---------  --------  ----------  --------------  -------------------
/opt/airflow/dags/pipeline_dag.py                           1           0  3.19s           2026-05-06T14:42:23
================================================================================
[2026-05-06T14:43:05.530+0000] {manager.py:878} INFO - 
================================================================================
DAG File Processing Stats

File Path                          PID    Runtime      # DAGs    # Errors  Last Runtime    Last Run
---------------------------------  -----  ---------  --------  ----------  --------------  -------------------
/opt/airflow/dags/pipeline_dag.py                           1           0  8.31s           2026-05-06T14:43:03
================================================================================
[2026-05-06T14:43:38.889+0000] {manager.py:878} INFO - 
================================================================================
DAG File Processing Stats

File Path                          PID    Runtime      # DAGs    # Errors  Last Runtime    Last Run
---------------------------------  -----  ---------  --------  ----------  --------------  -------------------
/opt/airflow/dags/pipeline_dag.py                           1           0  3.15s           2026-05-06T14:43:36
================================================================================
[2026-05-06T14:44:12.290+0000] {manager.py:878} INFO - 
================================================================================
DAG File Processing Stats

File Path                          PID    Runtime      # DAGs    # Errors  Last Runtime    Last Run
---------------------------------  -----  ---------  --------  ----------  --------------  -------------------
/opt/airflow/dags/pipeline_dag.py                           1           0  3.41s           2026-05-06T14:44:10
================================================================================
[2026-05-06T14:44:45.827+0000] {manager.py:878} INFO - 
================================================================================
DAG File Processing Stats

File Path                          PID    Runtime      # DAGs    # Errors  Last Runtime    Last Run
---------------------------------  -----  ---------  --------  ----------  --------------  -------------------
/opt/airflow/dags/pipeline_dag.py                           1           0  3.58s           2026-05-06T14:44:45
================================================================================
[2026-05-06T14:44:49.439+0000] {manager.py:737} INFO - Searching for files in /opt/airflow/dags
[2026-05-06T14:44:49.770+0000] {manager.py:740} INFO - There are 1 files in /opt/airflow/dags
[2026-05-06T14:45:19.812+0000] {manager.py:878} INFO - 
================================================================================
DAG File Processing Stats

File Path                            PID  Runtime      # DAGs    # Errors  Last Runtime    Last Run
---------------------------------  -----  ---------  --------  ----------  --------------  -------------------
/opt/airflow/dags/pipeline_dag.py   3118  3.70s             1           0  3.58s           2026-05-06T14:44:45
================================================================================
[2026-05-06T14:45:53.111+0000] {manager.py:878} INFO - 
================================================================================
DAG File Processing Stats

File Path                          PID    Runtime      # DAGs    # Errors  Last Runtime    Last Run
---------------------------------  -----  ---------  --------  ----------  --------------  -------------------
/opt/airflow/dags/pipeline_dag.py                           1           0  12.98s          2026-05-06T14:45:28
================================================================================
[2026-05-06T14:46:26.062+0000] {manager.py:878} INFO - 
================================================================================
DAG File Processing Stats

File Path                          PID    Runtime      # DAGs    # Errors  Last Runtime    Last Run
---------------------------------  -----  ---------  --------  ----------  --------------  -------------------
/opt/airflow/dags/pipeline_dag.py                           1           0  0.47s           2026-05-06T14:46:01
================================================================================
[2026-05-06T14:46:59.119+0000] {manager.py:878} INFO - 
================================================================================
DAG File Processing Stats

File Path                          PID    Runtime      # DAGs    # Errors  Last Runtime    Last Run
---------------------------------  -----  ---------  --------  ----------  --------------  -------------------
/opt/airflow/dags/pipeline_dag.py                           1           0  0.21s           2026-05-06T14:46:34
================================================================================
[2026-05-06T14:47:32.600+0000] {manager.py:878} INFO - 
================================================================================
DAG File Processing Stats

File Path                          PID    Runtime      # DAGs    # Errors  Last Runtime    Last Run
---------------------------------  -----  ---------  --------  ----------  --------------  -------------------
/opt/airflow/dags/pipeline_dag.py                           1           0  1.93s           2026-05-06T14:47:06
================================================================================
[2026-05-06T14:48:05.525+0000] {manager.py:878} INFO - 
================================================================================
DAG File Processing Stats

File Path                          PID    Runtime      # DAGs    # Errors  Last Runtime    Last Run
---------------------------------  -----  ---------  --------  ----------  --------------  -------------------
/opt/airflow/dags/pipeline_dag.py                           1           0  7.07s           2026-05-06T14:47:47
================================================================================
[2026-05-06T14:48:39.051+0000] {manager.py:878} INFO - 
================================================================================
DAG File Processing Stats

File Path                          PID    Runtime      # DAGs    # Errors  Last Runtime    Last Run
---------------------------------  -----  ---------  --------  ----------  --------------  -------------------
/opt/airflow/dags/pipeline_dag.py                           1           0  1.12s           2026-05-06T14:48:18
================================================================================
[2026-05-06T14:49:12.898+0000] {manager.py:878} INFO - 
================================================================================
DAG File Processing Stats

File Path                          PID    Runtime      # DAGs    # Errors  Last Runtime    Last Run
---------------------------------  -----  ---------  --------  ----------  --------------  -------------------
/opt/airflow/dags/pipeline_dag.py                           1           0  2.21s           2026-05-06T14:48:54
================================================================================
[2026-05-06T14:49:46.541+0000] {manager.py:878} INFO - 
================================================================================
DAG File Processing Stats

File Path                          PID    Runtime      # DAGs    # Errors  Last Runtime    Last Run
---------------------------------  -----  ---------  --------  ----------  --------------  -------------------
/opt/airflow/dags/pipeline_dag.py                           1           0  0.28s           2026-05-06T14:49:25
================================================================================
[2026-05-06T14:49:49.572+0000] {manager.py:737} INFO - Searching for files in /opt/airflow/dags
[2026-05-06T14:49:50.911+0000] {manager.py:740} INFO - There are 1 files in /opt/airflow/dags
[2026-05-06T14:50:19.842+0000] {manager.py:878} INFO - 
================================================================================
DAG File Processing Stats

File Path                          PID    Runtime      # DAGs    # Errors  Last Runtime    Last Run
---------------------------------  -----  ---------  --------  ----------  --------------  -------------------
/opt/airflow/dags/pipeline_dag.py                           1           0  0.51s           2026-05-06T14:49:58
================================================================================
[2026-05-06T14:50:52.728+0000] {manager.py:878} INFO - 
================================================================================
DAG File Processing Stats

File Path                          PID    Runtime      # DAGs    # Errors  Last Runtime    Last Run
---------------------------------  -----  ---------  --------  ----------  --------------  -------------------
/opt/airflow/dags/pipeline_dag.py                           1           0  0.56s           2026-05-06T14:50:31
================================================================================
[2026-05-06T14:51:25.983+0000] {manager.py:878} INFO - 
================================================================================
DAG File Processing Stats

File Path                          PID    Runtime      # DAGs    # Errors  Last Runtime    Last Run
---------------------------------  -----  ---------  --------  ----------  --------------  -------------------
/opt/airflow/dags/pipeline_dag.py                           1           0  0.21s           2026-05-06T14:51:03
================================================================================
[2026-05-06T14:51:59.240+0000] {manager.py:878} INFO - 
================================================================================
DAG File Processing Stats

File Path                          PID    Runtime      # DAGs    # Errors  Last Runtime    Last Run
---------------------------------  -----  ---------  --------  ----------  --------------  -------------------
/opt/airflow/dags/pipeline_dag.py                           1           0  0.44s           2026-05-06T14:51:37
================================================================================
[2026-05-06T14:52:32.561+0000] {manager.py:878} INFO - 
================================================================================
DAG File Processing Stats

File Path                          PID    Runtime      # DAGs    # Errors  Last Runtime    Last Run
---------------------------------  -----  ---------  --------  ----------  --------------  -------------------
/opt/airflow/dags/pipeline_dag.py                           1           0  0.28s           2026-05-06T14:52:09
================================================================================
[2026-05-06T14:53:05.450+0000] {manager.py:878} INFO - 
================================================================================
DAG File Processing Stats

File Path                          PID    Runtime      # DAGs    # Errors  Last Runtime    Last Run
---------------------------------  -----  ---------  --------  ----------  --------------  -------------------
/opt/airflow/dags/pipeline_dag.py                           1           0  0.68s           2026-05-06T14:52:43
================================================================================
[2026-05-06T14:53:38.614+0000] {manager.py:878} INFO - 
================================================================================
DAG File Processing Stats

File Path                          PID    Runtime      # DAGs    # Errors  Last Runtime    Last Run
---------------------------------  -----  ---------  --------  ----------  --------------  -------------------
/opt/airflow/dags/pipeline_dag.py                           1           0  0.41s           2026-05-06T14:53:15
================================================================================
[2026-05-06T14:54:12.031+0000] {manager.py:878} INFO - 
================================================================================
DAG File Processing Stats

File Path                          PID    Runtime      # DAGs    # Errors  Last Runtime    Last Run
---------------------------------  -----  ---------  --------  ----------  --------------  -------------------
/opt/airflow/dags/pipeline_dag.py                           1           0  1.32s           2026-05-06T14:53:49
================================================================================
[2026-05-06T14:54:45.326+0000] {manager.py:878} INFO - 
================================================================================
DAG File Processing Stats

File Path                          PID    Runtime      # DAGs    # Errors  Last Runtime    Last Run
---------------------------------  -----  ---------  --------  ----------  --------------  -------------------
/opt/airflow/dags/pipeline_dag.py                           1           0  0.86s           2026-05-06T14:54:21
================================================================================
[2026-05-06T14:54:50.381+0000] {manager.py:737} INFO - Searching for files in /opt/airflow/dags
[2026-05-06T14:54:53.638+0000] {manager.py:740} INFO - There are 1 files in /opt/airflow/dags
[2026-05-06T14:55:18.837+0000] {manager.py:878} INFO - 
================================================================================
DAG File Processing Stats

File Path                          PID    Runtime      # DAGs    # Errors  Last Runtime    Last Run
---------------------------------  -----  ---------  --------  ----------  --------------  -------------------
/opt/airflow/dags/pipeline_dag.py                           1           0  0.81s           2026-05-06T14:54:54
================================================================================
[2026-05-06T14:55:52.067+0000] {manager.py:878} INFO - 
================================================================================
DAG File Processing Stats

File Path                          PID    Runtime      # DAGs    # Errors  Last Runtime    Last Run
---------------------------------  -----  ---------  --------  ----------  --------------  -------------------
/opt/airflow/dags/pipeline_dag.py                           1           0  0.81s           2026-05-06T14:55:27
================================================================================
[2026-05-06T14:56:25.319+0000] {manager.py:878} INFO - 
================================================================================
DAG File Processing Stats

File Path                          PID    Runtime      # DAGs    # Errors  Last Runtime    Last Run
---------------------------------  -----  ---------  --------  ----------  --------------  -------------------
/opt/airflow/dags/pipeline_dag.py                           1           0  0.20s           2026-05-06T14:56:00
================================================================================
[2026-05-06T14:56:58.244+0000] {manager.py:878} INFO - 
================================================================================
DAG File Processing Stats

File Path                          PID    Runtime      # DAGs    # Errors  Last Runtime    Last Run
---------------------------------  -----  ---------  --------  ----------  --------------  -------------------
/opt/airflow/dags/pipeline_dag.py                           1           0  0.55s           2026-05-06T14:56:32
================================================================================
[2026-05-06T14:57:31.912+0000] {manager.py:878} INFO - 
================================================================================
DAG File Processing Stats

File Path                          PID    Runtime      # DAGs    # Errors  Last Runtime    Last Run
---------------------------------  -----  ---------  --------  ----------  --------------  -------------------
/opt/airflow/dags/pipeline_dag.py                           1           0  0.57s           2026-05-06T14:57:05
================================================================================
[2026-05-06T14:58:04.999+0000] {manager.py:878} INFO - 
================================================================================
DAG File Processing Stats

File Path                          PID    Runtime      # DAGs    # Errors  Last Runtime    Last Run
---------------------------------  -----  ---------  --------  ----------  --------------  -------------------
/opt/airflow/dags/pipeline_dag.py                           1           0  2.59s           2026-05-06T14:57:38
================================================================================
[2026-05-06T14:58:38.134+0000] {manager.py:878} INFO - 
================================================================================
DAG File Processing Stats

File Path                          PID    Runtime      # DAGs    # Errors  Last Runtime    Last Run
---------------------------------  -----  ---------  --------  ----------  --------------  -------------------
/opt/airflow/dags/pipeline_dag.py                           1           0  0.77s           2026-05-06T14:58:11
================================================================================
[2026-05-06T14:59:11.596+0000] {manager.py:878} INFO - 
================================================================================
DAG File Processing Stats

File Path                          PID    Runtime      # DAGs    # Errors  Last Runtime    Last Run
---------------------------------  -----  ---------  --------  ----------  --------------  -------------------
/opt/airflow/dags/pipeline_dag.py                           1           0  0.29s           2026-05-06T14:58:44
================================================================================
[2026-05-06T14:59:44.488+0000] {manager.py:878} INFO - 
================================================================================
DAG File Processing Stats

File Path                          PID    Runtime      # DAGs    # Errors  Last Runtime    Last Run
---------------------------------  -----  ---------  --------  ----------  --------------  -------------------
/opt/airflow/dags/pipeline_dag.py                           1           0  0.62s           2026-05-06T14:59:17
================================================================================
[2026-05-06T14:59:50.526+0000] {manager.py:737} INFO - Searching for files in /opt/airflow/dags
[2026-05-06T14:59:50.554+0000] {manager.py:740} INFO - There are 1 files in /opt/airflow/dags
[2026-05-06T15:00:17.563+0000] {manager.py:878} INFO - 
================================================================================
DAG File Processing Stats

File Path                          PID    Runtime      # DAGs    # Errors  Last Runtime    Last Run
---------------------------------  -----  ---------  --------  ----------  --------------  -------------------
/opt/airflow/dags/pipeline_dag.py                           1           0  0.42s           2026-05-06T14:59:49
================================================================================
[2026-05-06T15:00:50.772+0000] {manager.py:878} INFO - 
================================================================================
DAG File Processing Stats

File Path                          PID    Runtime      # DAGs    # Errors  Last Runtime    Last Run
---------------------------------  -----  ---------  --------  ----------  --------------  -------------------
/opt/airflow/dags/pipeline_dag.py                           1           0  1.94s           2026-05-06T15:00:24
================================================================================
[2026-05-06T15:01:24.295+0000] {manager.py:878} INFO - 
================================================================================
DAG File Processing Stats

File Path                          PID    Runtime      # DAGs    # Errors  Last Runtime    Last Run
---------------------------------  -----  ---------  --------  ----------  --------------  -------------------
/opt/airflow/dags/pipeline_dag.py                           1           0  0.39s           2026-05-06T15:00:56
================================================================================
[2026-05-06T15:01:57.582+0000] {manager.py:878} INFO - 
================================================================================
DAG File Processing Stats

File Path                          PID    Runtime      # DAGs    # Errors  Last Runtime    Last Run
---------------------------------  -----  ---------  --------  ----------  --------------  -------------------
/opt/airflow/dags/pipeline_dag.py                           1           0  2.02s           2026-05-06T15:01:28
================================================================================
[2026-05-06T15:02:30.994+0000] {manager.py:878} INFO - 
================================================================================
DAG File Processing Stats

File Path                          PID    Runtime      # DAGs    # Errors  Last Runtime    Last Run
---------------------------------  -----  ---------  --------  ----------  --------------  -------------------
/opt/airflow/dags/pipeline_dag.py                           1           0  1.36s           2026-05-06T15:02:03
================================================================================
[2026-05-06T15:03:07.335+0000] {manager.py:878} INFO - 
================================================================================
DAG File Processing Stats

File Path                            PID  Runtime      # DAGs    # Errors  Last Runtime    Last Run
---------------------------------  -----  ---------  --------  ----------  --------------  -------------------
/opt/airflow/dags/pipeline_dag.py   3278  0.06s             1           0  0.69s           2026-05-06T15:02:34
================================================================================
[2026-05-06T15:03:40.252+0000] {manager.py:878} INFO - 
================================================================================
DAG File Processing Stats

File Path                          PID    Runtime      # DAGs    # Errors  Last Runtime    Last Run
---------------------------------  -----  ---------  --------  ----------  --------------  -------------------
/opt/airflow/dags/pipeline_dag.py                           1           0  0.20s           2026-05-06T15:03:40
================================================================================
[2026-05-06T15:04:13.237+0000] {manager.py:878} INFO - 
================================================================================
DAG File Processing Stats

File Path                            PID  Runtime      # DAGs    # Errors  Last Runtime    Last Run
---------------------------------  -----  ---------  --------  ----------  --------------  -------------------
/opt/airflow/dags/pipeline_dag.py   3288  0.01s             1           0  0.20s           2026-05-06T15:03:40
================================================================================
[2026-05-06T15:04:46.364+0000] {manager.py:878} INFO - 
================================================================================
DAG File Processing Stats

File Path                            PID  Runtime      # DAGs    # Errors  Last Runtime    Last Run
---------------------------------  -----  ---------  --------  ----------  --------------  -------------------
/opt/airflow/dags/pipeline_dag.py   3293  0.01s             1           0  0.17s           2026-05-06T15:04:13
================================================================================
[2026-05-06T15:04:50.586+0000] {manager.py:737} INFO - Searching for files in /opt/airflow/dags
[2026-05-06T15:04:50.627+0000] {manager.py:740} INFO - There are 1 files in /opt/airflow/dags
[2026-05-06T15:05:19.634+0000] {manager.py:878} INFO - 
================================================================================
DAG File Processing Stats

File Path                          PID    Runtime      # DAGs    # Errors  Last Runtime    Last Run
---------------------------------  -----  ---------  --------  ----------  --------------  -------------------
/opt/airflow/dags/pipeline_dag.py                           1           0  1.93s           2026-05-06T15:05:18
================================================================================
[2026-05-06T15:05:52.813+0000] {manager.py:878} INFO - 
================================================================================
DAG File Processing Stats

File Path                          PID    Runtime      # DAGs    # Errors  Last Runtime    Last Run
---------------------------------  -----  ---------  --------  ----------  --------------  -------------------
/opt/airflow/dags/pipeline_dag.py                           1           0  0.17s           2026-05-06T15:05:51
================================================================================
[2026-05-06T15:06:25.850+0000] {manager.py:878} INFO - 
================================================================================
DAG File Processing Stats

File Path                          PID    Runtime      # DAGs    # Errors  Last Runtime    Last Run
---------------------------------  -----  ---------  --------  ----------  --------------  -------------------
/opt/airflow/dags/pipeline_dag.py                           1           0  0.17s           2026-05-06T15:06:24
================================================================================
[2026-05-06T15:06:59.108+0000] {manager.py:878} INFO - 
================================================================================
DAG File Processing Stats

File Path                          PID    Runtime      # DAGs    # Errors  Last Runtime    Last Run
---------------------------------  -----  ---------  --------  ----------  --------------  -------------------
/opt/airflow/dags/pipeline_dag.py                           1           0  0.33s           2026-05-06T15:06:58
================================================================================
[2026-05-06T15:07:32.180+0000] {manager.py:878} INFO - 
================================================================================
DAG File Processing Stats

File Path                          PID    Runtime      # DAGs    # Errors  Last Runtime    Last Run
---------------------------------  -----  ---------  --------  ----------  --------------  -------------------
/opt/airflow/dags/pipeline_dag.py                           1           0  1.93s           2026-05-06T15:07:30
================================================================================
[2026-05-06T15:08:05.342+0000] {manager.py:878} INFO - 
================================================================================
DAG File Processing Stats

File Path                          PID    Runtime      # DAGs    # Errors  Last Runtime    Last Run
---------------------------------  -----  ---------  --------  ----------  --------------  -------------------
/opt/airflow/dags/pipeline_dag.py                           1           0  0.16s           2026-05-06T15:08:03
================================================================================
[2026-05-06T15:08:38.395+0000] {manager.py:878} INFO - 
================================================================================
DAG File Processing Stats

File Path                          PID    Runtime      # DAGs    # Errors  Last Runtime    Last Run
---------------------------------  -----  ---------  --------  ----------  --------------  -------------------
/opt/airflow/dags/pipeline_dag.py                           1           0  0.21s           2026-05-06T15:08:36
================================================================================
[2026-05-06T15:09:09.693+0000] {manager.py:878} INFO - 
================================================================================
DAG File Processing Stats

File Path                          PID    Runtime      # DAGs    # Errors  Last Runtime    Last Run
---------------------------------  -----  ---------  --------  ----------  --------------  -------------------
/opt/airflow/dags/pipeline_dag.py                           1           0  0.17s           2026-05-06T15:09:07
================================================================================
[2026-05-06T15:09:44.446+0000] {manager.py:878} INFO - 
================================================================================
DAG File Processing Stats

File Path                          PID    Runtime      # DAGs    # Errors  Last Runtime    Last Run
---------------------------------  -----  ---------  --------  ----------  --------------  -------------------
/opt/airflow/dags/pipeline_dag.py                           1           0  0.18s           2026-05-06T15:09:38
================================================================================
[2026-05-06T15:09:51.489+0000] {manager.py:737} INFO - Searching for files in /opt/airflow/dags
[2026-05-06T15:09:51.514+0000] {manager.py:740} INFO - There are 1 files in /opt/airflow/dags
[2026-05-06T15:10:17.547+0000] {manager.py:878} INFO - 
================================================================================
DAG File Processing Stats

File Path                          PID    Runtime      # DAGs    # Errors  Last Runtime    Last Run
---------------------------------  -----  ---------  --------  ----------  --------------  -------------------
/opt/airflow/dags/pipeline_dag.py                           1           0  0.15s           2026-05-06T15:10:08
================================================================================
[2026-05-06T15:10:50.621+0000] {manager.py:878} INFO - 
================================================================================
DAG File Processing Stats

File Path                          PID    Runtime      # DAGs    # Errors  Last Runtime    Last Run
---------------------------------  -----  ---------  --------  ----------  --------------  -------------------
/opt/airflow/dags/pipeline_dag.py                           1           0  0.16s           2026-05-06T15:10:38
================================================================================
[2026-05-06T15:11:23.784+0000] {manager.py:878} INFO - 
================================================================================
DAG File Processing Stats

File Path                          PID    Runtime      # DAGs    # Errors  Last Runtime    Last Run
---------------------------------  -----  ---------  --------  ----------  --------------  -------------------
/opt/airflow/dags/pipeline_dag.py                           1           0  0.20s           2026-05-06T15:11:09
================================================================================
[2026-05-06T15:11:56.867+0000] {manager.py:878} INFO - 
================================================================================
DAG File Processing Stats

File Path                          PID    Runtime      # DAGs    # Errors  Last Runtime    Last Run
---------------------------------  -----  ---------  --------  ----------  --------------  -------------------
/opt/airflow/dags/pipeline_dag.py                           1           0  0.16s           2026-05-06T15:11:41
================================================================================
[2026-05-06T15:12:30.069+0000] {manager.py:878} INFO - 
================================================================================
DAG File Processing Stats

File Path                          PID    Runtime      # DAGs    # Errors  Last Runtime    Last Run
---------------------------------  -----  ---------  --------  ----------  --------------  -------------------
/opt/airflow/dags/pipeline_dag.py                           1           0  0.17s           2026-05-06T15:12:12
================================================================================
[2026-05-06T15:13:03.003+0000] {manager.py:878} INFO - 
================================================================================
DAG File Processing Stats

File Path                          PID    Runtime      # DAGs    # Errors  Last Runtime    Last Run
---------------------------------  -----  ---------  --------  ----------  --------------  -------------------
/opt/airflow/dags/pipeline_dag.py                           1           0  0.16s           2026-05-06T15:12:42
================================================================================
[2026-05-06T15:13:36.149+0000] {manager.py:878} INFO - 
================================================================================
DAG File Processing Stats

File Path                          PID    Runtime      # DAGs    # Errors  Last Runtime    Last Run
---------------------------------  -----  ---------  --------  ----------  --------------  -------------------
/opt/airflow/dags/pipeline_dag.py                           1           0  0.15s           2026-05-06T15:13:13
================================================================================
[2026-05-06T15:14:09.201+0000] {manager.py:878} INFO - 
================================================================================
DAG File Processing Stats

File Path                          PID    Runtime      # DAGs    # Errors  Last Runtime    Last Run
---------------------------------  -----  ---------  --------  ----------  --------------  -------------------
/opt/airflow/dags/pipeline_dag.py                           1           0  0.15s           2026-05-06T15:13:44
================================================================================
[2026-05-06T15:14:42.352+0000] {manager.py:878} INFO - 
================================================================================
DAG File Processing Stats

File Path                          PID    Runtime      # DAGs    # Errors  Last Runtime    Last Run
---------------------------------  -----  ---------  --------  ----------  --------------  -------------------
/opt/airflow/dags/pipeline_dag.py                           1           0  0.19s           2026-05-06T15:14:15
================================================================================
[2026-05-06T15:14:51.715+0000] {manager.py:737} INFO - Searching for files in /opt/airflow/dags
[2026-05-06T15:14:51.739+0000] {manager.py:740} INFO - There are 1 files in /opt/airflow/dags
[2026-05-06T15:15:15.550+0000] {manager.py:878} INFO - 
================================================================================
DAG File Processing Stats

File Path                          PID    Runtime      # DAGs    # Errors  Last Runtime    Last Run
---------------------------------  -----  ---------  --------  ----------  --------------  -------------------
/opt/airflow/dags/pipeline_dag.py                           1           0  0.16s           2026-05-06T15:14:45
================================================================================
[2026-05-06T15:15:48.663+0000] {manager.py:878} INFO - 
================================================================================
DAG File Processing Stats

File Path                          PID    Runtime      # DAGs    # Errors  Last Runtime    Last Run
---------------------------------  -----  ---------  --------  ----------  --------------  -------------------
/opt/airflow/dags/pipeline_dag.py                           1           0  0.11s           2026-05-06T15:15:47
================================================================================
[2026-05-06T15:16:21.770+0000] {manager.py:878} INFO - 
================================================================================
DAG File Processing Stats

File Path                          PID    Runtime      # DAGs    # Errors  Last Runtime    Last Run
---------------------------------  -----  ---------  --------  ----------  --------------  -------------------
/opt/airflow/dags/pipeline_dag.py                           1           0  0.13s           2026-05-06T15:16:18
================================================================================
[2026-05-06T15:16:54.861+0000] {manager.py:878} INFO - 
================================================================================
DAG File Processing Stats

File Path                          PID    Runtime      # DAGs    # Errors  Last Runtime    Last Run
---------------------------------  -----  ---------  --------  ----------  --------------  -------------------
/opt/airflow/dags/pipeline_dag.py                           1           0  0.12s           2026-05-06T15:16:48
================================================================================
[2026-05-06T15:20:02.555+0000] {manager.py:878} INFO - 
================================================================================
DAG File Processing Stats

File Path                          PID    Runtime      # DAGs    # Errors  Last Runtime    Last Run
---------------------------------  -----  ---------  --------  ----------  --------------  -------------------
/opt/airflow/dags/pipeline_dag.py                           1           0  0.30s           2026-05-06T15:17:22
================================================================================
[2026-05-06T15:20:02.705+0000] {manager.py:737} INFO - Searching for files in /opt/airflow/dags
[2026-05-06T16:30:05.631+0000] {manager.py:740} INFO - There are 1 files in /opt/airflow/dags
[2026-05-06T16:30:20.710+0000] {manager.py:737} INFO - Searching for files in /opt/airflow/dags
[2026-05-06T16:30:20.868+0000] {manager.py:740} INFO - There are 1 files in /opt/airflow/dags
[2026-05-06T16:30:31.645+0000] {manager.py:878} INFO - 
================================================================================
DAG File Processing Stats

File Path                          PID    Runtime      # DAGs    # Errors  Last Runtime    Last Run
---------------------------------  -----  ---------  --------  ----------  --------------  -------------------
/opt/airflow/dags/pipeline_dag.py                           1           0  4.87s           2026-05-06T16:30:24
================================================================================
[2026-05-06T16:31:04.577+0000] {manager.py:878} INFO - 
================================================================================
DAG File Processing Stats

File Path                          PID    Runtime      # DAGs    # Errors  Last Runtime    Last Run
---------------------------------  -----  ---------  --------  ----------  --------------  -------------------
/opt/airflow/dags/pipeline_dag.py                           1           0  0.34s           2026-05-06T16:30:56
================================================================================
[2026-05-06T16:31:37.243+0000] {manager.py:878} INFO - 
================================================================================
DAG File Processing Stats

File Path                          PID    Runtime      # DAGs    # Errors  Last Runtime    Last Run
---------------------------------  -----  ---------  --------  ----------  --------------  -------------------
/opt/airflow/dags/pipeline_dag.py                           1           0  2.44s           2026-05-06T16:31:30
================================================================================
[2026-05-06T16:32:10.386+0000] {manager.py:878} INFO - 
================================================================================
DAG File Processing Stats

File Path                          PID    Runtime      # DAGs    # Errors  Last Runtime    Last Run
---------------------------------  -----  ---------  --------  ----------  --------------  -------------------
/opt/airflow/dags/pipeline_dag.py                           1           0  4.76s           2026-05-06T16:32:05
================================================================================
[2026-05-06T16:32:43.079+0000] {manager.py:878} INFO - 
================================================================================
DAG File Processing Stats

File Path                          PID    Runtime      # DAGs    # Errors  Last Runtime    Last Run
---------------------------------  -----  ---------  --------  ----------  --------------  -------------------
/opt/airflow/dags/pipeline_dag.py                           1           0  0.26s           2026-05-06T16:32:36
================================================================================
[2026-05-06T16:33:16.367+0000] {manager.py:878} INFO - 
================================================================================
DAG File Processing Stats

File Path                          PID    Runtime      # DAGs    # Errors  Last Runtime    Last Run
---------------------------------  -----  ---------  --------  ----------  --------------  -------------------
/opt/airflow/dags/pipeline_dag.py                           1           0  0.43s           2026-05-06T16:33:08
================================================================================
[2026-05-06T16:33:49.224+0000] {manager.py:878} INFO - 
================================================================================
DAG File Processing Stats

File Path                          PID    Runtime      # DAGs    # Errors  Last Runtime    Last Run
---------------------------------  -----  ---------  --------  ----------  --------------  -------------------
/opt/airflow/dags/pipeline_dag.py                           1           0  0.18s           2026-05-06T16:33:40
================================================================================
[2026-05-06T16:34:22.038+0000] {manager.py:878} INFO - 
================================================================================
DAG File Processing Stats

File Path                          PID    Runtime      # DAGs    # Errors  Last Runtime    Last Run
---------------------------------  -----  ---------  --------  ----------  --------------  -------------------
/opt/airflow/dags/pipeline_dag.py                           1           0  0.18s           2026-05-06T16:34:13
================================================================================
[2026-05-06T16:34:55.189+0000] {manager.py:878} INFO - 
================================================================================
DAG File Processing Stats

File Path                          PID    Runtime      # DAGs    # Errors  Last Runtime    Last Run
---------------------------------  -----  ---------  --------  ----------  --------------  -------------------
/opt/airflow/dags/pipeline_dag.py                           1           0  0.15s           2026-05-06T16:34:45
================================================================================
[2026-05-06T16:35:20.986+0000] {manager.py:737} INFO - Searching for files in /opt/airflow/dags
[2026-05-06T16:35:21.014+0000] {manager.py:740} INFO - There are 1 files in /opt/airflow/dags
[2026-05-06T16:35:28.072+0000] {manager.py:878} INFO - 
================================================================================
DAG File Processing Stats

File Path                          PID    Runtime      # DAGs    # Errors  Last Runtime    Last Run
---------------------------------  -----  ---------  --------  ----------  --------------  -------------------
/opt/airflow/dags/pipeline_dag.py                           1           0  0.14s           2026-05-06T16:35:18
================================================================================
[2026-05-06T16:36:00.903+0000] {manager.py:878} INFO - 
================================================================================
DAG File Processing Stats

File Path                          PID    Runtime      # DAGs    # Errors  Last Runtime    Last Run
---------------------------------  -----  ---------  --------  ----------  --------------  -------------------
/opt/airflow/dags/pipeline_dag.py                           1           0  0.14s           2026-05-06T16:35:50
================================================================================
[2026-05-06T16:36:33.707+0000] {manager.py:878} INFO - 
================================================================================
DAG File Processing Stats

File Path                          PID    Runtime      # DAGs    # Errors  Last Runtime    Last Run
---------------------------------  -----  ---------  --------  ----------  --------------  -------------------
/opt/airflow/dags/pipeline_dag.py                           1           0  0.16s           2026-05-06T16:36:23
================================================================================
[2026-05-06T16:37:06.418+0000] {manager.py:878} INFO - 
================================================================================
DAG File Processing Stats

File Path                          PID    Runtime      # DAGs    # Errors  Last Runtime    Last Run
---------------------------------  -----  ---------  --------  ----------  --------------  -------------------
/opt/airflow/dags/pipeline_dag.py                           1           0  0.15s           2026-05-06T16:36:55
================================================================================
[2026-05-06T16:37:39.325+0000] {manager.py:878} INFO - 
================================================================================
DAG File Processing Stats

File Path                          PID    Runtime      # DAGs    # Errors  Last Runtime    Last Run
---------------------------------  -----  ---------  --------  ----------  --------------  -------------------
/opt/airflow/dags/pipeline_dag.py                           1           0  0.13s           2026-05-06T16:37:28
================================================================================
[2026-05-06T16:38:12.013+0000] {manager.py:878} INFO - 
================================================================================
DAG File Processing Stats

File Path                          PID    Runtime      # DAGs    # Errors  Last Runtime    Last Run
---------------------------------  -----  ---------  --------  ----------  --------------  -------------------
/opt/airflow/dags/pipeline_dag.py                           1           0  0.14s           2026-05-06T16:38:01
================================================================================
[2026-05-06T16:38:44.840+0000] {manager.py:878} INFO - 
================================================================================
DAG File Processing Stats

File Path                          PID    Runtime      # DAGs    # Errors  Last Runtime    Last Run
---------------------------------  -----  ---------  --------  ----------  --------------  -------------------
/opt/airflow/dags/pipeline_dag.py                           1           0  0.14s           2026-05-06T16:38:33
================================================================================
[2026-05-06T16:39:17.579+0000] {manager.py:878} INFO - 
================================================================================
DAG File Processing Stats

File Path                          PID    Runtime      # DAGs    # Errors  Last Runtime    Last Run
---------------------------------  -----  ---------  --------  ----------  --------------  -------------------
/opt/airflow/dags/pipeline_dag.py                           1           0  0.16s           2026-05-06T16:39:06
================================================================================
[2026-05-06T16:39:50.480+0000] {manager.py:878} INFO - 
================================================================================
DAG File Processing Stats

File Path                          PID    Runtime      # DAGs    # Errors  Last Runtime    Last Run
---------------------------------  -----  ---------  --------  ----------  --------------  -------------------
/opt/airflow/dags/pipeline_dag.py                           1           0  1.86s           2026-05-06T16:39:38
================================================================================
[2026-05-06T16:40:21.390+0000] {manager.py:737} INFO - Searching for files in /opt/airflow/dags
[2026-05-06T16:40:21.411+0000] {manager.py:740} INFO - There are 1 files in /opt/airflow/dags
[2026-05-06T16:40:23.432+0000] {manager.py:878} INFO - 
================================================================================
DAG File Processing Stats

File Path                          PID    Runtime      # DAGs    # Errors  Last Runtime    Last Run
---------------------------------  -----  ---------  --------  ----------  --------------  -------------------
/opt/airflow/dags/pipeline_dag.py                           1           0  0.13s           2026-05-06T16:40:11
================================================================================
[2026-05-06T16:40:56.274+0000] {manager.py:878} INFO - 
================================================================================
DAG File Processing Stats

File Path                          PID    Runtime      # DAGs    # Errors  Last Runtime    Last Run
---------------------------------  -----  ---------  --------  ----------  --------------  -------------------
/opt/airflow/dags/pipeline_dag.py                           1           0  0.13s           2026-05-06T16:40:44
================================================================================
[2026-05-06T16:41:29.132+0000] {manager.py:878} INFO - 
================================================================================
DAG File Processing Stats

File Path                          PID    Runtime      # DAGs    # Errors  Last Runtime    Last Run
---------------------------------  -----  ---------  --------  ----------  --------------  -------------------
/opt/airflow/dags/pipeline_dag.py                           1           0  0.14s           2026-05-06T16:41:17
================================================================================
[2026-05-06T16:42:01.959+0000] {manager.py:878} INFO - 
================================================================================
DAG File Processing Stats

File Path                          PID    Runtime      # DAGs    # Errors  Last Runtime    Last Run
---------------------------------  -----  ---------  --------  ----------  --------------  -------------------
/opt/airflow/dags/pipeline_dag.py                           1           0  0.13s           2026-05-06T16:41:47
================================================================================
[2026-05-06T16:42:33.071+0000] {manager.py:878} INFO - 
================================================================================
DAG File Processing Stats

File Path                          PID    Runtime      # DAGs    # Errors  Last Runtime    Last Run
---------------------------------  -----  ---------  --------  ----------  --------------  -------------------
/opt/airflow/dags/pipeline_dag.py                           1           0  0.15s           2026-05-06T16:42:18
================================================================================
[2026-05-06T16:43:07.537+0000] {manager.py:878} INFO - 
================================================================================
DAG File Processing Stats

File Path                          PID    Runtime      # DAGs    # Errors  Last Runtime    Last Run
---------------------------------  -----  ---------  --------  ----------  --------------  -------------------
/opt/airflow/dags/pipeline_dag.py                           1           0  0.13s           2026-05-06T16:42:49
================================================================================
[2026-05-06T16:43:40.368+0000] {manager.py:878} INFO - 
================================================================================
DAG File Processing Stats

File Path                          PID    Runtime      # DAGs    # Errors  Last Runtime    Last Run
---------------------------------  -----  ---------  --------  ----------  --------------  -------------------
/opt/airflow/dags/pipeline_dag.py                           1           0  0.13s           2026-05-06T16:43:19
================================================================================
[2026-05-06T16:44:13.252+0000] {manager.py:878} INFO - 
================================================================================
DAG File Processing Stats

File Path                          PID    Runtime      # DAGs    # Errors  Last Runtime    Last Run
---------------------------------  -----  ---------  --------  ----------  --------------  -------------------
/opt/airflow/dags/pipeline_dag.py                           1           0  0.14s           2026-05-06T16:43:50
================================================================================
[2026-05-06T16:44:46.140+0000] {manager.py:878} INFO - 
================================================================================
DAG File Processing Stats

File Path                          PID    Runtime      # DAGs    # Errors  Last Runtime    Last Run
---------------------------------  -----  ---------  --------  ----------  --------------  -------------------
/opt/airflow/dags/pipeline_dag.py                           1           0  0.13s           2026-05-06T16:44:21
================================================================================
[2026-05-06T16:45:19.005+0000] {manager.py:878} INFO - 
================================================================================
DAG File Processing Stats

File Path                          PID    Runtime      # DAGs    # Errors  Last Runtime    Last Run
---------------------------------  -----  ---------  --------  ----------  --------------  -------------------
/opt/airflow/dags/pipeline_dag.py                           1           0  0.14s           2026-05-06T16:44:52
================================================================================
[2026-05-06T16:45:22.018+0000] {manager.py:737} INFO - Searching for files in /opt/airflow/dags
[2026-05-06T16:45:22.035+0000] {manager.py:740} INFO - There are 1 files in /opt/airflow/dags
[2026-05-06T16:45:51.855+0000] {manager.py:878} INFO - 
================================================================================
DAG File Processing Stats

File Path                          PID    Runtime      # DAGs    # Errors  Last Runtime    Last Run
---------------------------------  -----  ---------  --------  ----------  --------------  -------------------
/opt/airflow/dags/pipeline_dag.py                           1           0  0.20s           2026-05-06T16:45:23
================================================================================
[2026-05-06T16:46:24.814+0000] {manager.py:878} INFO - 
================================================================================
DAG File Processing Stats

File Path                            PID  Runtime      # DAGs    # Errors  Last Runtime    Last Run
---------------------------------  -----  ---------  --------  ----------  --------------  -------------------
/opt/airflow/dags/pipeline_dag.py   3568  0.01s             1           0  0.15s           2026-05-06T16:45:54
================================================================================
[2026-05-06T16:46:57.774+0000] {manager.py:878} INFO - 
================================================================================
DAG File Processing Stats

File Path                          PID    Runtime      # DAGs    # Errors  Last Runtime    Last Run
---------------------------------  -----  ---------  --------  ----------  --------------  -------------------
/opt/airflow/dags/pipeline_dag.py                           1           0  0.15s           2026-05-06T16:46:55
================================================================================
[2026-05-06T16:47:30.617+0000] {manager.py:878} INFO - 
================================================================================
DAG File Processing Stats

File Path                          PID    Runtime      # DAGs    # Errors  Last Runtime    Last Run
---------------------------------  -----  ---------  --------  ----------  --------------  -------------------
/opt/airflow/dags/pipeline_dag.py                           1           0  0.18s           2026-05-06T16:47:26
================================================================================
[2026-05-06T16:48:03.557+0000] {manager.py:878} INFO - 
================================================================================
DAG File Processing Stats

File Path                          PID    Runtime      # DAGs    # Errors  Last Runtime    Last Run
---------------------------------  -----  ---------  --------  ----------  --------------  -------------------
/opt/airflow/dags/pipeline_dag.py                           1           0  0.13s           2026-05-06T16:47:57
================================================================================
[2026-05-06T16:48:36.648+0000] {manager.py:878} INFO - 
================================================================================
DAG File Processing Stats

File Path                          PID    Runtime      # DAGs    # Errors  Last Runtime    Last Run
---------------------------------  -----  ---------  --------  ----------  --------------  -------------------
/opt/airflow/dags/pipeline_dag.py                           1           0  0.14s           2026-05-06T16:48:28
================================================================================
[2026-05-06T16:49:07.778+0000] {manager.py:878} INFO - 
================================================================================
DAG File Processing Stats

File Path                          PID    Runtime      # DAGs    # Errors  Last Runtime    Last Run
---------------------------------  -----  ---------  --------  ----------  --------------  -------------------
/opt/airflow/dags/pipeline_dag.py                           1           0  0.17s           2026-05-06T16:48:58
================================================================================
[2026-05-06T16:49:42.140+0000] {manager.py:878} INFO - 
================================================================================
DAG File Processing Stats

File Path                          PID    Runtime      # DAGs    # Errors  Last Runtime    Last Run
---------------------------------  -----  ---------  --------  ----------  --------------  -------------------
/opt/airflow/dags/pipeline_dag.py                           1           0  0.20s           2026-05-06T16:49:29
================================================================================
[2026-05-06T16:50:15.089+0000] {manager.py:878} INFO - 
================================================================================
DAG File Processing Stats

File Path                          PID    Runtime      # DAGs    # Errors  Last Runtime    Last Run
---------------------------------  -----  ---------  --------  ----------  --------------  -------------------
/opt/airflow/dags/pipeline_dag.py                           1           0  0.17s           2026-05-06T16:50:00
================================================================================
[2026-05-06T16:50:22.121+0000] {manager.py:737} INFO - Searching for files in /opt/airflow/dags
[2026-05-06T16:50:22.152+0000] {manager.py:740} INFO - There are 1 files in /opt/airflow/dags
[2026-05-06T16:50:48.139+0000] {manager.py:878} INFO - 
================================================================================
DAG File Processing Stats

File Path                          PID    Runtime      # DAGs    # Errors  Last Runtime    Last Run
---------------------------------  -----  ---------  --------  ----------  --------------  -------------------
/opt/airflow/dags/pipeline_dag.py                           1           0  0.15s           2026-05-06T16:50:32
================================================================================
[2026-05-06T16:51:20.973+0000] {manager.py:878} INFO - 
================================================================================
DAG File Processing Stats

File Path                          PID    Runtime      # DAGs    # Errors  Last Runtime    Last Run
---------------------------------  -----  ---------  --------  ----------  --------------  -------------------
/opt/airflow/dags/pipeline_dag.py                           1           0  0.14s           2026-05-06T16:51:04
================================================================================
[2026-05-06T16:51:53.753+0000] {manager.py:878} INFO - 
================================================================================
DAG File Processing Stats

File Path                          PID    Runtime      # DAGs    # Errors  Last Runtime    Last Run
---------------------------------  -----  ---------  --------  ----------  --------------  -------------------
/opt/airflow/dags/pipeline_dag.py                           1           0  0.14s           2026-05-06T16:51:37
================================================================================
[2026-05-06T16:52:26.718+0000] {manager.py:878} INFO - 
================================================================================
DAG File Processing Stats

File Path                          PID    Runtime      # DAGs    # Errors  Last Runtime    Last Run
---------------------------------  -----  ---------  --------  ----------  --------------  -------------------
/opt/airflow/dags/pipeline_dag.py                           1           0  1.86s           2026-05-06T16:52:09
================================================================================
[2026-05-06T16:53:01.035+0000] {manager.py:878} INFO - 
================================================================================
DAG File Processing Stats

File Path                          PID    Runtime      # DAGs    # Errors  Last Runtime    Last Run
---------------------------------  -----  ---------  --------  ----------  --------------  -------------------
/opt/airflow/dags/pipeline_dag.py                           1           0  0.17s           2026-05-06T16:52:41
================================================================================
[2026-05-06T16:53:32.516+0000] {manager.py:878} INFO - 
================================================================================
DAG File Processing Stats

File Path                          PID    Runtime      # DAGs    # Errors  Last Runtime    Last Run
---------------------------------  -----  ---------  --------  ----------  --------------  -------------------
/opt/airflow/dags/pipeline_dag.py                           1           0  0.14s           2026-05-06T16:53:11
================================================================================
[2026-05-06T16:54:05.343+0000] {manager.py:878} INFO - 
================================================================================
DAG File Processing Stats

File Path                          PID    Runtime      # DAGs    # Errors  Last Runtime    Last Run
---------------------------------  -----  ---------  --------  ----------  --------------  -------------------
/opt/airflow/dags/pipeline_dag.py                           1           0  0.15s           2026-05-06T16:53:41
================================================================================
[2026-05-06T16:54:38.324+0000] {manager.py:878} INFO - 
================================================================================
DAG File Processing Stats

File Path                          PID    Runtime      # DAGs    # Errors  Last Runtime    Last Run
---------------------------------  -----  ---------  --------  ----------  --------------  -------------------
/opt/airflow/dags/pipeline_dag.py                           1           0  0.14s           2026-05-06T16:54:12
================================================================================
[2026-05-06T16:55:11.326+0000] {manager.py:878} INFO - 
================================================================================
DAG File Processing Stats

File Path                          PID    Runtime      # DAGs    # Errors  Last Runtime    Last Run
---------------------------------  -----  ---------  --------  ----------  --------------  -------------------
/opt/airflow/dags/pipeline_dag.py                           1           0  0.13s           2026-05-06T16:54:43
================================================================================
[2026-05-06T16:55:22.429+0000] {manager.py:737} INFO - Searching for files in /opt/airflow/dags
[2026-05-06T16:55:22.447+0000] {manager.py:740} INFO - There are 1 files in /opt/airflow/dags
[2026-05-06T16:55:42.453+0000] {manager.py:878} INFO - 
================================================================================
DAG File Processing Stats

File Path                          PID    Runtime      # DAGs    # Errors  Last Runtime    Last Run
---------------------------------  -----  ---------  --------  ----------  --------------  -------------------
/opt/airflow/dags/pipeline_dag.py                           1           0  0.15s           2026-05-06T16:55:14
================================================================================
[2026-05-06T16:56:17.039+0000] {manager.py:878} INFO - 
================================================================================
DAG File Processing Stats

File Path                          PID    Runtime      # DAGs    # Errors  Last Runtime    Last Run
---------------------------------  -----  ---------  --------  ----------  --------------  -------------------
/opt/airflow/dags/pipeline_dag.py                           1           0  0.14s           2026-05-06T16:56:15
================================================================================
[2026-05-06T16:56:49.906+0000] {manager.py:878} INFO - 
================================================================================
DAG File Processing Stats

File Path                          PID    Runtime      # DAGs    # Errors  Last Runtime    Last Run
---------------------------------  -----  ---------  --------  ----------  --------------  -------------------
/opt/airflow/dags/pipeline_dag.py                           1           0  0.13s           2026-05-06T16:56:46
================================================================================
[2026-05-06T16:57:22.978+0000] {manager.py:878} INFO - 
================================================================================
DAG File Processing Stats

File Path                          PID    Runtime      # DAGs    # Errors  Last Runtime    Last Run
---------------------------------  -----  ---------  --------  ----------  --------------  -------------------
/opt/airflow/dags/pipeline_dag.py                           1           0  0.14s           2026-05-06T16:57:16
================================================================================
[2026-05-06T16:57:55.685+0000] {manager.py:878} INFO - 
================================================================================
DAG File Processing Stats

File Path                          PID    Runtime      # DAGs    # Errors  Last Runtime    Last Run
---------------------------------  -----  ---------  --------  ----------  --------------  -------------------
/opt/airflow/dags/pipeline_dag.py                           1           0  0.14s           2026-05-06T16:57:47
================================================================================
[2026-05-06T16:58:28.683+0000] {manager.py:878} INFO - 
================================================================================
DAG File Processing Stats

File Path                          PID    Runtime      # DAGs    # Errors  Last Runtime    Last Run
---------------------------------  -----  ---------  --------  ----------  --------------  -------------------
/opt/airflow/dags/pipeline_dag.py                           1           0  0.17s           2026-05-06T16:58:18
================================================================================
[2026-05-06T16:59:01.435+0000] {manager.py:878} INFO - 
================================================================================
DAG File Processing Stats

File Path                          PID    Runtime      # DAGs    # Errors  Last Runtime    Last Run
---------------------------------  -----  ---------  --------  ----------  --------------  -------------------
/opt/airflow/dags/pipeline_dag.py                           1           0  0.14s           2026-05-06T16:58:49
================================================================================
[2026-05-06T16:59:34.395+0000] {manager.py:878} INFO - 
================================================================================
DAG File Processing Stats

File Path                          PID    Runtime      # DAGs    # Errors  Last Runtime    Last Run
---------------------------------  -----  ---------  --------  ----------  --------------  -------------------
/opt/airflow/dags/pipeline_dag.py                           1           0  0.14s           2026-05-06T16:59:20
================================================================================
[2026-05-06T17:00:07.350+0000] {manager.py:878} INFO - 
================================================================================
DAG File Processing Stats

File Path                          PID    Runtime      # DAGs    # Errors  Last Runtime    Last Run
---------------------------------  -----  ---------  --------  ----------  --------------  -------------------
/opt/airflow/dags/pipeline_dag.py                           1           0  0.14s           2026-05-06T16:59:51
================================================================================
[2026-05-06T17:00:23.050+0000] {manager.py:737} INFO - Searching for files in /opt/airflow/dags
[2026-05-06T17:00:23.069+0000] {manager.py:740} INFO - There are 1 files in /opt/airflow/dags
[2026-05-06T17:00:40.158+0000] {manager.py:878} INFO - 
================================================================================
DAG File Processing Stats

File Path                          PID    Runtime      # DAGs    # Errors  Last Runtime    Last Run
---------------------------------  -----  ---------  --------  ----------  --------------  -------------------
/opt/airflow/dags/pipeline_dag.py                           1           0  0.18s           2026-05-06T17:00:22
================================================================================
[2026-05-06T17:01:14.263+0000] {manager.py:878} INFO - 
================================================================================
DAG File Processing Stats

File Path                          PID    Runtime      # DAGs    # Errors  Last Runtime    Last Run
---------------------------------  -----  ---------  --------  ----------  --------------  -------------------
/opt/airflow/dags/pipeline_dag.py                           1           0  0.13s           2026-05-06T17:00:52
================================================================================
[2026-05-06T17:01:45.881+0000] {manager.py:878} INFO - 
================================================================================
DAG File Processing Stats

File Path                          PID    Runtime      # DAGs    # Errors  Last Runtime    Last Run
---------------------------------  -----  ---------  --------  ----------  --------------  -------------------
/opt/airflow/dags/pipeline_dag.py                           1           0  0.14s           2026-05-06T17:01:22
================================================================================
[2026-05-06T17:02:18.788+0000] {manager.py:878} INFO - 
================================================================================
DAG File Processing Stats

File Path                          PID    Runtime      # DAGs    # Errors  Last Runtime    Last Run
---------------------------------  -----  ---------  --------  ----------  --------------  -------------------
/opt/airflow/dags/pipeline_dag.py                           1           0  0.14s           2026-05-06T17:01:53
================================================================================
[2026-05-06T17:02:51.599+0000] {manager.py:878} INFO - 
================================================================================
DAG File Processing Stats

File Path                          PID    Runtime      # DAGs    # Errors  Last Runtime    Last Run
---------------------------------  -----  ---------  --------  ----------  --------------  -------------------
/opt/airflow/dags/pipeline_dag.py                           1           0  0.15s           2026-05-06T17:02:23
================================================================================
[2026-05-06T17:03:24.529+0000] {manager.py:878} INFO - 
================================================================================
DAG File Processing Stats

File Path                          PID    Runtime      # DAGs    # Errors  Last Runtime    Last Run
---------------------------------  -----  ---------  --------  ----------  --------------  -------------------
/opt/airflow/dags/pipeline_dag.py                           1           0  0.15s           2026-05-06T17:02:54
================================================================================
[2026-05-06T17:03:57.506+0000] {manager.py:878} INFO - 
================================================================================
DAG File Processing Stats

File Path                          PID    Runtime      # DAGs    # Errors  Last Runtime    Last Run
---------------------------------  -----  ---------  --------  ----------  --------------  -------------------
/opt/airflow/dags/pipeline_dag.py                           1           0  0.13s           2026-05-06T17:03:56
================================================================================
[2026-05-06T17:04:30.593+0000] {manager.py:878} INFO - 
================================================================================
DAG File Processing Stats

File Path                          PID    Runtime      # DAGs    # Errors  Last Runtime    Last Run
---------------------------------  -----  ---------  --------  ----------  --------------  -------------------
/opt/airflow/dags/pipeline_dag.py                           1           0  0.19s           2026-05-06T17:04:27
================================================================================
[2026-05-06T17:05:03.485+0000] {manager.py:878} INFO - 
================================================================================
DAG File Processing Stats

File Path                          PID    Runtime      # DAGs    # Errors  Last Runtime    Last Run
---------------------------------  -----  ---------  --------  ----------  --------------  -------------------
/opt/airflow/dags/pipeline_dag.py                           1           0  0.14s           2026-05-06T17:04:58
================================================================================
[2026-05-06T17:05:23.302+0000] {manager.py:737} INFO - Searching for files in /opt/airflow/dags
[2026-05-06T17:05:23.324+0000] {manager.py:740} INFO - There are 1 files in /opt/airflow/dags
[2026-05-06T17:05:36.417+0000] {manager.py:878} INFO - 
================================================================================
DAG File Processing Stats

File Path                          PID    Runtime      # DAGs    # Errors  Last Runtime    Last Run
---------------------------------  -----  ---------  --------  ----------  --------------  -------------------
/opt/airflow/dags/pipeline_dag.py                           1           0  0.13s           2026-05-06T17:05:29
================================================================================
[2026-05-06T17:06:09.299+0000] {manager.py:878} INFO - 
================================================================================
DAG File Processing Stats

File Path                          PID    Runtime      # DAGs    # Errors  Last Runtime    Last Run
---------------------------------  -----  ---------  --------  ----------  --------------  -------------------
/opt/airflow/dags/pipeline_dag.py                           1           0  0.14s           2026-05-06T17:06:00
================================================================================
[2026-05-06T17:06:42.107+0000] {manager.py:878} INFO - 
================================================================================
DAG File Processing Stats

File Path                          PID    Runtime      # DAGs    # Errors  Last Runtime    Last Run
---------------------------------  -----  ---------  --------  ----------  --------------  -------------------
/opt/airflow/dags/pipeline_dag.py                           1           0  0.14s           2026-05-06T17:06:31
================================================================================
[2026-05-06T17:07:15.125+0000] {manager.py:878} INFO - 
================================================================================
DAG File Processing Stats

File Path                          PID    Runtime      # DAGs    # Errors  Last Runtime    Last Run
---------------------------------  -----  ---------  --------  ----------  --------------  -------------------
/opt/airflow/dags/pipeline_dag.py                           1           0  0.14s           2026-05-06T17:07:02
================================================================================
[2026-05-06T17:07:48.007+0000] {manager.py:878} INFO - 
================================================================================
DAG File Processing Stats

File Path                          PID    Runtime      # DAGs    # Errors  Last Runtime    Last Run
---------------------------------  -----  ---------  --------  ----------  --------------  -------------------
/opt/airflow/dags/pipeline_dag.py                           1           0  0.15s           2026-05-06T17:07:33
================================================================================
[2026-05-06T17:08:21.050+0000] {manager.py:878} INFO - 
================================================================================
DAG File Processing Stats

File Path                          PID    Runtime      # DAGs    # Errors  Last Runtime    Last Run
---------------------------------  -----  ---------  --------  ----------  --------------  -------------------
/opt/airflow/dags/pipeline_dag.py                           1           0  0.14s           2026-05-06T17:08:04
================================================================================
[2026-05-06T17:08:53.962+0000] {manager.py:878} INFO - 
================================================================================
DAG File Processing Stats

File Path                          PID    Runtime      # DAGs    # Errors  Last Runtime    Last Run
---------------------------------  -----  ---------  --------  ----------  --------------  -------------------
/opt/airflow/dags/pipeline_dag.py                           1           0  0.14s           2026-05-06T17:08:35
================================================================================
[2026-05-06T17:09:27.012+0000] {manager.py:878} INFO - 
================================================================================
DAG File Processing Stats

File Path                          PID    Runtime      # DAGs    # Errors  Last Runtime    Last Run
---------------------------------  -----  ---------  --------  ----------  --------------  -------------------
/opt/airflow/dags/pipeline_dag.py                           1           0  0.14s           2026-05-06T17:09:05
================================================================================
[2026-05-06T17:10:00.024+0000] {manager.py:878} INFO - 
================================================================================
DAG File Processing Stats

File Path                          PID    Runtime      # DAGs    # Errors  Last Runtime    Last Run
---------------------------------  -----  ---------  --------  ----------  --------------  -------------------
/opt/airflow/dags/pipeline_dag.py                           1           0  0.14s           2026-05-06T17:09:37
================================================================================
[2026-05-06T17:10:26.200+0000] {manager.py:737} INFO - Searching for files in /opt/airflow/dags
[2026-05-06T17:10:26.217+0000] {manager.py:740} INFO - There are 1 files in /opt/airflow/dags
[2026-05-06T17:10:34.261+0000] {manager.py:878} INFO - 
================================================================================
DAG File Processing Stats

File Path                          PID    Runtime      # DAGs    # Errors  Last Runtime    Last Run
---------------------------------  -----  ---------  --------  ----------  --------------  -------------------
/opt/airflow/dags/pipeline_dag.py                           1           0  0.13s           2026-05-06T17:10:07
================================================================================
[2026-05-06T17:11:05.856+0000] {manager.py:878} INFO - 
================================================================================
DAG File Processing Stats

File Path                          PID    Runtime      # DAGs    # Errors  Last Runtime    Last Run
---------------------------------  -----  ---------  --------  ----------  --------------  -------------------
/opt/airflow/dags/pipeline_dag.py                           1           0  0.14s           2026-05-06T17:10:37
================================================================================
[2026-05-06T17:11:38.803+0000] {manager.py:878} INFO - 
================================================================================
DAG File Processing Stats

File Path                            PID  Runtime      # DAGs    # Errors  Last Runtime    Last Run
---------------------------------  -----  ---------  --------  ----------  --------------  -------------------
/opt/airflow/dags/pipeline_dag.py   3813  0.01s             1           0  0.13s           2026-05-06T17:11:08
================================================================================
[2026-05-06T17:12:11.809+0000] {manager.py:878} INFO - 
================================================================================
DAG File Processing Stats

File Path                          PID    Runtime      # DAGs    # Errors  Last Runtime    Last Run
---------------------------------  -----  ---------  --------  ----------  --------------  -------------------
/opt/airflow/dags/pipeline_dag.py                           1           0  0.13s           2026-05-06T17:12:09
================================================================================
[2026-05-06T17:12:44.801+0000] {manager.py:878} INFO - 
================================================================================
DAG File Processing Stats

File Path                          PID    Runtime      # DAGs    # Errors  Last Runtime    Last Run
---------------------------------  -----  ---------  --------  ----------  --------------  -------------------
/opt/airflow/dags/pipeline_dag.py                           1           0  0.14s           2026-05-06T17:12:40
================================================================================
[2026-05-06T17:13:17.727+0000] {manager.py:878} INFO - 
================================================================================
DAG File Processing Stats

File Path                          PID    Runtime      # DAGs    # Errors  Last Runtime    Last Run
---------------------------------  -----  ---------  --------  ----------  --------------  -------------------
/opt/airflow/dags/pipeline_dag.py                           1           0  0.13s           2026-05-06T17:13:11
================================================================================
[2026-05-06T17:13:50.777+0000] {manager.py:878} INFO - 
================================================================================
DAG File Processing Stats

File Path                          PID    Runtime      # DAGs    # Errors  Last Runtime    Last Run
---------------------------------  -----  ---------  --------  ----------  --------------  -------------------
/opt/airflow/dags/pipeline_dag.py                           1           0  0.15s           2026-05-06T17:13:42
================================================================================
[2026-05-06T17:14:23.784+0000] {manager.py:878} INFO - 
================================================================================
DAG File Processing Stats

File Path                          PID    Runtime      # DAGs    # Errors  Last Runtime    Last Run
---------------------------------  -----  ---------  --------  ----------  --------------  -------------------
/opt/airflow/dags/pipeline_dag.py                           1           0  0.14s           2026-05-06T17:14:13
================================================================================
[2026-05-06T17:14:56.738+0000] {manager.py:878} INFO - 
================================================================================
DAG File Processing Stats

File Path                          PID    Runtime      # DAGs    # Errors  Last Runtime    Last Run
---------------------------------  -----  ---------  --------  ----------  --------------  -------------------
/opt/airflow/dags/pipeline_dag.py                           1           0  0.15s           2026-05-06T17:14:44
================================================================================
[2026-05-06T17:15:26.591+0000] {manager.py:737} INFO - Searching for files in /opt/airflow/dags
[2026-05-06T17:15:26.605+0000] {manager.py:740} INFO - There are 1 files in /opt/airflow/dags
[2026-05-06T17:15:29.628+0000] {manager.py:878} INFO - 
================================================================================
DAG File Processing Stats

File Path                          PID    Runtime      # DAGs    # Errors  Last Runtime    Last Run
---------------------------------  -----  ---------  --------  ----------  --------------  -------------------
/opt/airflow/dags/pipeline_dag.py                           1           0  0.14s           2026-05-06T17:15:15
================================================================================
[2026-05-06T17:16:02.646+0000] {manager.py:878} INFO - 
================================================================================
DAG File Processing Stats

File Path                          PID    Runtime      # DAGs    # Errors  Last Runtime    Last Run
---------------------------------  -----  ---------  --------  ----------  --------------  -------------------
/opt/airflow/dags/pipeline_dag.py                           1           0  0.14s           2026-05-06T17:15:46
================================================================================
[2026-05-06T17:16:35.673+0000] {manager.py:878} INFO - 
================================================================================
DAG File Processing Stats

File Path                          PID    Runtime      # DAGs    # Errors  Last Runtime    Last Run
---------------------------------  -----  ---------  --------  ----------  --------------  -------------------
/opt/airflow/dags/pipeline_dag.py                           1           0  0.14s           2026-05-06T17:16:17
================================================================================
[2026-05-06T17:17:08.563+0000] {manager.py:878} INFO - 
================================================================================
DAG File Processing Stats

File Path                          PID    Runtime      # DAGs    # Errors  Last Runtime    Last Run
---------------------------------  -----  ---------  --------  ----------  --------------  -------------------
/opt/airflow/dags/pipeline_dag.py                           1           0  0.14s           2026-05-06T17:16:48
================================================================================
[2026-05-06T17:17:41.531+0000] {manager.py:878} INFO - 
================================================================================
DAG File Processing Stats

File Path                          PID    Runtime      # DAGs    # Errors  Last Runtime    Last Run
---------------------------------  -----  ---------  --------  ----------  --------------  -------------------
/opt/airflow/dags/pipeline_dag.py                           1           0  0.13s           2026-05-06T17:17:19
================================================================================
[2026-05-06T17:18:14.529+0000] {manager.py:878} INFO - 
================================================================================
DAG File Processing Stats

File Path                          PID    Runtime      # DAGs    # Errors  Last Runtime    Last Run
---------------------------------  -----  ---------  --------  ----------  --------------  -------------------
/opt/airflow/dags/pipeline_dag.py                           1           0  0.14s           2026-05-06T17:17:50
================================================================================
[2026-05-06T17:18:47.629+0000] {manager.py:878} INFO - 
================================================================================
DAG File Processing Stats

File Path                          PID    Runtime      # DAGs    # Errors  Last Runtime    Last Run
---------------------------------  -----  ---------  --------  ----------  --------------  -------------------
/opt/airflow/dags/pipeline_dag.py                           1           0  0.14s           2026-05-06T17:18:21
================================================================================
[2026-05-06T17:19:20.593+0000] {manager.py:878} INFO - 
================================================================================
DAG File Processing Stats

File Path                          PID    Runtime      # DAGs    # Errors  Last Runtime    Last Run
---------------------------------  -----  ---------  --------  ----------  --------------  -------------------
/opt/airflow/dags/pipeline_dag.py                           1           0  0.14s           2026-05-06T17:18:53
================================================================================
[2026-05-06T17:19:53.483+0000] {manager.py:878} INFO - 
================================================================================
DAG File Processing Stats

File Path                          PID    Runtime      # DAGs    # Errors  Last Runtime    Last Run
---------------------------------  -----  ---------  --------  ----------  --------------  -------------------
/opt/airflow/dags/pipeline_dag.py                           1           0  0.13s           2026-05-06T17:19:26
================================================================================
[2026-05-06T17:20:26.648+0000] {manager.py:737} INFO - Searching for files in /opt/airflow/dags
[2026-05-06T17:20:26.668+0000] {manager.py:740} INFO - There are 1 files in /opt/airflow/dags
[2026-05-06T17:20:26.678+0000] {manager.py:878} INFO - 
================================================================================
DAG File Processing Stats

File Path                          PID    Runtime      # DAGs    # Errors  Last Runtime    Last Run
---------------------------------  -----  ---------  --------  ----------  --------------  -------------------
/opt/airflow/dags/pipeline_dag.py                           1           0  0.14s           2026-05-06T17:19:59
================================================================================
[2026-05-06T17:20:59.542+0000] {manager.py:878} INFO - 
================================================================================
DAG File Processing Stats

File Path                          PID    Runtime      # DAGs    # Errors  Last Runtime    Last Run
---------------------------------  -----  ---------  --------  ----------  --------------  -------------------
/opt/airflow/dags/pipeline_dag.py                           1           0  0.14s           2026-05-06T17:20:29
================================================================================
[2026-05-06T17:21:32.662+0000] {manager.py:878} INFO - 
================================================================================
DAG File Processing Stats

File Path                          PID    Runtime      # DAGs    # Errors  Last Runtime    Last Run
---------------------------------  -----  ---------  --------  ----------  --------------  -------------------
/opt/airflow/dags/pipeline_dag.py                           1           0  0.13s           2026-05-06T17:21:31
================================================================================
[2026-05-06T17:22:05.621+0000] {manager.py:878} INFO - 
================================================================================
DAG File Processing Stats

File Path                          PID    Runtime      # DAGs    # Errors  Last Runtime    Last Run
---------------------------------  -----  ---------  --------  ----------  --------------  -------------------
/opt/airflow/dags/pipeline_dag.py                           1           0  0.15s           2026-05-06T17:22:02
================================================================================
[2026-05-06T17:22:38.647+0000] {manager.py:878} INFO - 
================================================================================
DAG File Processing Stats

File Path                          PID    Runtime      # DAGs    # Errors  Last Runtime    Last Run
---------------------------------  -----  ---------  --------  ----------  --------------  -------------------
/opt/airflow/dags/pipeline_dag.py                           1           0  0.13s           2026-05-06T17:22:33
================================================================================
[2026-05-06T17:23:11.694+0000] {manager.py:878} INFO - 
================================================================================
DAG File Processing Stats

File Path                          PID    Runtime      # DAGs    # Errors  Last Runtime    Last Run
---------------------------------  -----  ---------  --------  ----------  --------------  -------------------
/opt/airflow/dags/pipeline_dag.py                           1           0  0.14s           2026-05-06T17:23:04
================================================================================
[2026-05-06T17:23:44.708+0000] {manager.py:878} INFO - 
================================================================================
DAG File Processing Stats

File Path                          PID    Runtime      # DAGs    # Errors  Last Runtime    Last Run
---------------------------------  -----  ---------  --------  ----------  --------------  -------------------
/opt/airflow/dags/pipeline_dag.py                           1           0  0.13s           2026-05-06T17:23:35
================================================================================
[2026-05-06T17:24:17.593+0000] {manager.py:878} INFO - 
================================================================================
DAG File Processing Stats

File Path                          PID    Runtime      # DAGs    # Errors  Last Runtime    Last Run
---------------------------------  -----  ---------  --------  ----------  --------------  -------------------
/opt/airflow/dags/pipeline_dag.py                           1           0  0.13s           2026-05-06T17:24:06
================================================================================
[2026-05-06T17:24:50.546+0000] {manager.py:878} INFO - 
================================================================================
DAG File Processing Stats

File Path                          PID    Runtime      # DAGs    # Errors  Last Runtime    Last Run
---------------------------------  -----  ---------  --------  ----------  --------------  -------------------
/opt/airflow/dags/pipeline_dag.py                           1           0  0.20s           2026-05-06T17:24:37
================================================================================
[2026-05-06T17:25:24.729+0000] {manager.py:878} INFO - 
================================================================================
DAG File Processing Stats

File Path                          PID    Runtime      # DAGs    # Errors  Last Runtime    Last Run
---------------------------------  -----  ---------  --------  ----------  --------------  -------------------
/opt/airflow/dags/pipeline_dag.py                           1           0  0.13s           2026-05-06T17:25:08
================================================================================
[2026-05-06T17:25:27.422+0000] {manager.py:737} INFO - Searching for files in /opt/airflow/dags
[2026-05-06T17:25:27.437+0000] {manager.py:740} INFO - There are 1 files in /opt/airflow/dags
[2026-05-06T17:25:59.388+0000] {manager.py:878} INFO - 
================================================================================
DAG File Processing Stats

File Path                          PID    Runtime      # DAGs    # Errors  Last Runtime    Last Run
---------------------------------  -----  ---------  --------  ----------  --------------  -------------------
/opt/airflow/dags/pipeline_dag.py                           1           0  0.14s           2026-05-06T17:25:39
================================================================================
[2026-05-06T17:26:32.356+0000] {manager.py:878} INFO - 
================================================================================
DAG File Processing Stats

File Path                          PID    Runtime      # DAGs    # Errors  Last Runtime    Last Run
---------------------------------  -----  ---------  --------  ----------  --------------  -------------------
/opt/airflow/dags/pipeline_dag.py                           1           0  0.13s           2026-05-06T17:26:10
================================================================================
[2026-05-06T17:27:05.364+0000] {manager.py:878} INFO - 
================================================================================
DAG File Processing Stats

File Path                          PID    Runtime      # DAGs    # Errors  Last Runtime    Last Run
---------------------------------  -----  ---------  --------  ----------  --------------  -------------------
/opt/airflow/dags/pipeline_dag.py                           1           0  0.12s           2026-05-06T17:26:41
================================================================================
[2026-05-06T17:27:38.490+0000] {manager.py:878} INFO - 
================================================================================
DAG File Processing Stats

File Path                          PID    Runtime      # DAGs    # Errors  Last Runtime    Last Run
---------------------------------  -----  ---------  --------  ----------  --------------  -------------------
/opt/airflow/dags/pipeline_dag.py                           1           0  0.14s           2026-05-06T17:27:12
================================================================================
[2026-05-06T17:28:11.311+0000] {manager.py:878} INFO - 
================================================================================
DAG File Processing Stats

File Path                          PID    Runtime      # DAGs    # Errors  Last Runtime    Last Run
---------------------------------  -----  ---------  --------  ----------  --------------  -------------------
/opt/airflow/dags/pipeline_dag.py                           1           0  0.13s           2026-05-06T17:27:42
================================================================================
[2026-05-06T17:28:44.300+0000] {manager.py:878} INFO - 
================================================================================
DAG File Processing Stats

File Path                            PID  Runtime      # DAGs    # Errors  Last Runtime    Last Run
---------------------------------  -----  ---------  --------  ----------  --------------  -------------------
/opt/airflow/dags/pipeline_dag.py   3978  0.00s             1           0  0.16s           2026-05-06T17:28:13
================================================================================
[2026-05-06T17:29:17.462+0000] {manager.py:878} INFO - 
================================================================================
DAG File Processing Stats

File Path                          PID    Runtime      # DAGs    # Errors  Last Runtime    Last Run
---------------------------------  -----  ---------  --------  ----------  --------------  -------------------
/opt/airflow/dags/pipeline_dag.py                           1           0  0.13s           2026-05-06T17:29:16
================================================================================
[2026-05-06T17:29:50.515+0000] {manager.py:878} INFO - 
================================================================================
DAG File Processing Stats

File Path                          PID    Runtime      # DAGs    # Errors  Last Runtime    Last Run
---------------------------------  -----  ---------  --------  ----------  --------------  -------------------
/opt/airflow/dags/pipeline_dag.py                           1           0  0.16s           2026-05-06T17:29:49
================================================================================
[2026-05-06T17:30:21.744+0000] {manager.py:878} INFO - 
================================================================================
DAG File Processing Stats

File Path                          PID    Runtime      # DAGs    # Errors  Last Runtime    Last Run
---------------------------------  -----  ---------  --------  ----------  --------------  -------------------
/opt/airflow/dags/pipeline_dag.py                           1           0  0.18s           2026-05-06T17:30:20
================================================================================
[2026-05-06T17:30:27.769+0000] {manager.py:737} INFO - Searching for files in /opt/airflow/dags
[2026-05-06T17:30:27.788+0000] {manager.py:740} INFO - There are 1 files in /opt/airflow/dags
[2026-05-06T17:30:56.273+0000] {manager.py:878} INFO - 
================================================================================
DAG File Processing Stats

File Path                          PID    Runtime      # DAGs    # Errors  Last Runtime    Last Run
---------------------------------  -----  ---------  --------  ----------  --------------  -------------------
/opt/airflow/dags/pipeline_dag.py                           1           0  0.13s           2026-05-06T17:30:51
================================================================================
[2026-05-06T17:31:29.399+0000] {manager.py:878} INFO - 
================================================================================
DAG File Processing Stats

File Path                          PID    Runtime      # DAGs    # Errors  Last Runtime    Last Run
---------------------------------  -----  ---------  --------  ----------  --------------  -------------------
/opt/airflow/dags/pipeline_dag.py                           1           0  0.14s           2026-05-06T17:31:21
================================================================================
[2026-05-06T17:32:02.473+0000] {manager.py:878} INFO - 
================================================================================
DAG File Processing Stats

File Path                          PID    Runtime      # DAGs    # Errors  Last Runtime    Last Run
---------------------------------  -----  ---------  --------  ----------  --------------  -------------------
/opt/airflow/dags/pipeline_dag.py                           1           0  0.13s           2026-05-06T17:31:51
================================================================================
[2026-05-06T17:32:35.573+0000] {manager.py:878} INFO - 
================================================================================
DAG File Processing Stats

File Path                          PID    Runtime      # DAGs    # Errors  Last Runtime    Last Run
---------------------------------  -----  ---------  --------  ----------  --------------  -------------------
/opt/airflow/dags/pipeline_dag.py                           1           0  0.16s           2026-05-06T17:32:22
================================================================================
[2026-05-06T17:33:08.578+0000] {manager.py:878} INFO - 
================================================================================
DAG File Processing Stats

File Path                          PID    Runtime      # DAGs    # Errors  Last Runtime    Last Run
---------------------------------  -----  ---------  --------  ----------  --------------  -------------------
/opt/airflow/dags/pipeline_dag.py                           1           0  0.17s           2026-05-06T17:32:53
================================================================================
[2026-05-06T17:33:41.690+0000] {manager.py:878} INFO - 
================================================================================
DAG File Processing Stats

File Path                          PID    Runtime      # DAGs    # Errors  Last Runtime    Last Run
---------------------------------  -----  ---------  --------  ----------  --------------  -------------------
/opt/airflow/dags/pipeline_dag.py                           1           0  0.15s           2026-05-06T17:33:24
================================================================================
[2026-05-06T17:34:14.571+0000] {manager.py:878} INFO - 
================================================================================
DAG File Processing Stats

File Path                          PID    Runtime      # DAGs    # Errors  Last Runtime    Last Run
---------------------------------  -----  ---------  --------  ----------  --------------  -------------------
/opt/airflow/dags/pipeline_dag.py                           1           0  0.13s           2026-05-06T17:33:55
================================================================================
[2026-05-06T17:34:47.891+0000] {manager.py:878} INFO - 
================================================================================
DAG File Processing Stats

File Path                          PID    Runtime      # DAGs    # Errors  Last Runtime    Last Run
---------------------------------  -----  ---------  --------  ----------  --------------  -------------------
/opt/airflow/dags/pipeline_dag.py                           1           0  0.14s           2026-05-06T17:34:26
================================================================================
[2026-05-06T17:35:20.931+0000] {manager.py:878} INFO - 
================================================================================
DAG File Processing Stats

File Path                          PID    Runtime      # DAGs    # Errors  Last Runtime    Last Run
---------------------------------  -----  ---------  --------  ----------  --------------  -------------------
/opt/airflow/dags/pipeline_dag.py                           1           0  0.13s           2026-05-06T17:34:57
================================================================================
[2026-05-06T17:35:27.963+0000] {manager.py:737} INFO - Searching for files in /opt/airflow/dags
[2026-05-06T17:35:27.980+0000] {manager.py:740} INFO - There are 1 files in /opt/airflow/dags
[2026-05-06T17:35:53.938+0000] {manager.py:878} INFO - 
================================================================================
DAG File Processing Stats

File Path                          PID    Runtime      # DAGs    # Errors  Last Runtime    Last Run
---------------------------------  -----  ---------  --------  ----------  --------------  -------------------
/opt/airflow/dags/pipeline_dag.py                           1           0  0.13s           2026-05-06T17:35:28
================================================================================
[2026-05-06T17:36:26.988+0000] {manager.py:878} INFO - 
================================================================================
DAG File Processing Stats

File Path                          PID    Runtime      # DAGs    # Errors  Last Runtime    Last Run
---------------------------------  -----  ---------  --------  ----------  --------------  -------------------
/opt/airflow/dags/pipeline_dag.py                           1           0  0.20s           2026-05-06T17:35:59
================================================================================
[2026-05-06T17:37:00.025+0000] {manager.py:878} INFO - 
================================================================================
DAG File Processing Stats

File Path                          PID    Runtime      # DAGs    # Errors  Last Runtime    Last Run
---------------------------------  -----  ---------  --------  ----------  --------------  -------------------
/opt/airflow/dags/pipeline_dag.py                           1           0  0.14s           2026-05-06T17:36:30
================================================================================
[2026-05-06T17:37:33.039+0000] {manager.py:878} INFO - 
================================================================================
DAG File Processing Stats

File Path                          PID    Runtime      # DAGs    # Errors  Last Runtime    Last Run
---------------------------------  -----  ---------  --------  ----------  --------------  -------------------
/opt/airflow/dags/pipeline_dag.py                           1           0  0.12s           2026-05-06T17:37:32
================================================================================
[2026-05-06T17:38:06.141+0000] {manager.py:878} INFO - 
================================================================================
DAG File Processing Stats

File Path                          PID    Runtime      # DAGs    # Errors  Last Runtime    Last Run
---------------------------------  -----  ---------  --------  ----------  --------------  -------------------
/opt/airflow/dags/pipeline_dag.py                           1           0  0.14s           2026-05-06T17:38:03
================================================================================
[2026-05-06T17:38:39.174+0000] {manager.py:878} INFO - 
================================================================================
DAG File Processing Stats

File Path                          PID    Runtime      # DAGs    # Errors  Last Runtime    Last Run
---------------------------------  -----  ---------  --------  ----------  --------------  -------------------
/opt/airflow/dags/pipeline_dag.py                           1           0  0.35s           2026-05-06T17:38:34
================================================================================
[2026-05-06T17:39:12.220+0000] {manager.py:878} INFO - 
================================================================================
DAG File Processing Stats

File Path                          PID    Runtime      # DAGs    # Errors  Last Runtime    Last Run
---------------------------------  -----  ---------  --------  ----------  --------------  -------------------
/opt/airflow/dags/pipeline_dag.py                           1           0  0.12s           2026-05-06T17:39:07
================================================================================
[2026-05-06T17:39:45.345+0000] {manager.py:878} INFO - 
================================================================================
DAG File Processing Stats

File Path                          PID    Runtime      # DAGs    # Errors  Last Runtime    Last Run
---------------------------------  -----  ---------  --------  ----------  --------------  -------------------
/opt/airflow/dags/pipeline_dag.py                           1           0  0.13s           2026-05-06T17:39:40
================================================================================
[2026-05-06T17:40:18.236+0000] {manager.py:878} INFO - 
================================================================================
DAG File Processing Stats

File Path                          PID    Runtime      # DAGs    # Errors  Last Runtime    Last Run
---------------------------------  -----  ---------  --------  ----------  --------------  -------------------
/opt/airflow/dags/pipeline_dag.py                           1           0  0.13s           2026-05-06T17:40:13
================================================================================
[2026-05-06T17:40:28.276+0000] {manager.py:737} INFO - Searching for files in /opt/airflow/dags
[2026-05-06T17:40:28.289+0000] {manager.py:740} INFO - There are 1 files in /opt/airflow/dags
[2026-05-06T17:40:51.289+0000] {manager.py:878} INFO - 
================================================================================
DAG File Processing Stats

File Path                          PID    Runtime      # DAGs    # Errors  Last Runtime    Last Run
---------------------------------  -----  ---------  --------  ----------  --------------  -------------------
/opt/airflow/dags/pipeline_dag.py                           1           0  0.11s           2026-05-06T17:40:43
================================================================================
[2026-05-06T17:41:24.240+0000] {manager.py:878} INFO - 
================================================================================
DAG File Processing Stats

File Path                          PID    Runtime      # DAGs    # Errors  Last Runtime    Last Run
---------------------------------  -----  ---------  --------  ----------  --------------  -------------------
/opt/airflow/dags/pipeline_dag.py                           1           0  0.11s           2026-05-06T17:41:14
================================================================================
[2026-05-06T17:41:57.364+0000] {manager.py:878} INFO - 
================================================================================
DAG File Processing Stats

File Path                          PID    Runtime      # DAGs    # Errors  Last Runtime    Last Run
---------------------------------  -----  ---------  --------  ----------  --------------  -------------------
/opt/airflow/dags/pipeline_dag.py                           1           0  0.12s           2026-05-06T17:41:45
================================================================================
[2026-05-06T17:42:44.894+0000] {manager.py:878} INFO - 
================================================================================
DAG File Processing Stats

File Path                          PID    Runtime      # DAGs    # Errors  Last Runtime    Last Run
---------------------------------  -----  ---------  --------  ----------  --------------  -------------------
/opt/airflow/dags/pipeline_dag.py                           1           0  0.12s           2026-05-06T17:42:25
================================================================================
[2026-05-06T17:43:17.551+0000] {manager.py:878} INFO - 
================================================================================
DAG File Processing Stats

File Path                          PID    Runtime      # DAGs    # Errors  Last Runtime    Last Run
---------------------------------  -----  ---------  --------  ----------  --------------  -------------------
/opt/airflow/dags/pipeline_dag.py                           1           0  0.11s           2026-05-06T17:42:56
================================================================================
[2026-05-06T17:43:50.072+0000] {manager.py:878} INFO - 
================================================================================
DAG File Processing Stats

File Path                          PID    Runtime      # DAGs    # Errors  Last Runtime    Last Run
---------------------------------  -----  ---------  --------  ----------  --------------  -------------------
/opt/airflow/dags/pipeline_dag.py                           1           0  0.11s           2026-05-06T17:43:26
================================================================================
[2026-05-06T17:44:22.575+0000] {manager.py:878} INFO - 
================================================================================
DAG File Processing Stats

File Path                          PID    Runtime      # DAGs    # Errors  Last Runtime    Last Run
---------------------------------  -----  ---------  --------  ----------  --------------  -------------------
/opt/airflow/dags/pipeline_dag.py                           1           0  0.12s           2026-05-06T17:43:57
================================================================================
[2026-05-06T17:44:55.250+0000] {manager.py:878} INFO - 
================================================================================
DAG File Processing Stats

File Path                          PID    Runtime      # DAGs    # Errors  Last Runtime    Last Run
---------------------------------  -----  ---------  --------  ----------  --------------  -------------------
/opt/airflow/dags/pipeline_dag.py                           1           0  0.11s           2026-05-06T17:44:27
================================================================================
[2026-05-06T17:45:27.717+0000] {manager.py:878} INFO - 
================================================================================
DAG File Processing Stats

File Path                          PID    Runtime      # DAGs    # Errors  Last Runtime    Last Run
---------------------------------  -----  ---------  --------  ----------  --------------  -------------------
/opt/airflow/dags/pipeline_dag.py                           1           0  0.13s           2026-05-06T17:44:58
================================================================================
[2026-05-06T17:45:28.721+0000] {manager.py:737} INFO - Searching for files in /opt/airflow/dags
[2026-05-06T17:45:28.733+0000] {manager.py:740} INFO - There are 1 files in /opt/airflow/dags
[2026-05-06T17:51:50.517+0000] {manager.py:737} INFO - Searching for files in /opt/airflow/dags
[2026-05-06T17:51:53.327+0000] {manager.py:740} INFO - There are 1 files in /opt/airflow/dags
[2026-05-06T17:51:53.396+0000] {manager.py:1203} ERROR - Processor for /opt/airflow/dags/pipeline_dag.py with PID 4143 started at 2026-05-06T17:47:04.737029+00:00 has timed out, killing it.
[2026-05-06T17:52:10.293+0000] {manager.py:878} INFO - 
================================================================================
DAG File Processing Stats

File Path                          PID    Runtime      # DAGs    # Errors  Last Runtime    Last Run
---------------------------------  -----  ---------  --------  ----------  --------------  -------------------
/opt/airflow/dags/pipeline_dag.py                           0           1  288.66s         2026-05-06T17:51:53
================================================================================
[2026-05-06T17:52:42.565+0000] {manager.py:878} INFO - 
================================================================================
DAG File Processing Stats

File Path                          PID    Runtime      # DAGs    # Errors  Last Runtime    Last Run
---------------------------------  -----  ---------  --------  ----------  --------------  -------------------
/opt/airflow/dags/pipeline_dag.py                           1           0  0.55s           2026-05-06T17:52:24
================================================================================
[2026-05-06T17:53:15.357+0000] {manager.py:878} INFO - 
================================================================================
DAG File Processing Stats

File Path                          PID    Runtime      # DAGs    # Errors  Last Runtime    Last Run
---------------------------------  -----  ---------  --------  ----------  --------------  -------------------
/opt/airflow/dags/pipeline_dag.py                           1           0  0.11s           2026-05-06T17:52:54
================================================================================
[2026-05-06T17:53:48.241+0000] {manager.py:878} INFO - 
================================================================================
DAG File Processing Stats

File Path                          PID    Runtime      # DAGs    # Errors  Last Runtime    Last Run
---------------------------------  -----  ---------  --------  ----------  --------------  -------------------
/opt/airflow/dags/pipeline_dag.py                           1           0  0.13s           2026-05-06T17:53:25
================================================================================
[2026-05-06T17:54:21.029+0000] {manager.py:878} INFO - 
================================================================================
DAG File Processing Stats

File Path                          PID    Runtime      # DAGs    # Errors  Last Runtime    Last Run
---------------------------------  -----  ---------  --------  ----------  --------------  -------------------
/opt/airflow/dags/pipeline_dag.py                           1           0  0.13s           2026-05-06T17:53:56
================================================================================
[2026-05-06T17:54:53.729+0000] {manager.py:878} INFO - 
================================================================================
DAG File Processing Stats

File Path                          PID    Runtime      # DAGs    # Errors  Last Runtime    Last Run
---------------------------------  -----  ---------  --------  ----------  --------------  -------------------
/opt/airflow/dags/pipeline_dag.py                           1           0  0.11s           2026-05-06T17:54:27
================================================================================
[2026-05-06T18:17:27.626+0000] {manager.py:737} INFO - Searching for files in /opt/airflow/dags
[2026-05-06T18:17:53.200+0000] {manager.py:740} INFO - There are 1 files in /opt/airflow/dags
[2026-05-06T18:17:53.649+0000] {manager.py:878} INFO - 
================================================================================
DAG File Processing Stats

File Path                            PID  Runtime      # DAGs    # Errors  Last Runtime    Last Run
---------------------------------  -----  ---------  --------  ----------  --------------  -------------------
/opt/airflow/dags/pipeline_dag.py   4176  0.03s             1           0  0.11s           2026-05-06T17:54:57
================================================================================
[2026-05-06T18:18:26.524+0000] {manager.py:878} INFO - 
================================================================================
DAG File Processing Stats

File Path                          PID    Runtime      # DAGs    # Errors  Last Runtime    Last Run
---------------------------------  -----  ---------  --------  ----------  --------------  -------------------
/opt/airflow/dags/pipeline_dag.py                           1           0  0.11s           2026-05-06T18:18:25
================================================================================
[2026-05-06T18:18:59.487+0000] {manager.py:878} INFO - 
================================================================================
DAG File Processing Stats

File Path                          PID    Runtime      # DAGs    # Errors  Last Runtime    Last Run
---------------------------------  -----  ---------  --------  ----------  --------------  -------------------
/opt/airflow/dags/pipeline_dag.py                           1           0  0.14s           2026-05-06T18:18:56
================================================================================
[2026-05-06T18:19:32.252+0000] {manager.py:878} INFO - 
================================================================================
DAG File Processing Stats

File Path                          PID    Runtime      # DAGs    # Errors  Last Runtime    Last Run
---------------------------------  -----  ---------  --------  ----------  --------------  -------------------
/opt/airflow/dags/pipeline_dag.py                           1           0  0.13s           2026-05-06T18:19:27
================================================================================
[2026-05-06T18:20:05.084+0000] {manager.py:878} INFO - 
================================================================================
DAG File Processing Stats

File Path                          PID    Runtime      # DAGs    # Errors  Last Runtime    Last Run
---------------------------------  -----  ---------  --------  ----------  --------------  -------------------
/opt/airflow/dags/pipeline_dag.py                           1           0  0.12s           2026-05-06T18:19:58
================================================================================
[2026-05-06T18:20:37.529+0000] {manager.py:878} INFO - 
================================================================================
DAG File Processing Stats

File Path                          PID    Runtime      # DAGs    # Errors  Last Runtime    Last Run
---------------------------------  -----  ---------  --------  ----------  --------------  -------------------
/opt/airflow/dags/pipeline_dag.py                           1           0  0.11s           2026-05-06T18:20:28
================================================================================
[2026-05-06T18:21:10.319+0000] {manager.py:878} INFO - 
================================================================================
DAG File Processing Stats

File Path                          PID    Runtime      # DAGs    # Errors  Last Runtime    Last Run
---------------------------------  -----  ---------  --------  ----------  --------------  -------------------
/opt/airflow/dags/pipeline_dag.py                           1           0  0.18s           2026-05-06T18:21:00
================================================================================
[2026-05-06T19:41:26.477+0000] {manager.py:737} INFO - Searching for files in /opt/airflow/dags
[2026-05-06T20:09:11.271+0000] {manager.py:740} INFO - There are 1 files in /opt/airflow/dags
[2026-05-06T20:09:12.080+0000] {manager.py:878} INFO - 
================================================================================
DAG File Processing Stats

File Path                            PID  Runtime      # DAGs    # Errors  Last Runtime    Last Run
---------------------------------  -----  ---------  --------  ----------  --------------  -------------------
/opt/airflow/dags/pipeline_dag.py   4211  0.02s             1           0  0.18s           2026-05-06T18:21:00
================================================================================
[2026-05-06T20:09:12.147+0000] {manager.py:737} INFO - Searching for files in /opt/airflow/dags
[2026-05-06T20:09:12.753+0000] {manager.py:740} INFO - There are 1 files in /opt/airflow/dags
[2026-05-07T12:56:30.276+0000] {manager.py:737} INFO - Searching for files in /opt/airflow/dags
[2026-05-07T12:56:31.985+0000] {manager.py:740} INFO - There are 1 files in /opt/airflow/dags
[2026-05-07T12:56:51.071+0000] {manager.py:878} INFO - 
================================================================================
DAG File Processing Stats

File Path                          PID    Runtime      # DAGs    # Errors  Last Runtime    Last Run
---------------------------------  -----  ---------  --------  ----------  --------------  -------------------
/opt/airflow/dags/pipeline_dag.py                           1           0  12.47s          2026-05-07T12:56:47
================================================================================
[2026-05-07T12:58:40.555+0000] {manager.py:878} INFO - 
================================================================================
DAG File Processing Stats

File Path                          PID    Runtime      # DAGs    # Errors  Last Runtime    Last Run
---------------------------------  -----  ---------  --------  ----------  --------------  -------------------
/opt/airflow/dags/pipeline_dag.py                           1           0  8.36s           2026-05-07T12:58:40
================================================================================
[2026-05-07T12:59:13.401+0000] {manager.py:878} INFO - 
================================================================================
DAG File Processing Stats

File Path                          PID    Runtime      # DAGs    # Errors  Last Runtime    Last Run
---------------------------------  -----  ---------  --------  ----------  --------------  -------------------
/opt/airflow/dags/pipeline_dag.py                           1           0  2.96s           2026-05-07T12:59:13
================================================================================
[2026-05-07T12:59:46.850+0000] {manager.py:878} INFO - 
================================================================================
DAG File Processing Stats

File Path                            PID  Runtime      # DAGs    # Errors  Last Runtime    Last Run
---------------------------------  -----  ---------  --------  ----------  --------------  -------------------
/opt/airflow/dags/pipeline_dag.py   4237  3.24s             1           0  2.96s           2026-05-07T12:59:13
================================================================================
[2026-05-07T13:00:20.019+0000] {manager.py:878} INFO - 
================================================================================
DAG File Processing Stats

File Path                            PID  Runtime      # DAGs    # Errors  Last Runtime    Last Run
---------------------------------  -----  ---------  --------  ----------  --------------  -------------------
/opt/airflow/dags/pipeline_dag.py   4242  0.14s             1           0  6.03s           2026-05-07T12:59:49
================================================================================
[2026-05-07T13:00:53.013+0000] {manager.py:878} INFO - 
================================================================================
DAG File Processing Stats

File Path                          PID    Runtime      # DAGs    # Errors  Last Runtime    Last Run
---------------------------------  -----  ---------  --------  ----------  --------------  -------------------
/opt/airflow/dags/pipeline_dag.py                           1           0  0.44s           2026-05-07T13:00:51
================================================================================
