[2026-05-04T15:04:27.808+0000] {processor.py:161} INFO - Started process (PID=185) to work on /opt/airflow/dags/pipeline_dag.py
[2026-05-04T15:04:27.814+0000] {processor.py:830} INFO - Processing file /opt/airflow/dags/pipeline_dag.py for tasks to queue
[2026-05-04T15:04:27.831+0000] {logging_mixin.py:188} INFO - [2026-05-04T15:04:27.826+0000] {dagbag.py:545} INFO - Filling up the DagBag from /opt/airflow/dags/pipeline_dag.py
[2026-05-04T15:04:27.908+0000] {processor.py:840} INFO - DAG(s) 'ecommerce_pipeline' retrieved from /opt/airflow/dags/pipeline_dag.py
[2026-05-04T15:04:28.731+0000] {logging_mixin.py:188} INFO - [2026-05-04T15:04:28.731+0000] {dag.py:3096} INFO - Sync 1 DAGs
[2026-05-04T15:04:28.868+0000] {logging_mixin.py:188} INFO - [2026-05-04T15:04:28.868+0000] {dag.py:3954} INFO - Setting next_dagrun for ecommerce_pipeline to 2026-05-03 00:00:00+00:00, run_after=2026-05-04 00:00:00+00:00
[2026-05-04T15:04:29.325+0000] {processor.py:183} INFO - Processing /opt/airflow/dags/pipeline_dag.py took 1.387 seconds
[2026-05-04T15:04:59.774+0000] {processor.py:161} INFO - Started process (PID=190) to work on /opt/airflow/dags/pipeline_dag.py
[2026-05-04T15:04:59.778+0000] {processor.py:830} INFO - Processing file /opt/airflow/dags/pipeline_dag.py for tasks to queue
[2026-05-04T15:04:59.787+0000] {logging_mixin.py:188} INFO - [2026-05-04T15:04:59.784+0000] {dagbag.py:545} INFO - Filling up the DagBag from /opt/airflow/dags/pipeline_dag.py
[2026-05-04T15:04:59.840+0000] {processor.py:840} INFO - DAG(s) 'ecommerce_pipeline' retrieved from /opt/airflow/dags/pipeline_dag.py
[2026-05-04T15:04:59.879+0000] {logging_mixin.py:188} INFO - [2026-05-04T15:04:59.878+0000] {dag.py:3096} INFO - Sync 1 DAGs
[2026-05-04T15:04:59.981+0000] {logging_mixin.py:188} INFO - [2026-05-04T15:04:59.980+0000] {dag.py:3954} INFO - Setting next_dagrun for ecommerce_pipeline to 2026-05-03 00:00:00+00:00, run_after=2026-05-04 00:00:00+00:00
[2026-05-04T15:05:00.021+0000] {processor.py:183} INFO - Processing /opt/airflow/dags/pipeline_dag.py took 0.262 seconds
[2026-05-04T15:05:30.334+0000] {processor.py:161} INFO - Started process (PID=195) to work on /opt/airflow/dags/pipeline_dag.py
[2026-05-04T15:05:30.335+0000] {processor.py:830} INFO - Processing file /opt/airflow/dags/pipeline_dag.py for tasks to queue
[2026-05-04T15:05:30.338+0000] {logging_mixin.py:188} INFO - [2026-05-04T15:05:30.338+0000] {dagbag.py:545} INFO - Filling up the DagBag from /opt/airflow/dags/pipeline_dag.py
[2026-05-04T15:05:30.361+0000] {processor.py:840} INFO - DAG(s) 'ecommerce_pipeline' retrieved from /opt/airflow/dags/pipeline_dag.py
[2026-05-04T15:05:30.502+0000] {logging_mixin.py:188} INFO - [2026-05-04T15:05:30.502+0000] {dag.py:3096} INFO - Sync 1 DAGs
[2026-05-04T15:05:30.527+0000] {logging_mixin.py:188} INFO - [2026-05-04T15:05:30.527+0000] {dag.py:3954} INFO - Setting next_dagrun for ecommerce_pipeline to 2026-05-03 00:00:00+00:00, run_after=2026-05-04 00:00:00+00:00
[2026-05-04T15:05:30.775+0000] {processor.py:183} INFO - Processing /opt/airflow/dags/pipeline_dag.py took 0.451 seconds
[2026-05-04T15:06:00.932+0000] {processor.py:161} INFO - Started process (PID=200) to work on /opt/airflow/dags/pipeline_dag.py
[2026-05-04T15:06:00.934+0000] {processor.py:830} INFO - Processing file /opt/airflow/dags/pipeline_dag.py for tasks to queue
[2026-05-04T15:06:00.936+0000] {logging_mixin.py:188} INFO - [2026-05-04T15:06:00.935+0000] {dagbag.py:545} INFO - Filling up the DagBag from /opt/airflow/dags/pipeline_dag.py
[2026-05-04T15:06:00.966+0000] {processor.py:840} INFO - DAG(s) 'ecommerce_pipeline' retrieved from /opt/airflow/dags/pipeline_dag.py
[2026-05-04T15:06:01.026+0000] {logging_mixin.py:188} INFO - [2026-05-04T15:06:01.026+0000] {dag.py:3096} INFO - Sync 1 DAGs
[2026-05-04T15:06:01.062+0000] {logging_mixin.py:188} INFO - [2026-05-04T15:06:01.062+0000] {dag.py:3954} INFO - Setting next_dagrun for ecommerce_pipeline to 2026-05-03 00:00:00+00:00, run_after=2026-05-04 00:00:00+00:00
[2026-05-04T15:06:01.095+0000] {processor.py:183} INFO - Processing /opt/airflow/dags/pipeline_dag.py took 0.173 seconds
[2026-05-04T15:06:31.806+0000] {processor.py:161} INFO - Started process (PID=205) to work on /opt/airflow/dags/pipeline_dag.py
[2026-05-04T15:06:31.808+0000] {processor.py:830} INFO - Processing file /opt/airflow/dags/pipeline_dag.py for tasks to queue
[2026-05-04T15:06:31.811+0000] {logging_mixin.py:188} INFO - [2026-05-04T15:06:31.810+0000] {dagbag.py:545} INFO - Filling up the DagBag from /opt/airflow/dags/pipeline_dag.py
[2026-05-04T15:06:31.846+0000] {processor.py:840} INFO - DAG(s) 'ecommerce_pipeline' retrieved from /opt/airflow/dags/pipeline_dag.py
[2026-05-04T15:06:31.903+0000] {logging_mixin.py:188} INFO - [2026-05-04T15:06:31.902+0000] {dag.py:3096} INFO - Sync 1 DAGs
[2026-05-04T15:06:31.946+0000] {logging_mixin.py:188} INFO - [2026-05-04T15:06:31.945+0000] {dag.py:3954} INFO - Setting next_dagrun for ecommerce_pipeline to 2026-05-03 00:00:00+00:00, run_after=2026-05-04 00:00:00+00:00
[2026-05-04T15:06:31.995+0000] {processor.py:183} INFO - Processing /opt/airflow/dags/pipeline_dag.py took 0.200 seconds
[2026-05-04T15:07:02.788+0000] {processor.py:161} INFO - Started process (PID=210) to work on /opt/airflow/dags/pipeline_dag.py
[2026-05-04T15:07:02.789+0000] {processor.py:830} INFO - Processing file /opt/airflow/dags/pipeline_dag.py for tasks to queue
[2026-05-04T15:07:02.792+0000] {logging_mixin.py:188} INFO - [2026-05-04T15:07:02.791+0000] {dagbag.py:545} INFO - Filling up the DagBag from /opt/airflow/dags/pipeline_dag.py
[2026-05-04T15:07:02.815+0000] {processor.py:840} INFO - DAG(s) 'ecommerce_pipeline' retrieved from /opt/airflow/dags/pipeline_dag.py
[2026-05-04T15:07:02.864+0000] {logging_mixin.py:188} INFO - [2026-05-04T15:07:02.864+0000] {dag.py:3096} INFO - Sync 1 DAGs
[2026-05-04T15:07:02.890+0000] {logging_mixin.py:188} INFO - [2026-05-04T15:07:02.890+0000] {dag.py:3954} INFO - Setting next_dagrun for ecommerce_pipeline to 2026-05-03 00:00:00+00:00, run_after=2026-05-04 00:00:00+00:00
[2026-05-04T15:07:02.923+0000] {processor.py:183} INFO - Processing /opt/airflow/dags/pipeline_dag.py took 0.141 seconds
[2026-05-04T15:07:33.722+0000] {processor.py:161} INFO - Started process (PID=215) to work on /opt/airflow/dags/pipeline_dag.py
[2026-05-04T15:07:33.723+0000] {processor.py:830} INFO - Processing file /opt/airflow/dags/pipeline_dag.py for tasks to queue
[2026-05-04T15:07:33.727+0000] {logging_mixin.py:188} INFO - [2026-05-04T15:07:33.726+0000] {dagbag.py:545} INFO - Filling up the DagBag from /opt/airflow/dags/pipeline_dag.py
[2026-05-04T15:07:33.763+0000] {processor.py:840} INFO - DAG(s) 'ecommerce_pipeline' retrieved from /opt/airflow/dags/pipeline_dag.py
[2026-05-04T15:07:33.806+0000] {logging_mixin.py:188} INFO - [2026-05-04T15:07:33.806+0000] {dag.py:3096} INFO - Sync 1 DAGs
[2026-05-04T15:07:33.831+0000] {logging_mixin.py:188} INFO - [2026-05-04T15:07:33.831+0000] {dag.py:3954} INFO - Setting next_dagrun for ecommerce_pipeline to 2026-05-03 00:00:00+00:00, run_after=2026-05-04 00:00:00+00:00
[2026-05-04T15:07:33.882+0000] {processor.py:183} INFO - Processing /opt/airflow/dags/pipeline_dag.py took 0.168 seconds
[2026-05-04T15:08:04.147+0000] {processor.py:161} INFO - Started process (PID=220) to work on /opt/airflow/dags/pipeline_dag.py
[2026-05-04T15:08:04.149+0000] {processor.py:830} INFO - Processing file /opt/airflow/dags/pipeline_dag.py for tasks to queue
[2026-05-04T15:08:04.152+0000] {logging_mixin.py:188} INFO - [2026-05-04T15:08:04.152+0000] {dagbag.py:545} INFO - Filling up the DagBag from /opt/airflow/dags/pipeline_dag.py
[2026-05-04T15:08:04.180+0000] {processor.py:840} INFO - DAG(s) 'ecommerce_pipeline' retrieved from /opt/airflow/dags/pipeline_dag.py
[2026-05-04T15:08:04.223+0000] {logging_mixin.py:188} INFO - [2026-05-04T15:08:04.222+0000] {dag.py:3096} INFO - Sync 1 DAGs
[2026-05-04T15:08:04.244+0000] {logging_mixin.py:188} INFO - [2026-05-04T15:08:04.244+0000] {dag.py:3954} INFO - Setting next_dagrun for ecommerce_pipeline to 2026-05-03 00:00:00+00:00, run_after=2026-05-04 00:00:00+00:00
[2026-05-04T15:08:04.264+0000] {processor.py:183} INFO - Processing /opt/airflow/dags/pipeline_dag.py took 0.127 seconds
[2026-05-04T15:08:35.101+0000] {processor.py:161} INFO - Started process (PID=225) to work on /opt/airflow/dags/pipeline_dag.py
[2026-05-04T15:08:35.104+0000] {processor.py:830} INFO - Processing file /opt/airflow/dags/pipeline_dag.py for tasks to queue
[2026-05-04T15:08:35.108+0000] {logging_mixin.py:188} INFO - [2026-05-04T15:08:35.108+0000] {dagbag.py:545} INFO - Filling up the DagBag from /opt/airflow/dags/pipeline_dag.py
[2026-05-04T15:08:35.161+0000] {processor.py:840} INFO - DAG(s) 'ecommerce_pipeline' retrieved from /opt/airflow/dags/pipeline_dag.py
[2026-05-04T15:08:35.223+0000] {logging_mixin.py:188} INFO - [2026-05-04T15:08:35.223+0000] {dag.py:3096} INFO - Sync 1 DAGs
[2026-05-04T15:08:35.271+0000] {logging_mixin.py:188} INFO - [2026-05-04T15:08:35.271+0000] {dag.py:3954} INFO - Setting next_dagrun for ecommerce_pipeline to 2026-05-03 00:00:00+00:00, run_after=2026-05-04 00:00:00+00:00
[2026-05-04T15:08:35.328+0000] {processor.py:183} INFO - Processing /opt/airflow/dags/pipeline_dag.py took 0.236 seconds
[2026-05-04T15:09:05.558+0000] {processor.py:161} INFO - Started process (PID=230) to work on /opt/airflow/dags/pipeline_dag.py
[2026-05-04T15:09:05.563+0000] {processor.py:830} INFO - Processing file /opt/airflow/dags/pipeline_dag.py for tasks to queue
[2026-05-04T15:09:05.570+0000] {logging_mixin.py:188} INFO - [2026-05-04T15:09:05.569+0000] {dagbag.py:545} INFO - Filling up the DagBag from /opt/airflow/dags/pipeline_dag.py
[2026-05-04T15:09:05.622+0000] {processor.py:840} INFO - DAG(s) 'ecommerce_pipeline' retrieved from /opt/airflow/dags/pipeline_dag.py
[2026-05-04T15:09:05.706+0000] {logging_mixin.py:188} INFO - [2026-05-04T15:09:05.706+0000] {dag.py:3096} INFO - Sync 1 DAGs
[2026-05-04T15:09:05.759+0000] {logging_mixin.py:188} INFO - [2026-05-04T15:09:05.759+0000] {dag.py:3954} INFO - Setting next_dagrun for ecommerce_pipeline to 2026-05-03 00:00:00+00:00, run_after=2026-05-04 00:00:00+00:00
[2026-05-04T15:09:08.827+0000] {processor.py:183} INFO - Processing /opt/airflow/dags/pipeline_dag.py took 3.280 seconds
[2026-05-04T15:09:39.767+0000] {processor.py:161} INFO - Started process (PID=235) to work on /opt/airflow/dags/pipeline_dag.py
[2026-05-04T15:09:39.768+0000] {processor.py:830} INFO - Processing file /opt/airflow/dags/pipeline_dag.py for tasks to queue
[2026-05-04T15:09:39.772+0000] {logging_mixin.py:188} INFO - [2026-05-04T15:09:39.772+0000] {dagbag.py:545} INFO - Filling up the DagBag from /opt/airflow/dags/pipeline_dag.py
[2026-05-04T15:09:39.806+0000] {processor.py:840} INFO - DAG(s) 'ecommerce_pipeline' retrieved from /opt/airflow/dags/pipeline_dag.py
[2026-05-04T15:09:39.855+0000] {logging_mixin.py:188} INFO - [2026-05-04T15:09:39.854+0000] {dag.py:3096} INFO - Sync 1 DAGs
[2026-05-04T15:09:40.169+0000] {logging_mixin.py:188} INFO - [2026-05-04T15:09:40.168+0000] {dag.py:3954} INFO - Setting next_dagrun for ecommerce_pipeline to 2026-05-03 00:00:00+00:00, run_after=2026-05-04 00:00:00+00:00
[2026-05-04T15:09:40.199+0000] {processor.py:183} INFO - Processing /opt/airflow/dags/pipeline_dag.py took 0.442 seconds
[2026-05-04T15:10:10.302+0000] {processor.py:161} INFO - Started process (PID=240) to work on /opt/airflow/dags/pipeline_dag.py
[2026-05-04T15:10:10.303+0000] {processor.py:830} INFO - Processing file /opt/airflow/dags/pipeline_dag.py for tasks to queue
[2026-05-04T15:10:10.306+0000] {logging_mixin.py:188} INFO - [2026-05-04T15:10:10.306+0000] {dagbag.py:545} INFO - Filling up the DagBag from /opt/airflow/dags/pipeline_dag.py
[2026-05-04T15:10:10.337+0000] {processor.py:840} INFO - DAG(s) 'ecommerce_pipeline' retrieved from /opt/airflow/dags/pipeline_dag.py
[2026-05-04T15:10:10.377+0000] {logging_mixin.py:188} INFO - [2026-05-04T15:10:10.377+0000] {dag.py:3096} INFO - Sync 1 DAGs
[2026-05-04T15:10:10.616+0000] {logging_mixin.py:188} INFO - [2026-05-04T15:10:10.616+0000] {dag.py:3954} INFO - Setting next_dagrun for ecommerce_pipeline to 2026-05-03 00:00:00+00:00, run_after=2026-05-04 00:00:00+00:00
[2026-05-04T15:10:10.642+0000] {processor.py:183} INFO - Processing /opt/airflow/dags/pipeline_dag.py took 0.345 seconds
[2026-05-04T15:10:41.493+0000] {processor.py:161} INFO - Started process (PID=245) to work on /opt/airflow/dags/pipeline_dag.py
[2026-05-04T15:10:41.494+0000] {processor.py:830} INFO - Processing file /opt/airflow/dags/pipeline_dag.py for tasks to queue
[2026-05-04T15:10:41.496+0000] {logging_mixin.py:188} INFO - [2026-05-04T15:10:41.496+0000] {dagbag.py:545} INFO - Filling up the DagBag from /opt/airflow/dags/pipeline_dag.py
[2026-05-04T15:10:41.569+0000] {processor.py:840} INFO - DAG(s) 'ecommerce_pipeline' retrieved from /opt/airflow/dags/pipeline_dag.py
[2026-05-04T15:10:42.199+0000] {logging_mixin.py:188} INFO - [2026-05-04T15:10:42.198+0000] {dag.py:3096} INFO - Sync 1 DAGs
[2026-05-04T15:10:42.219+0000] {logging_mixin.py:188} INFO - [2026-05-04T15:10:42.218+0000] {dag.py:3954} INFO - Setting next_dagrun for ecommerce_pipeline to 2026-05-03 00:00:00+00:00, run_after=2026-05-04 00:00:00+00:00
[2026-05-04T15:10:42.242+0000] {processor.py:183} INFO - Processing /opt/airflow/dags/pipeline_dag.py took 0.754 seconds
[2026-05-04T15:11:12.682+0000] {processor.py:161} INFO - Started process (PID=250) to work on /opt/airflow/dags/pipeline_dag.py
[2026-05-04T15:11:12.684+0000] {processor.py:830} INFO - Processing file /opt/airflow/dags/pipeline_dag.py for tasks to queue
[2026-05-04T15:11:12.687+0000] {logging_mixin.py:188} INFO - [2026-05-04T15:11:12.686+0000] {dagbag.py:545} INFO - Filling up the DagBag from /opt/airflow/dags/pipeline_dag.py
[2026-05-04T15:11:12.712+0000] {processor.py:840} INFO - DAG(s) 'ecommerce_pipeline' retrieved from /opt/airflow/dags/pipeline_dag.py
[2026-05-04T15:11:12.783+0000] {logging_mixin.py:188} INFO - [2026-05-04T15:11:12.783+0000] {dag.py:3096} INFO - Sync 1 DAGs
[2026-05-04T15:11:12.813+0000] {logging_mixin.py:188} INFO - [2026-05-04T15:11:12.813+0000] {dag.py:3954} INFO - Setting next_dagrun for ecommerce_pipeline to 2026-05-03 00:00:00+00:00, run_after=2026-05-04 00:00:00+00:00
[2026-05-04T15:11:12.851+0000] {processor.py:183} INFO - Processing /opt/airflow/dags/pipeline_dag.py took 0.176 seconds
[2026-05-04T15:11:43.424+0000] {processor.py:161} INFO - Started process (PID=255) to work on /opt/airflow/dags/pipeline_dag.py
[2026-05-04T15:11:43.426+0000] {processor.py:830} INFO - Processing file /opt/airflow/dags/pipeline_dag.py for tasks to queue
[2026-05-04T15:11:43.434+0000] {logging_mixin.py:188} INFO - [2026-05-04T15:11:43.432+0000] {dagbag.py:545} INFO - Filling up the DagBag from /opt/airflow/dags/pipeline_dag.py
[2026-05-04T15:11:43.523+0000] {processor.py:840} INFO - DAG(s) 'ecommerce_pipeline' retrieved from /opt/airflow/dags/pipeline_dag.py
[2026-05-04T15:11:43.742+0000] {logging_mixin.py:188} INFO - [2026-05-04T15:11:43.741+0000] {dag.py:3096} INFO - Sync 1 DAGs
[2026-05-04T15:11:43.934+0000] {logging_mixin.py:188} INFO - [2026-05-04T15:11:43.933+0000] {dag.py:3954} INFO - Setting next_dagrun for ecommerce_pipeline to 2026-05-03 00:00:00+00:00, run_after=2026-05-04 00:00:00+00:00
[2026-05-04T15:11:44.068+0000] {processor.py:183} INFO - Processing /opt/airflow/dags/pipeline_dag.py took 0.658 seconds
[2026-05-04T15:12:14.258+0000] {processor.py:161} INFO - Started process (PID=260) to work on /opt/airflow/dags/pipeline_dag.py
[2026-05-04T15:12:14.260+0000] {processor.py:830} INFO - Processing file /opt/airflow/dags/pipeline_dag.py for tasks to queue
[2026-05-04T15:12:14.262+0000] {logging_mixin.py:188} INFO - [2026-05-04T15:12:14.262+0000] {dagbag.py:545} INFO - Filling up the DagBag from /opt/airflow/dags/pipeline_dag.py
[2026-05-04T15:12:14.285+0000] {processor.py:840} INFO - DAG(s) 'ecommerce_pipeline' retrieved from /opt/airflow/dags/pipeline_dag.py
[2026-05-04T15:12:14.322+0000] {logging_mixin.py:188} INFO - [2026-05-04T15:12:14.322+0000] {dag.py:3096} INFO - Sync 1 DAGs
[2026-05-04T15:12:14.348+0000] {logging_mixin.py:188} INFO - [2026-05-04T15:12:14.347+0000] {dag.py:3954} INFO - Setting next_dagrun for ecommerce_pipeline to 2026-05-03 00:00:00+00:00, run_after=2026-05-04 00:00:00+00:00
[2026-05-04T15:12:14.378+0000] {processor.py:183} INFO - Processing /opt/airflow/dags/pipeline_dag.py took 0.127 seconds
[2026-05-04T15:12:45.213+0000] {processor.py:161} INFO - Started process (PID=265) to work on /opt/airflow/dags/pipeline_dag.py
[2026-05-04T15:12:45.214+0000] {processor.py:830} INFO - Processing file /opt/airflow/dags/pipeline_dag.py for tasks to queue
[2026-05-04T15:12:45.222+0000] {logging_mixin.py:188} INFO - [2026-05-04T15:12:45.221+0000] {dagbag.py:545} INFO - Filling up the DagBag from /opt/airflow/dags/pipeline_dag.py
[2026-05-04T15:12:45.267+0000] {processor.py:840} INFO - DAG(s) 'ecommerce_pipeline' retrieved from /opt/airflow/dags/pipeline_dag.py
[2026-05-04T15:12:45.339+0000] {logging_mixin.py:188} INFO - [2026-05-04T15:12:45.339+0000] {dag.py:3096} INFO - Sync 1 DAGs
[2026-05-04T15:12:45.393+0000] {logging_mixin.py:188} INFO - [2026-05-04T15:12:45.393+0000] {dag.py:3954} INFO - Setting next_dagrun for ecommerce_pipeline to 2026-05-03 00:00:00+00:00, run_after=2026-05-04 00:00:00+00:00
[2026-05-04T15:12:45.429+0000] {processor.py:183} INFO - Processing /opt/airflow/dags/pipeline_dag.py took 0.232 seconds
[2026-05-04T15:13:15.968+0000] {processor.py:161} INFO - Started process (PID=270) to work on /opt/airflow/dags/pipeline_dag.py
[2026-05-04T15:13:15.971+0000] {processor.py:830} INFO - Processing file /opt/airflow/dags/pipeline_dag.py for tasks to queue
[2026-05-04T15:13:15.980+0000] {logging_mixin.py:188} INFO - [2026-05-04T15:13:15.978+0000] {dagbag.py:545} INFO - Filling up the DagBag from /opt/airflow/dags/pipeline_dag.py
[2026-05-04T15:13:16.046+0000] {processor.py:840} INFO - DAG(s) 'ecommerce_pipeline' retrieved from /opt/airflow/dags/pipeline_dag.py
[2026-05-04T15:13:16.125+0000] {logging_mixin.py:188} INFO - [2026-05-04T15:13:16.125+0000] {dag.py:3096} INFO - Sync 1 DAGs
[2026-05-04T15:13:16.175+0000] {logging_mixin.py:188} INFO - [2026-05-04T15:13:16.174+0000] {dag.py:3954} INFO - Setting next_dagrun for ecommerce_pipeline to 2026-05-03 00:00:00+00:00, run_after=2026-05-04 00:00:00+00:00
[2026-05-04T15:13:16.219+0000] {processor.py:183} INFO - Processing /opt/airflow/dags/pipeline_dag.py took 0.272 seconds
[2026-05-04T15:13:46.363+0000] {processor.py:161} INFO - Started process (PID=275) to work on /opt/airflow/dags/pipeline_dag.py
[2026-05-04T15:13:46.364+0000] {processor.py:830} INFO - Processing file /opt/airflow/dags/pipeline_dag.py for tasks to queue
[2026-05-04T15:13:46.366+0000] {logging_mixin.py:188} INFO - [2026-05-04T15:13:46.366+0000] {dagbag.py:545} INFO - Filling up the DagBag from /opt/airflow/dags/pipeline_dag.py
[2026-05-04T15:13:46.389+0000] {processor.py:840} INFO - DAG(s) 'ecommerce_pipeline' retrieved from /opt/airflow/dags/pipeline_dag.py
[2026-05-04T15:13:46.427+0000] {logging_mixin.py:188} INFO - [2026-05-04T15:13:46.427+0000] {dag.py:3096} INFO - Sync 1 DAGs
[2026-05-04T15:13:46.449+0000] {logging_mixin.py:188} INFO - [2026-05-04T15:13:46.448+0000] {dag.py:3954} INFO - Setting next_dagrun for ecommerce_pipeline to 2026-05-03 00:00:00+00:00, run_after=2026-05-04 00:00:00+00:00
[2026-05-04T15:13:46.472+0000] {processor.py:183} INFO - Processing /opt/airflow/dags/pipeline_dag.py took 0.115 seconds
[2026-05-04T15:14:17.209+0000] {processor.py:161} INFO - Started process (PID=280) to work on /opt/airflow/dags/pipeline_dag.py
[2026-05-04T15:14:17.211+0000] {processor.py:830} INFO - Processing file /opt/airflow/dags/pipeline_dag.py for tasks to queue
[2026-05-04T15:14:17.213+0000] {logging_mixin.py:188} INFO - [2026-05-04T15:14:17.212+0000] {dagbag.py:545} INFO - Filling up the DagBag from /opt/airflow/dags/pipeline_dag.py
[2026-05-04T15:14:17.234+0000] {processor.py:840} INFO - DAG(s) 'ecommerce_pipeline' retrieved from /opt/airflow/dags/pipeline_dag.py
[2026-05-04T15:14:17.272+0000] {logging_mixin.py:188} INFO - [2026-05-04T15:14:17.272+0000] {dag.py:3096} INFO - Sync 1 DAGs
[2026-05-04T15:14:17.294+0000] {logging_mixin.py:188} INFO - [2026-05-04T15:14:17.294+0000] {dag.py:3954} INFO - Setting next_dagrun for ecommerce_pipeline to 2026-05-03 00:00:00+00:00, run_after=2026-05-04 00:00:00+00:00
[2026-05-04T15:14:17.327+0000] {processor.py:183} INFO - Processing /opt/airflow/dags/pipeline_dag.py took 0.124 seconds
[2026-05-04T15:14:47.490+0000] {processor.py:161} INFO - Started process (PID=285) to work on /opt/airflow/dags/pipeline_dag.py
[2026-05-04T15:14:47.493+0000] {processor.py:830} INFO - Processing file /opt/airflow/dags/pipeline_dag.py for tasks to queue
[2026-05-04T15:14:47.499+0000] {logging_mixin.py:188} INFO - [2026-05-04T15:14:47.496+0000] {dagbag.py:545} INFO - Filling up the DagBag from /opt/airflow/dags/pipeline_dag.py
[2026-05-04T15:14:47.548+0000] {processor.py:840} INFO - DAG(s) 'ecommerce_pipeline' retrieved from /opt/airflow/dags/pipeline_dag.py
[2026-05-04T15:14:47.609+0000] {logging_mixin.py:188} INFO - [2026-05-04T15:14:47.607+0000] {dag.py:3096} INFO - Sync 1 DAGs
[2026-05-04T15:14:47.643+0000] {logging_mixin.py:188} INFO - [2026-05-04T15:14:47.643+0000] {dag.py:3954} INFO - Setting next_dagrun for ecommerce_pipeline to 2026-05-03 00:00:00+00:00, run_after=2026-05-04 00:00:00+00:00
[2026-05-04T15:14:47.678+0000] {processor.py:183} INFO - Processing /opt/airflow/dags/pipeline_dag.py took 0.204 seconds
[2026-05-04T15:15:18.432+0000] {processor.py:161} INFO - Started process (PID=290) to work on /opt/airflow/dags/pipeline_dag.py
[2026-05-04T15:15:18.434+0000] {processor.py:830} INFO - Processing file /opt/airflow/dags/pipeline_dag.py for tasks to queue
[2026-05-04T15:15:18.439+0000] {logging_mixin.py:188} INFO - [2026-05-04T15:15:18.438+0000] {dagbag.py:545} INFO - Filling up the DagBag from /opt/airflow/dags/pipeline_dag.py
[2026-05-04T15:15:18.649+0000] {processor.py:840} INFO - DAG(s) 'ecommerce_pipeline' retrieved from /opt/airflow/dags/pipeline_dag.py
[2026-05-04T15:15:18.713+0000] {logging_mixin.py:188} INFO - [2026-05-04T15:15:18.713+0000] {dag.py:3096} INFO - Sync 1 DAGs
[2026-05-04T15:15:18.748+0000] {logging_mixin.py:188} INFO - [2026-05-04T15:15:18.748+0000] {dag.py:3954} INFO - Setting next_dagrun for ecommerce_pipeline to 2026-05-03 00:00:00+00:00, run_after=2026-05-04 00:00:00+00:00
[2026-05-04T15:15:18.890+0000] {processor.py:183} INFO - Processing /opt/airflow/dags/pipeline_dag.py took 0.468 seconds
[2026-05-04T15:15:49.253+0000] {processor.py:161} INFO - Started process (PID=295) to work on /opt/airflow/dags/pipeline_dag.py
[2026-05-04T15:15:49.256+0000] {processor.py:830} INFO - Processing file /opt/airflow/dags/pipeline_dag.py for tasks to queue
[2026-05-04T15:15:49.261+0000] {logging_mixin.py:188} INFO - [2026-05-04T15:15:49.260+0000] {dagbag.py:545} INFO - Filling up the DagBag from /opt/airflow/dags/pipeline_dag.py
[2026-05-04T15:15:49.290+0000] {processor.py:840} INFO - DAG(s) 'ecommerce_pipeline' retrieved from /opt/airflow/dags/pipeline_dag.py
[2026-05-04T15:15:49.337+0000] {logging_mixin.py:188} INFO - [2026-05-04T15:15:49.336+0000] {dag.py:3096} INFO - Sync 1 DAGs
[2026-05-04T15:15:49.366+0000] {logging_mixin.py:188} INFO - [2026-05-04T15:15:49.366+0000] {dag.py:3954} INFO - Setting next_dagrun for ecommerce_pipeline to 2026-05-03 00:00:00+00:00, run_after=2026-05-04 00:00:00+00:00
[2026-05-04T15:15:49.390+0000] {processor.py:183} INFO - Processing /opt/airflow/dags/pipeline_dag.py took 0.146 seconds
[2026-05-04T15:16:19.681+0000] {processor.py:161} INFO - Started process (PID=300) to work on /opt/airflow/dags/pipeline_dag.py
[2026-05-04T15:16:19.683+0000] {processor.py:830} INFO - Processing file /opt/airflow/dags/pipeline_dag.py for tasks to queue
[2026-05-04T15:16:19.685+0000] {logging_mixin.py:188} INFO - [2026-05-04T15:16:19.685+0000] {dagbag.py:545} INFO - Filling up the DagBag from /opt/airflow/dags/pipeline_dag.py
[2026-05-04T15:16:19.710+0000] {processor.py:840} INFO - DAG(s) 'ecommerce_pipeline' retrieved from /opt/airflow/dags/pipeline_dag.py
[2026-05-04T15:16:19.755+0000] {logging_mixin.py:188} INFO - [2026-05-04T15:16:19.754+0000] {dag.py:3096} INFO - Sync 1 DAGs
[2026-05-04T15:16:19.777+0000] {logging_mixin.py:188} INFO - [2026-05-04T15:16:19.777+0000] {dag.py:3954} INFO - Setting next_dagrun for ecommerce_pipeline to 2026-05-03 00:00:00+00:00, run_after=2026-05-04 00:00:00+00:00
[2026-05-04T15:16:19.803+0000] {processor.py:183} INFO - Processing /opt/airflow/dags/pipeline_dag.py took 0.129 seconds
[2026-05-04T15:16:50.111+0000] {processor.py:161} INFO - Started process (PID=305) to work on /opt/airflow/dags/pipeline_dag.py
[2026-05-04T15:16:50.113+0000] {processor.py:830} INFO - Processing file /opt/airflow/dags/pipeline_dag.py for tasks to queue
[2026-05-04T15:16:50.117+0000] {logging_mixin.py:188} INFO - [2026-05-04T15:16:50.116+0000] {dagbag.py:545} INFO - Filling up the DagBag from /opt/airflow/dags/pipeline_dag.py
[2026-05-04T15:16:50.165+0000] {processor.py:840} INFO - DAG(s) 'ecommerce_pipeline' retrieved from /opt/airflow/dags/pipeline_dag.py
[2026-05-04T15:16:50.286+0000] {logging_mixin.py:188} INFO - [2026-05-04T15:16:50.286+0000] {dag.py:3096} INFO - Sync 1 DAGs
[2026-05-04T15:16:50.328+0000] {logging_mixin.py:188} INFO - [2026-05-04T15:16:50.328+0000] {dag.py:3954} INFO - Setting next_dagrun for ecommerce_pipeline to 2026-05-03 00:00:00+00:00, run_after=2026-05-04 00:00:00+00:00
[2026-05-04T15:16:50.374+0000] {processor.py:183} INFO - Processing /opt/airflow/dags/pipeline_dag.py took 0.274 seconds
[2026-05-04T15:17:20.990+0000] {processor.py:161} INFO - Started process (PID=310) to work on /opt/airflow/dags/pipeline_dag.py
[2026-05-04T15:17:20.991+0000] {processor.py:830} INFO - Processing file /opt/airflow/dags/pipeline_dag.py for tasks to queue
[2026-05-04T15:17:20.993+0000] {logging_mixin.py:188} INFO - [2026-05-04T15:17:20.993+0000] {dagbag.py:545} INFO - Filling up the DagBag from /opt/airflow/dags/pipeline_dag.py
[2026-05-04T15:17:21.015+0000] {processor.py:840} INFO - DAG(s) 'ecommerce_pipeline' retrieved from /opt/airflow/dags/pipeline_dag.py
[2026-05-04T15:17:21.053+0000] {logging_mixin.py:188} INFO - [2026-05-04T15:17:21.053+0000] {dag.py:3096} INFO - Sync 1 DAGs
[2026-05-04T15:17:21.075+0000] {logging_mixin.py:188} INFO - [2026-05-04T15:17:21.075+0000] {dag.py:3954} INFO - Setting next_dagrun for ecommerce_pipeline to 2026-05-03 00:00:00+00:00, run_after=2026-05-04 00:00:00+00:00
[2026-05-04T15:17:21.099+0000] {processor.py:183} INFO - Processing /opt/airflow/dags/pipeline_dag.py took 0.115 seconds
[2026-05-04T15:17:51.535+0000] {processor.py:161} INFO - Started process (PID=315) to work on /opt/airflow/dags/pipeline_dag.py
[2026-05-04T15:17:51.537+0000] {processor.py:830} INFO - Processing file /opt/airflow/dags/pipeline_dag.py for tasks to queue
[2026-05-04T15:17:51.543+0000] {logging_mixin.py:188} INFO - [2026-05-04T15:17:51.542+0000] {dagbag.py:545} INFO - Filling up the DagBag from /opt/airflow/dags/pipeline_dag.py
[2026-05-04T15:17:51.578+0000] {processor.py:840} INFO - DAG(s) 'ecommerce_pipeline' retrieved from /opt/airflow/dags/pipeline_dag.py
[2026-05-04T15:17:51.644+0000] {logging_mixin.py:188} INFO - [2026-05-04T15:17:51.644+0000] {dag.py:3096} INFO - Sync 1 DAGs
[2026-05-04T15:17:51.680+0000] {logging_mixin.py:188} INFO - [2026-05-04T15:17:51.680+0000] {dag.py:3954} INFO - Setting next_dagrun for ecommerce_pipeline to 2026-05-03 00:00:00+00:00, run_after=2026-05-04 00:00:00+00:00
[2026-05-04T15:17:51.719+0000] {processor.py:183} INFO - Processing /opt/airflow/dags/pipeline_dag.py took 0.193 seconds
[2026-05-04T15:18:22.462+0000] {processor.py:161} INFO - Started process (PID=320) to work on /opt/airflow/dags/pipeline_dag.py
[2026-05-04T15:18:22.464+0000] {processor.py:830} INFO - Processing file /opt/airflow/dags/pipeline_dag.py for tasks to queue
[2026-05-04T15:18:22.469+0000] {logging_mixin.py:188} INFO - [2026-05-04T15:18:22.468+0000] {dagbag.py:545} INFO - Filling up the DagBag from /opt/airflow/dags/pipeline_dag.py
[2026-05-04T15:18:22.501+0000] {processor.py:840} INFO - DAG(s) 'ecommerce_pipeline' retrieved from /opt/airflow/dags/pipeline_dag.py
[2026-05-04T15:18:22.564+0000] {logging_mixin.py:188} INFO - [2026-05-04T15:18:22.564+0000] {dag.py:3096} INFO - Sync 1 DAGs
[2026-05-04T15:18:22.596+0000] {logging_mixin.py:188} INFO - [2026-05-04T15:18:22.596+0000] {dag.py:3954} INFO - Setting next_dagrun for ecommerce_pipeline to 2026-05-03 00:00:00+00:00, run_after=2026-05-04 00:00:00+00:00
[2026-05-04T15:18:22.628+0000] {processor.py:183} INFO - Processing /opt/airflow/dags/pipeline_dag.py took 0.179 seconds
[2026-05-04T15:18:53.174+0000] {processor.py:161} INFO - Started process (PID=325) to work on /opt/airflow/dags/pipeline_dag.py
[2026-05-04T15:18:53.179+0000] {processor.py:830} INFO - Processing file /opt/airflow/dags/pipeline_dag.py for tasks to queue
[2026-05-04T15:18:53.188+0000] {logging_mixin.py:188} INFO - [2026-05-04T15:18:53.187+0000] {dagbag.py:545} INFO - Filling up the DagBag from /opt/airflow/dags/pipeline_dag.py
[2026-05-04T15:18:53.239+0000] {processor.py:840} INFO - DAG(s) 'ecommerce_pipeline' retrieved from /opt/airflow/dags/pipeline_dag.py
[2026-05-04T15:18:53.318+0000] {logging_mixin.py:188} INFO - [2026-05-04T15:18:53.318+0000] {dag.py:3096} INFO - Sync 1 DAGs
[2026-05-04T15:18:53.361+0000] {logging_mixin.py:188} INFO - [2026-05-04T15:18:53.360+0000] {dag.py:3954} INFO - Setting next_dagrun for ecommerce_pipeline to 2026-05-03 00:00:00+00:00, run_after=2026-05-04 00:00:00+00:00
[2026-05-04T15:18:53.395+0000] {processor.py:183} INFO - Processing /opt/airflow/dags/pipeline_dag.py took 0.239 seconds
[2026-05-04T15:19:23.673+0000] {processor.py:161} INFO - Started process (PID=330) to work on /opt/airflow/dags/pipeline_dag.py
[2026-05-04T15:19:23.674+0000] {processor.py:830} INFO - Processing file /opt/airflow/dags/pipeline_dag.py for tasks to queue
[2026-05-04T15:19:23.678+0000] {logging_mixin.py:188} INFO - [2026-05-04T15:19:23.677+0000] {dagbag.py:545} INFO - Filling up the DagBag from /opt/airflow/dags/pipeline_dag.py
[2026-05-04T15:19:23.722+0000] {processor.py:840} INFO - DAG(s) 'ecommerce_pipeline' retrieved from /opt/airflow/dags/pipeline_dag.py
[2026-05-04T15:19:23.797+0000] {logging_mixin.py:188} INFO - [2026-05-04T15:19:23.796+0000] {dag.py:3096} INFO - Sync 1 DAGs
[2026-05-04T15:19:23.846+0000] {logging_mixin.py:188} INFO - [2026-05-04T15:19:23.845+0000] {dag.py:3954} INFO - Setting next_dagrun for ecommerce_pipeline to 2026-05-03 00:00:00+00:00, run_after=2026-05-04 00:00:00+00:00
[2026-05-04T15:19:23.894+0000] {processor.py:183} INFO - Processing /opt/airflow/dags/pipeline_dag.py took 0.232 seconds
[2026-05-04T15:19:54.495+0000] {processor.py:161} INFO - Started process (PID=335) to work on /opt/airflow/dags/pipeline_dag.py
[2026-05-04T15:19:54.496+0000] {processor.py:830} INFO - Processing file /opt/airflow/dags/pipeline_dag.py for tasks to queue
[2026-05-04T15:19:54.500+0000] {logging_mixin.py:188} INFO - [2026-05-04T15:19:54.499+0000] {dagbag.py:545} INFO - Filling up the DagBag from /opt/airflow/dags/pipeline_dag.py
[2026-05-04T15:19:54.535+0000] {processor.py:840} INFO - DAG(s) 'ecommerce_pipeline' retrieved from /opt/airflow/dags/pipeline_dag.py
[2026-05-04T15:19:54.594+0000] {logging_mixin.py:188} INFO - [2026-05-04T15:19:54.594+0000] {dag.py:3096} INFO - Sync 1 DAGs
[2026-05-04T15:19:54.626+0000] {logging_mixin.py:188} INFO - [2026-05-04T15:19:54.626+0000] {dag.py:3954} INFO - Setting next_dagrun for ecommerce_pipeline to 2026-05-03 00:00:00+00:00, run_after=2026-05-04 00:00:00+00:00
[2026-05-04T15:19:54.662+0000] {processor.py:183} INFO - Processing /opt/airflow/dags/pipeline_dag.py took 0.175 seconds
[2026-05-04T15:20:24.727+0000] {processor.py:161} INFO - Started process (PID=340) to work on /opt/airflow/dags/pipeline_dag.py
[2026-05-04T15:20:24.728+0000] {processor.py:830} INFO - Processing file /opt/airflow/dags/pipeline_dag.py for tasks to queue
[2026-05-04T15:20:24.731+0000] {logging_mixin.py:188} INFO - [2026-05-04T15:20:24.730+0000] {dagbag.py:545} INFO - Filling up the DagBag from /opt/airflow/dags/pipeline_dag.py
[2026-05-04T15:20:24.758+0000] {processor.py:840} INFO - DAG(s) 'ecommerce_pipeline' retrieved from /opt/airflow/dags/pipeline_dag.py
[2026-05-04T15:20:24.820+0000] {logging_mixin.py:188} INFO - [2026-05-04T15:20:24.819+0000] {dag.py:3096} INFO - Sync 1 DAGs
[2026-05-04T15:20:24.851+0000] {logging_mixin.py:188} INFO - [2026-05-04T15:20:24.851+0000] {dag.py:3954} INFO - Setting next_dagrun for ecommerce_pipeline to 2026-05-03 00:00:00+00:00, run_after=2026-05-04 00:00:00+00:00
[2026-05-04T15:20:24.876+0000] {processor.py:183} INFO - Processing /opt/airflow/dags/pipeline_dag.py took 0.158 seconds
[2026-05-04T15:20:55.271+0000] {processor.py:161} INFO - Started process (PID=345) to work on /opt/airflow/dags/pipeline_dag.py
[2026-05-04T15:20:55.272+0000] {processor.py:830} INFO - Processing file /opt/airflow/dags/pipeline_dag.py for tasks to queue
[2026-05-04T15:20:55.274+0000] {logging_mixin.py:188} INFO - [2026-05-04T15:20:55.274+0000] {dagbag.py:545} INFO - Filling up the DagBag from /opt/airflow/dags/pipeline_dag.py
[2026-05-04T15:20:55.296+0000] {processor.py:840} INFO - DAG(s) 'ecommerce_pipeline' retrieved from /opt/airflow/dags/pipeline_dag.py
[2026-05-04T15:20:55.333+0000] {logging_mixin.py:188} INFO - [2026-05-04T15:20:55.333+0000] {dag.py:3096} INFO - Sync 1 DAGs
[2026-05-04T15:20:55.354+0000] {logging_mixin.py:188} INFO - [2026-05-04T15:20:55.354+0000] {dag.py:3954} INFO - Setting next_dagrun for ecommerce_pipeline to 2026-05-03 00:00:00+00:00, run_after=2026-05-04 00:00:00+00:00
[2026-05-04T15:20:55.378+0000] {processor.py:183} INFO - Processing /opt/airflow/dags/pipeline_dag.py took 0.113 seconds
[2026-05-04T15:23:11.588+0000] {processor.py:161} INFO - Started process (PID=164) to work on /opt/airflow/dags/pipeline_dag.py
[2026-05-04T15:23:11.594+0000] {processor.py:830} INFO - Processing file /opt/airflow/dags/pipeline_dag.py for tasks to queue
[2026-05-04T15:23:11.598+0000] {logging_mixin.py:188} INFO - [2026-05-04T15:23:11.597+0000] {dagbag.py:545} INFO - Filling up the DagBag from /opt/airflow/dags/pipeline_dag.py
[2026-05-04T15:23:11.647+0000] {processor.py:840} INFO - DAG(s) 'ecommerce_pipeline' retrieved from /opt/airflow/dags/pipeline_dag.py
[2026-05-04T15:23:12.120+0000] {logging_mixin.py:188} INFO - [2026-05-04T15:23:12.119+0000] {override.py:1829} INFO - Created Permission View: can edit on DAG:ecommerce_pipeline
[2026-05-04T15:23:12.141+0000] {logging_mixin.py:188} INFO - [2026-05-04T15:23:12.140+0000] {override.py:1829} INFO - Created Permission View: can delete on DAG:ecommerce_pipeline
[2026-05-04T15:23:12.155+0000] {logging_mixin.py:188} INFO - [2026-05-04T15:23:12.154+0000] {override.py:1829} INFO - Created Permission View: can read on DAG:ecommerce_pipeline
[2026-05-04T15:23:12.156+0000] {logging_mixin.py:188} INFO - [2026-05-04T15:23:12.156+0000] {dag.py:3096} INFO - Sync 1 DAGs
[2026-05-04T15:23:12.177+0000] {logging_mixin.py:188} INFO - [2026-05-04T15:23:12.177+0000] {dag.py:3118} INFO - Creating ORM DAG for ecommerce_pipeline
[2026-05-04T15:23:12.203+0000] {logging_mixin.py:188} INFO - [2026-05-04T15:23:12.202+0000] {dag.py:3954} INFO - Setting next_dagrun for ecommerce_pipeline to 2026-05-03 00:00:00+00:00, run_after=2026-05-04 00:00:00+00:00
[2026-05-04T15:23:12.246+0000] {processor.py:183} INFO - Processing /opt/airflow/dags/pipeline_dag.py took 0.672 seconds
[2026-05-04T15:23:42.445+0000] {processor.py:161} INFO - Started process (PID=169) to work on /opt/airflow/dags/pipeline_dag.py
[2026-05-04T15:23:42.447+0000] {processor.py:830} INFO - Processing file /opt/airflow/dags/pipeline_dag.py for tasks to queue
[2026-05-04T15:23:42.450+0000] {logging_mixin.py:188} INFO - [2026-05-04T15:23:42.449+0000] {dagbag.py:545} INFO - Filling up the DagBag from /opt/airflow/dags/pipeline_dag.py
[2026-05-04T15:23:42.477+0000] {processor.py:840} INFO - DAG(s) 'ecommerce_pipeline' retrieved from /opt/airflow/dags/pipeline_dag.py
[2026-05-04T15:23:42.528+0000] {logging_mixin.py:188} INFO - [2026-05-04T15:23:42.528+0000] {dag.py:3096} INFO - Sync 1 DAGs
[2026-05-04T15:23:42.558+0000] {logging_mixin.py:188} INFO - [2026-05-04T15:23:42.558+0000] {dag.py:3954} INFO - Setting next_dagrun for ecommerce_pipeline to 2026-05-03 00:00:00+00:00, run_after=2026-05-04 00:00:00+00:00
[2026-05-04T15:23:42.591+0000] {processor.py:183} INFO - Processing /opt/airflow/dags/pipeline_dag.py took 0.155 seconds
[2026-05-04T15:24:13.371+0000] {processor.py:161} INFO - Started process (PID=174) to work on /opt/airflow/dags/pipeline_dag.py
[2026-05-04T15:24:13.374+0000] {processor.py:830} INFO - Processing file /opt/airflow/dags/pipeline_dag.py for tasks to queue
[2026-05-04T15:24:13.379+0000] {logging_mixin.py:188} INFO - [2026-05-04T15:24:13.378+0000] {dagbag.py:545} INFO - Filling up the DagBag from /opt/airflow/dags/pipeline_dag.py
[2026-05-04T15:24:13.414+0000] {processor.py:840} INFO - DAG(s) 'ecommerce_pipeline' retrieved from /opt/airflow/dags/pipeline_dag.py
[2026-05-04T15:24:13.473+0000] {logging_mixin.py:188} INFO - [2026-05-04T15:24:13.473+0000] {dag.py:3096} INFO - Sync 1 DAGs
[2026-05-04T15:24:13.498+0000] {logging_mixin.py:188} INFO - [2026-05-04T15:24:13.498+0000] {dag.py:3954} INFO - Setting next_dagrun for ecommerce_pipeline to 2026-05-03 00:00:00+00:00, run_after=2026-05-04 00:00:00+00:00
[2026-05-04T15:24:13.529+0000] {processor.py:183} INFO - Processing /opt/airflow/dags/pipeline_dag.py took 0.176 seconds
[2026-05-04T15:24:44.316+0000] {processor.py:161} INFO - Started process (PID=179) to work on /opt/airflow/dags/pipeline_dag.py
[2026-05-04T15:24:44.317+0000] {processor.py:830} INFO - Processing file /opt/airflow/dags/pipeline_dag.py for tasks to queue
[2026-05-04T15:24:44.319+0000] {logging_mixin.py:188} INFO - [2026-05-04T15:24:44.318+0000] {dagbag.py:545} INFO - Filling up the DagBag from /opt/airflow/dags/pipeline_dag.py
[2026-05-04T15:24:44.340+0000] {processor.py:840} INFO - DAG(s) 'ecommerce_pipeline' retrieved from /opt/airflow/dags/pipeline_dag.py
[2026-05-04T15:24:44.392+0000] {logging_mixin.py:188} INFO - [2026-05-04T15:24:44.390+0000] {dag.py:3096} INFO - Sync 1 DAGs
[2026-05-04T15:24:44.437+0000] {logging_mixin.py:188} INFO - [2026-05-04T15:24:44.436+0000] {dag.py:3954} INFO - Setting next_dagrun for ecommerce_pipeline to 2026-05-03 00:00:00+00:00, run_after=2026-05-04 00:00:00+00:00
[2026-05-04T15:24:44.499+0000] {processor.py:183} INFO - Processing /opt/airflow/dags/pipeline_dag.py took 0.189 seconds
[2026-05-04T15:25:14.887+0000] {processor.py:161} INFO - Started process (PID=184) to work on /opt/airflow/dags/pipeline_dag.py
[2026-05-04T15:25:14.891+0000] {processor.py:830} INFO - Processing file /opt/airflow/dags/pipeline_dag.py for tasks to queue
[2026-05-04T15:25:14.896+0000] {logging_mixin.py:188} INFO - [2026-05-04T15:25:14.895+0000] {dagbag.py:545} INFO - Filling up the DagBag from /opt/airflow/dags/pipeline_dag.py
[2026-05-04T15:25:14.921+0000] {processor.py:840} INFO - DAG(s) 'ecommerce_pipeline' retrieved from /opt/airflow/dags/pipeline_dag.py
[2026-05-04T15:25:14.964+0000] {logging_mixin.py:188} INFO - [2026-05-04T15:25:14.963+0000] {dag.py:3096} INFO - Sync 1 DAGs
[2026-05-04T15:25:14.985+0000] {logging_mixin.py:188} INFO - [2026-05-04T15:25:14.985+0000] {dag.py:3954} INFO - Setting next_dagrun for ecommerce_pipeline to 2026-05-03 00:00:00+00:00, run_after=2026-05-04 00:00:00+00:00
[2026-05-04T15:25:15.007+0000] {processor.py:183} INFO - Processing /opt/airflow/dags/pipeline_dag.py took 0.138 seconds
[2026-05-04T15:25:45.762+0000] {processor.py:161} INFO - Started process (PID=189) to work on /opt/airflow/dags/pipeline_dag.py
[2026-05-04T15:25:45.764+0000] {processor.py:830} INFO - Processing file /opt/airflow/dags/pipeline_dag.py for tasks to queue
[2026-05-04T15:25:45.768+0000] {logging_mixin.py:188} INFO - [2026-05-04T15:25:45.768+0000] {dagbag.py:545} INFO - Filling up the DagBag from /opt/airflow/dags/pipeline_dag.py
[2026-05-04T15:25:45.801+0000] {processor.py:840} INFO - DAG(s) 'ecommerce_pipeline' retrieved from /opt/airflow/dags/pipeline_dag.py
[2026-05-04T15:25:45.860+0000] {logging_mixin.py:188} INFO - [2026-05-04T15:25:45.860+0000] {dag.py:3096} INFO - Sync 1 DAGs
[2026-05-04T15:25:45.883+0000] {logging_mixin.py:188} INFO - [2026-05-04T15:25:45.883+0000] {dag.py:3954} INFO - Setting next_dagrun for ecommerce_pipeline to 2026-05-03 00:00:00+00:00, run_after=2026-05-04 00:00:00+00:00
[2026-05-04T15:25:45.904+0000] {processor.py:183} INFO - Processing /opt/airflow/dags/pipeline_dag.py took 0.150 seconds
[2026-05-04T15:26:16.749+0000] {processor.py:161} INFO - Started process (PID=194) to work on /opt/airflow/dags/pipeline_dag.py
[2026-05-04T15:26:16.752+0000] {processor.py:830} INFO - Processing file /opt/airflow/dags/pipeline_dag.py for tasks to queue
[2026-05-04T15:26:16.757+0000] {logging_mixin.py:188} INFO - [2026-05-04T15:26:16.756+0000] {dagbag.py:545} INFO - Filling up the DagBag from /opt/airflow/dags/pipeline_dag.py
[2026-05-04T15:26:16.792+0000] {processor.py:840} INFO - DAG(s) 'ecommerce_pipeline' retrieved from /opt/airflow/dags/pipeline_dag.py
[2026-05-04T15:26:16.863+0000] {logging_mixin.py:188} INFO - [2026-05-04T15:26:16.863+0000] {dag.py:3096} INFO - Sync 1 DAGs
[2026-05-04T15:26:16.888+0000] {logging_mixin.py:188} INFO - [2026-05-04T15:26:16.887+0000] {dag.py:3954} INFO - Setting next_dagrun for ecommerce_pipeline to 2026-05-03 00:00:00+00:00, run_after=2026-05-04 00:00:00+00:00
[2026-05-04T15:26:16.912+0000] {processor.py:183} INFO - Processing /opt/airflow/dags/pipeline_dag.py took 0.171 seconds
[2026-05-04T15:26:48.091+0000] {processor.py:161} INFO - Started process (PID=199) to work on /opt/airflow/dags/pipeline_dag.py
[2026-05-04T15:26:48.092+0000] {processor.py:830} INFO - Processing file /opt/airflow/dags/pipeline_dag.py for tasks to queue
[2026-05-04T15:26:48.095+0000] {logging_mixin.py:188} INFO - [2026-05-04T15:26:48.094+0000] {dagbag.py:545} INFO - Filling up the DagBag from /opt/airflow/dags/pipeline_dag.py
[2026-05-04T15:26:48.120+0000] {processor.py:840} INFO - DAG(s) 'ecommerce_pipeline' retrieved from /opt/airflow/dags/pipeline_dag.py
[2026-05-04T15:26:48.610+0000] {logging_mixin.py:188} INFO - [2026-05-04T15:26:48.609+0000] {dag.py:3096} INFO - Sync 1 DAGs
[2026-05-04T15:26:48.640+0000] {logging_mixin.py:188} INFO - [2026-05-04T15:26:48.640+0000] {dag.py:3954} INFO - Setting next_dagrun for ecommerce_pipeline to 2026-05-03 00:00:00+00:00, run_after=2026-05-04 00:00:00+00:00
[2026-05-04T15:26:48.665+0000] {processor.py:183} INFO - Processing /opt/airflow/dags/pipeline_dag.py took 0.135 seconds
[2026-05-04T15:27:19.591+0000] {processor.py:161} INFO - Started process (PID=204) to work on /opt/airflow/dags/pipeline_dag.py
[2026-05-04T15:27:19.592+0000] {processor.py:830} INFO - Processing file /opt/airflow/dags/pipeline_dag.py for tasks to queue
[2026-05-04T15:27:19.598+0000] {logging_mixin.py:188} INFO - [2026-05-04T15:27:19.597+0000] {dagbag.py:545} INFO - Filling up the DagBag from /opt/airflow/dags/pipeline_dag.py
[2026-05-04T15:27:19.623+0000] {processor.py:840} INFO - DAG(s) 'ecommerce_pipeline' retrieved from /opt/airflow/dags/pipeline_dag.py
[2026-05-04T15:27:19.659+0000] {logging_mixin.py:188} INFO - [2026-05-04T15:27:19.659+0000] {dag.py:3096} INFO - Sync 1 DAGs
[2026-05-04T15:27:19.690+0000] {logging_mixin.py:188} INFO - [2026-05-04T15:27:19.690+0000] {dag.py:3954} INFO - Setting next_dagrun for ecommerce_pipeline to 2026-05-03 00:00:00+00:00, run_after=2026-05-04 00:00:00+00:00
[2026-05-04T15:27:19.724+0000] {processor.py:183} INFO - Processing /opt/airflow/dags/pipeline_dag.py took 0.138 seconds
[2026-05-04T15:27:49.800+0000] {processor.py:161} INFO - Started process (PID=221) to work on /opt/airflow/dags/pipeline_dag.py
[2026-05-04T15:27:49.801+0000] {processor.py:830} INFO - Processing file /opt/airflow/dags/pipeline_dag.py for tasks to queue
[2026-05-04T15:27:49.803+0000] {logging_mixin.py:188} INFO - [2026-05-04T15:27:49.803+0000] {dagbag.py:545} INFO - Filling up the DagBag from /opt/airflow/dags/pipeline_dag.py
[2026-05-04T15:27:49.820+0000] {processor.py:840} INFO - DAG(s) 'ecommerce_pipeline' retrieved from /opt/airflow/dags/pipeline_dag.py
[2026-05-04T15:27:49.851+0000] {logging_mixin.py:188} INFO - [2026-05-04T15:27:49.851+0000] {dag.py:3096} INFO - Sync 1 DAGs
[2026-05-04T15:27:50.226+0000] {logging_mixin.py:188} INFO - [2026-05-04T15:27:50.226+0000] {dag.py:3954} INFO - Setting next_dagrun for ecommerce_pipeline to 2026-05-04 00:00:00+00:00, run_after=2026-05-05 00:00:00+00:00
[2026-05-04T15:27:50.245+0000] {processor.py:183} INFO - Processing /opt/airflow/dags/pipeline_dag.py took 0.450 seconds
[2026-05-04T15:28:20.720+0000] {processor.py:161} INFO - Started process (PID=226) to work on /opt/airflow/dags/pipeline_dag.py
[2026-05-04T15:28:20.722+0000] {processor.py:830} INFO - Processing file /opt/airflow/dags/pipeline_dag.py for tasks to queue
[2026-05-04T15:28:20.724+0000] {logging_mixin.py:188} INFO - [2026-05-04T15:28:20.724+0000] {dagbag.py:545} INFO - Filling up the DagBag from /opt/airflow/dags/pipeline_dag.py
[2026-05-04T15:28:20.751+0000] {processor.py:840} INFO - DAG(s) 'ecommerce_pipeline' retrieved from /opt/airflow/dags/pipeline_dag.py
[2026-05-04T15:28:20.796+0000] {logging_mixin.py:188} INFO - [2026-05-04T15:28:20.796+0000] {dag.py:3096} INFO - Sync 1 DAGs
[2026-05-04T15:28:21.122+0000] {logging_mixin.py:188} INFO - [2026-05-04T15:28:21.122+0000] {dag.py:3954} INFO - Setting next_dagrun for ecommerce_pipeline to 2026-05-04 00:00:00+00:00, run_after=2026-05-05 00:00:00+00:00
[2026-05-04T15:28:21.144+0000] {processor.py:183} INFO - Processing /opt/airflow/dags/pipeline_dag.py took 0.430 seconds
[2026-05-04T15:28:51.787+0000] {processor.py:161} INFO - Started process (PID=231) to work on /opt/airflow/dags/pipeline_dag.py
[2026-05-04T15:28:51.793+0000] {processor.py:830} INFO - Processing file /opt/airflow/dags/pipeline_dag.py for tasks to queue
[2026-05-04T15:28:51.805+0000] {logging_mixin.py:188} INFO - [2026-05-04T15:28:51.804+0000] {dagbag.py:545} INFO - Filling up the DagBag from /opt/airflow/dags/pipeline_dag.py
[2026-05-04T15:28:51.916+0000] {processor.py:840} INFO - DAG(s) 'ecommerce_pipeline' retrieved from /opt/airflow/dags/pipeline_dag.py
[2026-05-04T15:28:52.405+0000] {logging_mixin.py:188} INFO - [2026-05-04T15:28:52.404+0000] {dag.py:3096} INFO - Sync 1 DAGs
[2026-05-04T15:28:52.426+0000] {logging_mixin.py:188} INFO - [2026-05-04T15:28:52.426+0000] {dag.py:3954} INFO - Setting next_dagrun for ecommerce_pipeline to 2026-05-04 00:00:00+00:00, run_after=2026-05-05 00:00:00+00:00
[2026-05-04T15:28:52.455+0000] {processor.py:183} INFO - Processing /opt/airflow/dags/pipeline_dag.py took 0.692 seconds
[2026-05-04T15:29:22.623+0000] {processor.py:161} INFO - Started process (PID=236) to work on /opt/airflow/dags/pipeline_dag.py
[2026-05-04T15:29:22.624+0000] {processor.py:830} INFO - Processing file /opt/airflow/dags/pipeline_dag.py for tasks to queue
[2026-05-04T15:29:22.626+0000] {logging_mixin.py:188} INFO - [2026-05-04T15:29:22.626+0000] {dagbag.py:545} INFO - Filling up the DagBag from /opt/airflow/dags/pipeline_dag.py
[2026-05-04T15:29:22.799+0000] {processor.py:840} INFO - DAG(s) 'ecommerce_pipeline' retrieved from /opt/airflow/dags/pipeline_dag.py
[2026-05-04T15:29:22.833+0000] {logging_mixin.py:188} INFO - [2026-05-04T15:29:22.833+0000] {dag.py:3096} INFO - Sync 1 DAGs
[2026-05-04T15:29:22.851+0000] {logging_mixin.py:188} INFO - [2026-05-04T15:29:22.850+0000] {dag.py:3954} INFO - Setting next_dagrun for ecommerce_pipeline to 2026-05-04 00:00:00+00:00, run_after=2026-05-05 00:00:00+00:00
[2026-05-04T15:29:22.872+0000] {processor.py:183} INFO - Processing /opt/airflow/dags/pipeline_dag.py took 0.255 seconds
[2026-05-04T15:29:53.142+0000] {processor.py:161} INFO - Started process (PID=241) to work on /opt/airflow/dags/pipeline_dag.py
[2026-05-04T15:29:53.143+0000] {processor.py:830} INFO - Processing file /opt/airflow/dags/pipeline_dag.py for tasks to queue
[2026-05-04T15:29:53.145+0000] {logging_mixin.py:188} INFO - [2026-05-04T15:29:53.145+0000] {dagbag.py:545} INFO - Filling up the DagBag from /opt/airflow/dags/pipeline_dag.py
[2026-05-04T15:29:53.168+0000] {processor.py:840} INFO - DAG(s) 'ecommerce_pipeline' retrieved from /opt/airflow/dags/pipeline_dag.py
[2026-05-04T15:29:53.204+0000] {logging_mixin.py:188} INFO - [2026-05-04T15:29:53.204+0000] {dag.py:3096} INFO - Sync 1 DAGs
[2026-05-04T15:29:53.225+0000] {logging_mixin.py:188} INFO - [2026-05-04T15:29:53.225+0000] {dag.py:3954} INFO - Setting next_dagrun for ecommerce_pipeline to 2026-05-04 00:00:00+00:00, run_after=2026-05-05 00:00:00+00:00
[2026-05-04T15:29:53.254+0000] {processor.py:183} INFO - Processing /opt/airflow/dags/pipeline_dag.py took 0.117 seconds
[2026-05-04T15:30:24.086+0000] {processor.py:161} INFO - Started process (PID=246) to work on /opt/airflow/dags/pipeline_dag.py
[2026-05-04T15:30:24.087+0000] {processor.py:830} INFO - Processing file /opt/airflow/dags/pipeline_dag.py for tasks to queue
[2026-05-04T15:30:24.088+0000] {logging_mixin.py:188} INFO - [2026-05-04T15:30:24.088+0000] {dagbag.py:545} INFO - Filling up the DagBag from /opt/airflow/dags/pipeline_dag.py
[2026-05-04T15:30:24.108+0000] {processor.py:840} INFO - DAG(s) 'ecommerce_pipeline' retrieved from /opt/airflow/dags/pipeline_dag.py
[2026-05-04T15:30:24.152+0000] {logging_mixin.py:188} INFO - [2026-05-04T15:30:24.151+0000] {dag.py:3096} INFO - Sync 1 DAGs
[2026-05-04T15:30:24.178+0000] {logging_mixin.py:188} INFO - [2026-05-04T15:30:24.177+0000] {dag.py:3954} INFO - Setting next_dagrun for ecommerce_pipeline to 2026-05-04 00:00:00+00:00, run_after=2026-05-05 00:00:00+00:00
[2026-05-04T15:30:24.197+0000] {processor.py:183} INFO - Processing /opt/airflow/dags/pipeline_dag.py took 0.117 seconds
[2026-05-04T15:30:54.651+0000] {processor.py:161} INFO - Started process (PID=251) to work on /opt/airflow/dags/pipeline_dag.py
[2026-05-04T15:30:54.651+0000] {processor.py:830} INFO - Processing file /opt/airflow/dags/pipeline_dag.py for tasks to queue
[2026-05-04T15:30:54.655+0000] {logging_mixin.py:188} INFO - [2026-05-04T15:30:54.654+0000] {dagbag.py:545} INFO - Filling up the DagBag from /opt/airflow/dags/pipeline_dag.py
[2026-05-04T15:30:54.675+0000] {processor.py:840} INFO - DAG(s) 'ecommerce_pipeline' retrieved from /opt/airflow/dags/pipeline_dag.py
[2026-05-04T15:30:54.713+0000] {logging_mixin.py:188} INFO - [2026-05-04T15:30:54.713+0000] {dag.py:3096} INFO - Sync 1 DAGs
[2026-05-04T15:30:54.736+0000] {logging_mixin.py:188} INFO - [2026-05-04T15:30:54.735+0000] {dag.py:3954} INFO - Setting next_dagrun for ecommerce_pipeline to 2026-05-04 00:00:00+00:00, run_after=2026-05-05 00:00:00+00:00
[2026-05-04T15:30:54.761+0000] {processor.py:183} INFO - Processing /opt/airflow/dags/pipeline_dag.py took 0.116 seconds
[2026-05-04T15:31:25.567+0000] {processor.py:161} INFO - Started process (PID=256) to work on /opt/airflow/dags/pipeline_dag.py
[2026-05-04T15:31:25.568+0000] {processor.py:830} INFO - Processing file /opt/airflow/dags/pipeline_dag.py for tasks to queue
[2026-05-04T15:31:25.570+0000] {logging_mixin.py:188} INFO - [2026-05-04T15:31:25.570+0000] {dagbag.py:545} INFO - Filling up the DagBag from /opt/airflow/dags/pipeline_dag.py
[2026-05-04T15:31:25.592+0000] {processor.py:840} INFO - DAG(s) 'ecommerce_pipeline' retrieved from /opt/airflow/dags/pipeline_dag.py
[2026-05-04T15:31:25.629+0000] {logging_mixin.py:188} INFO - [2026-05-04T15:31:25.629+0000] {dag.py:3096} INFO - Sync 1 DAGs
[2026-05-04T15:31:25.651+0000] {logging_mixin.py:188} INFO - [2026-05-04T15:31:25.651+0000] {dag.py:3954} INFO - Setting next_dagrun for ecommerce_pipeline to 2026-05-04 00:00:00+00:00, run_after=2026-05-05 00:00:00+00:00
[2026-05-04T15:31:25.671+0000] {processor.py:183} INFO - Processing /opt/airflow/dags/pipeline_dag.py took 0.111 seconds
[2026-05-04T15:31:56.210+0000] {processor.py:161} INFO - Started process (PID=261) to work on /opt/airflow/dags/pipeline_dag.py
[2026-05-04T15:31:56.211+0000] {processor.py:830} INFO - Processing file /opt/airflow/dags/pipeline_dag.py for tasks to queue
[2026-05-04T15:31:56.215+0000] {logging_mixin.py:188} INFO - [2026-05-04T15:31:56.215+0000] {dagbag.py:545} INFO - Filling up the DagBag from /opt/airflow/dags/pipeline_dag.py
[2026-05-04T15:31:56.240+0000] {processor.py:840} INFO - DAG(s) 'ecommerce_pipeline' retrieved from /opt/airflow/dags/pipeline_dag.py
[2026-05-04T15:31:56.282+0000] {logging_mixin.py:188} INFO - [2026-05-04T15:31:56.282+0000] {dag.py:3096} INFO - Sync 1 DAGs
[2026-05-04T15:31:56.308+0000] {logging_mixin.py:188} INFO - [2026-05-04T15:31:56.308+0000] {dag.py:3954} INFO - Setting next_dagrun for ecommerce_pipeline to 2026-05-04 00:00:00+00:00, run_after=2026-05-05 00:00:00+00:00
[2026-05-04T15:31:56.334+0000] {processor.py:183} INFO - Processing /opt/airflow/dags/pipeline_dag.py took 0.130 seconds
[2026-05-04T15:32:26.771+0000] {processor.py:161} INFO - Started process (PID=266) to work on /opt/airflow/dags/pipeline_dag.py
[2026-05-04T15:32:26.772+0000] {processor.py:830} INFO - Processing file /opt/airflow/dags/pipeline_dag.py for tasks to queue
[2026-05-04T15:32:26.777+0000] {logging_mixin.py:188} INFO - [2026-05-04T15:32:26.776+0000] {dagbag.py:545} INFO - Filling up the DagBag from /opt/airflow/dags/pipeline_dag.py
[2026-05-04T15:32:26.809+0000] {processor.py:840} INFO - DAG(s) 'ecommerce_pipeline' retrieved from /opt/airflow/dags/pipeline_dag.py
[2026-05-04T15:32:26.860+0000] {logging_mixin.py:188} INFO - [2026-05-04T15:32:26.860+0000] {dag.py:3096} INFO - Sync 1 DAGs
[2026-05-04T15:32:26.887+0000] {logging_mixin.py:188} INFO - [2026-05-04T15:32:26.886+0000] {dag.py:3954} INFO - Setting next_dagrun for ecommerce_pipeline to 2026-05-04 00:00:00+00:00, run_after=2026-05-05 00:00:00+00:00
[2026-05-04T15:32:26.924+0000] {processor.py:183} INFO - Processing /opt/airflow/dags/pipeline_dag.py took 0.170 seconds
[2026-05-04T15:32:57.337+0000] {processor.py:161} INFO - Started process (PID=271) to work on /opt/airflow/dags/pipeline_dag.py
[2026-05-04T15:32:57.339+0000] {processor.py:830} INFO - Processing file /opt/airflow/dags/pipeline_dag.py for tasks to queue
[2026-05-04T15:32:57.342+0000] {logging_mixin.py:188} INFO - [2026-05-04T15:32:57.341+0000] {dagbag.py:545} INFO - Filling up the DagBag from /opt/airflow/dags/pipeline_dag.py
[2026-05-04T15:32:57.367+0000] {processor.py:840} INFO - DAG(s) 'ecommerce_pipeline' retrieved from /opt/airflow/dags/pipeline_dag.py
[2026-05-04T15:32:57.412+0000] {logging_mixin.py:188} INFO - [2026-05-04T15:32:57.411+0000] {dag.py:3096} INFO - Sync 1 DAGs
[2026-05-04T15:32:57.438+0000] {logging_mixin.py:188} INFO - [2026-05-04T15:32:57.438+0000] {dag.py:3954} INFO - Setting next_dagrun for ecommerce_pipeline to 2026-05-04 00:00:00+00:00, run_after=2026-05-05 00:00:00+00:00
[2026-05-04T15:32:57.466+0000] {processor.py:183} INFO - Processing /opt/airflow/dags/pipeline_dag.py took 0.136 seconds
[2026-05-04T15:33:28.519+0000] {processor.py:161} INFO - Started process (PID=276) to work on /opt/airflow/dags/pipeline_dag.py
[2026-05-04T15:33:28.519+0000] {processor.py:830} INFO - Processing file /opt/airflow/dags/pipeline_dag.py for tasks to queue
[2026-05-04T15:33:28.521+0000] {logging_mixin.py:188} INFO - [2026-05-04T15:33:28.521+0000] {dagbag.py:545} INFO - Filling up the DagBag from /opt/airflow/dags/pipeline_dag.py
[2026-05-04T15:33:28.546+0000] {processor.py:840} INFO - DAG(s) 'ecommerce_pipeline' retrieved from /opt/airflow/dags/pipeline_dag.py
[2026-05-04T15:33:28.653+0000] {logging_mixin.py:188} INFO - [2026-05-04T15:33:28.653+0000] {dag.py:3096} INFO - Sync 1 DAGs
[2026-05-04T15:33:28.676+0000] {logging_mixin.py:188} INFO - [2026-05-04T15:33:28.675+0000] {dag.py:3954} INFO - Setting next_dagrun for ecommerce_pipeline to 2026-05-04 00:00:00+00:00, run_after=2026-05-05 00:00:00+00:00
[2026-05-04T15:33:29.035+0000] {processor.py:183} INFO - Processing /opt/airflow/dags/pipeline_dag.py took 0.522 seconds
[2026-05-04T15:33:59.376+0000] {processor.py:161} INFO - Started process (PID=281) to work on /opt/airflow/dags/pipeline_dag.py
[2026-05-04T15:33:59.377+0000] {processor.py:830} INFO - Processing file /opt/airflow/dags/pipeline_dag.py for tasks to queue
[2026-05-04T15:33:59.379+0000] {logging_mixin.py:188} INFO - [2026-05-04T15:33:59.379+0000] {dagbag.py:545} INFO - Filling up the DagBag from /opt/airflow/dags/pipeline_dag.py
[2026-05-04T15:33:59.399+0000] {processor.py:840} INFO - DAG(s) 'ecommerce_pipeline' retrieved from /opt/airflow/dags/pipeline_dag.py
[2026-05-04T15:33:59.435+0000] {logging_mixin.py:188} INFO - [2026-05-04T15:33:59.435+0000] {dag.py:3096} INFO - Sync 1 DAGs
[2026-05-04T15:33:59.460+0000] {logging_mixin.py:188} INFO - [2026-05-04T15:33:59.460+0000] {dag.py:3954} INFO - Setting next_dagrun for ecommerce_pipeline to 2026-05-04 00:00:00+00:00, run_after=2026-05-05 00:00:00+00:00
[2026-05-04T15:33:59.486+0000] {processor.py:183} INFO - Processing /opt/airflow/dags/pipeline_dag.py took 0.116 seconds
[2026-05-04T15:34:30.368+0000] {processor.py:161} INFO - Started process (PID=286) to work on /opt/airflow/dags/pipeline_dag.py
[2026-05-04T15:34:30.369+0000] {processor.py:830} INFO - Processing file /opt/airflow/dags/pipeline_dag.py for tasks to queue
[2026-05-04T15:34:30.372+0000] {logging_mixin.py:188} INFO - [2026-05-04T15:34:30.371+0000] {dagbag.py:545} INFO - Filling up the DagBag from /opt/airflow/dags/pipeline_dag.py
[2026-05-04T15:34:30.392+0000] {processor.py:840} INFO - DAG(s) 'ecommerce_pipeline' retrieved from /opt/airflow/dags/pipeline_dag.py
[2026-05-04T15:34:30.431+0000] {logging_mixin.py:188} INFO - [2026-05-04T15:34:30.431+0000] {dag.py:3096} INFO - Sync 1 DAGs
[2026-05-04T15:34:30.454+0000] {logging_mixin.py:188} INFO - [2026-05-04T15:34:30.454+0000] {dag.py:3954} INFO - Setting next_dagrun for ecommerce_pipeline to 2026-05-04 00:00:00+00:00, run_after=2026-05-05 00:00:00+00:00
[2026-05-04T15:34:30.481+0000] {processor.py:183} INFO - Processing /opt/airflow/dags/pipeline_dag.py took 0.120 seconds
[2026-05-04T15:35:00.910+0000] {processor.py:161} INFO - Started process (PID=291) to work on /opt/airflow/dags/pipeline_dag.py
[2026-05-04T15:35:00.911+0000] {processor.py:830} INFO - Processing file /opt/airflow/dags/pipeline_dag.py for tasks to queue
[2026-05-04T15:35:00.913+0000] {logging_mixin.py:188} INFO - [2026-05-04T15:35:00.913+0000] {dagbag.py:545} INFO - Filling up the DagBag from /opt/airflow/dags/pipeline_dag.py
[2026-05-04T15:35:00.935+0000] {processor.py:840} INFO - DAG(s) 'ecommerce_pipeline' retrieved from /opt/airflow/dags/pipeline_dag.py
[2026-05-04T15:35:00.975+0000] {logging_mixin.py:188} INFO - [2026-05-04T15:35:00.974+0000] {dag.py:3096} INFO - Sync 1 DAGs
[2026-05-04T15:35:00.997+0000] {logging_mixin.py:188} INFO - [2026-05-04T15:35:00.997+0000] {dag.py:3954} INFO - Setting next_dagrun for ecommerce_pipeline to 2026-05-04 00:00:00+00:00, run_after=2026-05-05 00:00:00+00:00
[2026-05-04T15:35:01.025+0000] {processor.py:183} INFO - Processing /opt/airflow/dags/pipeline_dag.py took 0.120 seconds
[2026-05-04T15:35:31.877+0000] {processor.py:161} INFO - Started process (PID=296) to work on /opt/airflow/dags/pipeline_dag.py
[2026-05-04T15:35:31.879+0000] {processor.py:830} INFO - Processing file /opt/airflow/dags/pipeline_dag.py for tasks to queue
[2026-05-04T15:35:31.882+0000] {logging_mixin.py:188} INFO - [2026-05-04T15:35:31.882+0000] {dagbag.py:545} INFO - Filling up the DagBag from /opt/airflow/dags/pipeline_dag.py
[2026-05-04T15:35:31.917+0000] {processor.py:840} INFO - DAG(s) 'ecommerce_pipeline' retrieved from /opt/airflow/dags/pipeline_dag.py
[2026-05-04T15:35:31.957+0000] {logging_mixin.py:188} INFO - [2026-05-04T15:35:31.956+0000] {dag.py:3096} INFO - Sync 1 DAGs
[2026-05-04T15:35:31.981+0000] {logging_mixin.py:188} INFO - [2026-05-04T15:35:31.980+0000] {dag.py:3954} INFO - Setting next_dagrun for ecommerce_pipeline to 2026-05-04 00:00:00+00:00, run_after=2026-05-05 00:00:00+00:00
[2026-05-04T15:35:32.005+0000] {processor.py:183} INFO - Processing /opt/airflow/dags/pipeline_dag.py took 0.136 seconds
[2026-05-04T15:36:02.927+0000] {processor.py:161} INFO - Started process (PID=301) to work on /opt/airflow/dags/pipeline_dag.py
[2026-05-04T15:36:02.928+0000] {processor.py:830} INFO - Processing file /opt/airflow/dags/pipeline_dag.py for tasks to queue
[2026-05-04T15:36:02.930+0000] {logging_mixin.py:188} INFO - [2026-05-04T15:36:02.930+0000] {dagbag.py:545} INFO - Filling up the DagBag from /opt/airflow/dags/pipeline_dag.py
[2026-05-04T15:36:02.954+0000] {processor.py:840} INFO - DAG(s) 'ecommerce_pipeline' retrieved from /opt/airflow/dags/pipeline_dag.py
[2026-05-04T15:36:02.993+0000] {logging_mixin.py:188} INFO - [2026-05-04T15:36:02.993+0000] {dag.py:3096} INFO - Sync 1 DAGs
[2026-05-04T15:36:03.020+0000] {logging_mixin.py:188} INFO - [2026-05-04T15:36:03.020+0000] {dag.py:3954} INFO - Setting next_dagrun for ecommerce_pipeline to 2026-05-04 00:00:00+00:00, run_after=2026-05-05 00:00:00+00:00
[2026-05-04T15:36:03.055+0000] {processor.py:183} INFO - Processing /opt/airflow/dags/pipeline_dag.py took 0.133 seconds
[2026-05-04T15:36:33.882+0000] {processor.py:161} INFO - Started process (PID=306) to work on /opt/airflow/dags/pipeline_dag.py
[2026-05-04T15:36:33.883+0000] {processor.py:830} INFO - Processing file /opt/airflow/dags/pipeline_dag.py for tasks to queue
[2026-05-04T15:36:33.886+0000] {logging_mixin.py:188} INFO - [2026-05-04T15:36:33.885+0000] {dagbag.py:545} INFO - Filling up the DagBag from /opt/airflow/dags/pipeline_dag.py
[2026-05-04T15:36:33.908+0000] {processor.py:840} INFO - DAG(s) 'ecommerce_pipeline' retrieved from /opt/airflow/dags/pipeline_dag.py
[2026-05-04T15:36:33.951+0000] {logging_mixin.py:188} INFO - [2026-05-04T15:36:33.951+0000] {dag.py:3096} INFO - Sync 1 DAGs
[2026-05-04T15:36:33.978+0000] {logging_mixin.py:188} INFO - [2026-05-04T15:36:33.978+0000] {dag.py:3954} INFO - Setting next_dagrun for ecommerce_pipeline to 2026-05-04 00:00:00+00:00, run_after=2026-05-05 00:00:00+00:00
[2026-05-04T15:36:34.004+0000] {processor.py:183} INFO - Processing /opt/airflow/dags/pipeline_dag.py took 0.129 seconds
[2026-05-04T15:37:05.065+0000] {processor.py:161} INFO - Started process (PID=311) to work on /opt/airflow/dags/pipeline_dag.py
[2026-05-04T15:37:05.069+0000] {processor.py:830} INFO - Processing file /opt/airflow/dags/pipeline_dag.py for tasks to queue
[2026-05-04T15:37:05.072+0000] {logging_mixin.py:188} INFO - [2026-05-04T15:37:05.071+0000] {dagbag.py:545} INFO - Filling up the DagBag from /opt/airflow/dags/pipeline_dag.py
[2026-05-04T15:37:05.112+0000] {processor.py:840} INFO - DAG(s) 'ecommerce_pipeline' retrieved from /opt/airflow/dags/pipeline_dag.py
[2026-05-04T15:37:05.194+0000] {logging_mixin.py:188} INFO - [2026-05-04T15:37:05.194+0000] {dag.py:3096} INFO - Sync 1 DAGs
[2026-05-04T15:37:05.238+0000] {logging_mixin.py:188} INFO - [2026-05-04T15:37:05.237+0000] {dag.py:3954} INFO - Setting next_dagrun for ecommerce_pipeline to 2026-05-04 00:00:00+00:00, run_after=2026-05-05 00:00:00+00:00
[2026-05-04T15:37:05.278+0000] {processor.py:183} INFO - Processing /opt/airflow/dags/pipeline_dag.py took 0.225 seconds
[2026-05-04T15:37:36.040+0000] {processor.py:161} INFO - Started process (PID=316) to work on /opt/airflow/dags/pipeline_dag.py
[2026-05-04T15:37:36.042+0000] {processor.py:830} INFO - Processing file /opt/airflow/dags/pipeline_dag.py for tasks to queue
[2026-05-04T15:37:36.048+0000] {logging_mixin.py:188} INFO - [2026-05-04T15:37:36.048+0000] {dagbag.py:545} INFO - Filling up the DagBag from /opt/airflow/dags/pipeline_dag.py
[2026-05-04T15:37:36.096+0000] {processor.py:840} INFO - DAG(s) 'ecommerce_pipeline' retrieved from /opt/airflow/dags/pipeline_dag.py
[2026-05-04T15:37:36.171+0000] {logging_mixin.py:188} INFO - [2026-05-04T15:37:36.171+0000] {dag.py:3096} INFO - Sync 1 DAGs
[2026-05-04T15:37:36.204+0000] {logging_mixin.py:188} INFO - [2026-05-04T15:37:36.204+0000] {dag.py:3954} INFO - Setting next_dagrun for ecommerce_pipeline to 2026-05-04 00:00:00+00:00, run_after=2026-05-05 00:00:00+00:00
[2026-05-04T15:37:36.244+0000] {processor.py:183} INFO - Processing /opt/airflow/dags/pipeline_dag.py took 0.214 seconds
[2026-05-04T15:38:06.981+0000] {processor.py:161} INFO - Started process (PID=321) to work on /opt/airflow/dags/pipeline_dag.py
[2026-05-04T15:38:06.982+0000] {processor.py:830} INFO - Processing file /opt/airflow/dags/pipeline_dag.py for tasks to queue
[2026-05-04T15:38:06.985+0000] {logging_mixin.py:188} INFO - [2026-05-04T15:38:06.984+0000] {dagbag.py:545} INFO - Filling up the DagBag from /opt/airflow/dags/pipeline_dag.py
[2026-05-04T15:38:07.017+0000] {processor.py:840} INFO - DAG(s) 'ecommerce_pipeline' retrieved from /opt/airflow/dags/pipeline_dag.py
[2026-05-04T15:38:07.077+0000] {logging_mixin.py:188} INFO - [2026-05-04T15:38:07.077+0000] {dag.py:3096} INFO - Sync 1 DAGs
[2026-05-04T15:38:07.110+0000] {logging_mixin.py:188} INFO - [2026-05-04T15:38:07.109+0000] {dag.py:3954} INFO - Setting next_dagrun for ecommerce_pipeline to 2026-05-04 00:00:00+00:00, run_after=2026-05-05 00:00:00+00:00
[2026-05-04T15:38:07.143+0000] {processor.py:183} INFO - Processing /opt/airflow/dags/pipeline_dag.py took 0.170 seconds
[2026-05-04T15:38:38.009+0000] {processor.py:161} INFO - Started process (PID=326) to work on /opt/airflow/dags/pipeline_dag.py
[2026-05-04T15:38:38.011+0000] {processor.py:830} INFO - Processing file /opt/airflow/dags/pipeline_dag.py for tasks to queue
[2026-05-04T15:38:38.015+0000] {logging_mixin.py:188} INFO - [2026-05-04T15:38:38.014+0000] {dagbag.py:545} INFO - Filling up the DagBag from /opt/airflow/dags/pipeline_dag.py
[2026-05-04T15:38:38.043+0000] {processor.py:840} INFO - DAG(s) 'ecommerce_pipeline' retrieved from /opt/airflow/dags/pipeline_dag.py
[2026-05-04T15:38:38.092+0000] {logging_mixin.py:188} INFO - [2026-05-04T15:38:38.092+0000] {dag.py:3096} INFO - Sync 1 DAGs
[2026-05-04T15:38:38.124+0000] {logging_mixin.py:188} INFO - [2026-05-04T15:38:38.123+0000] {dag.py:3954} INFO - Setting next_dagrun for ecommerce_pipeline to 2026-05-04 00:00:00+00:00, run_after=2026-05-05 00:00:00+00:00
[2026-05-04T15:38:38.159+0000] {processor.py:183} INFO - Processing /opt/airflow/dags/pipeline_dag.py took 0.162 seconds
[2026-05-04T15:39:09.008+0000] {processor.py:161} INFO - Started process (PID=331) to work on /opt/airflow/dags/pipeline_dag.py
[2026-05-04T15:39:09.010+0000] {processor.py:830} INFO - Processing file /opt/airflow/dags/pipeline_dag.py for tasks to queue
[2026-05-04T15:39:09.012+0000] {logging_mixin.py:188} INFO - [2026-05-04T15:39:09.012+0000] {dagbag.py:545} INFO - Filling up the DagBag from /opt/airflow/dags/pipeline_dag.py
[2026-05-04T15:39:09.032+0000] {processor.py:840} INFO - DAG(s) 'ecommerce_pipeline' retrieved from /opt/airflow/dags/pipeline_dag.py
[2026-05-04T15:39:09.069+0000] {logging_mixin.py:188} INFO - [2026-05-04T15:39:09.068+0000] {dag.py:3096} INFO - Sync 1 DAGs
[2026-05-04T15:39:09.090+0000] {logging_mixin.py:188} INFO - [2026-05-04T15:39:09.090+0000] {dag.py:3954} INFO - Setting next_dagrun for ecommerce_pipeline to 2026-05-04 00:00:00+00:00, run_after=2026-05-05 00:00:00+00:00
[2026-05-04T15:39:09.115+0000] {processor.py:183} INFO - Processing /opt/airflow/dags/pipeline_dag.py took 0.113 seconds
[2026-05-04T15:39:39.624+0000] {processor.py:161} INFO - Started process (PID=336) to work on /opt/airflow/dags/pipeline_dag.py
[2026-05-04T15:39:39.625+0000] {processor.py:830} INFO - Processing file /opt/airflow/dags/pipeline_dag.py for tasks to queue
[2026-05-04T15:39:39.628+0000] {logging_mixin.py:188} INFO - [2026-05-04T15:39:39.627+0000] {dagbag.py:545} INFO - Filling up the DagBag from /opt/airflow/dags/pipeline_dag.py
[2026-05-04T15:39:39.654+0000] {processor.py:840} INFO - DAG(s) 'ecommerce_pipeline' retrieved from /opt/airflow/dags/pipeline_dag.py
[2026-05-04T15:39:39.697+0000] {logging_mixin.py:188} INFO - [2026-05-04T15:39:39.697+0000] {dag.py:3096} INFO - Sync 1 DAGs
[2026-05-04T15:39:39.723+0000] {logging_mixin.py:188} INFO - [2026-05-04T15:39:39.723+0000] {dag.py:3954} INFO - Setting next_dagrun for ecommerce_pipeline to 2026-05-04 00:00:00+00:00, run_after=2026-05-05 00:00:00+00:00
[2026-05-04T15:39:39.755+0000] {processor.py:183} INFO - Processing /opt/airflow/dags/pipeline_dag.py took 0.139 seconds
[2026-05-04T15:40:10.156+0000] {processor.py:161} INFO - Started process (PID=341) to work on /opt/airflow/dags/pipeline_dag.py
[2026-05-04T15:40:10.157+0000] {processor.py:830} INFO - Processing file /opt/airflow/dags/pipeline_dag.py for tasks to queue
[2026-05-04T15:40:10.159+0000] {logging_mixin.py:188} INFO - [2026-05-04T15:40:10.158+0000] {dagbag.py:545} INFO - Filling up the DagBag from /opt/airflow/dags/pipeline_dag.py
[2026-05-04T15:40:10.184+0000] {processor.py:840} INFO - DAG(s) 'ecommerce_pipeline' retrieved from /opt/airflow/dags/pipeline_dag.py
[2026-05-04T15:40:10.229+0000] {logging_mixin.py:188} INFO - [2026-05-04T15:40:10.228+0000] {dag.py:3096} INFO - Sync 1 DAGs
[2026-05-04T15:40:10.252+0000] {logging_mixin.py:188} INFO - [2026-05-04T15:40:10.252+0000] {dag.py:3954} INFO - Setting next_dagrun for ecommerce_pipeline to 2026-05-04 00:00:00+00:00, run_after=2026-05-05 00:00:00+00:00
[2026-05-04T15:40:10.278+0000] {processor.py:183} INFO - Processing /opt/airflow/dags/pipeline_dag.py took 0.140 seconds
[2026-05-04T15:40:41.082+0000] {processor.py:161} INFO - Started process (PID=346) to work on /opt/airflow/dags/pipeline_dag.py
[2026-05-04T15:40:41.084+0000] {processor.py:830} INFO - Processing file /opt/airflow/dags/pipeline_dag.py for tasks to queue
[2026-05-04T15:40:41.085+0000] {logging_mixin.py:188} INFO - [2026-05-04T15:40:41.085+0000] {dagbag.py:545} INFO - Filling up the DagBag from /opt/airflow/dags/pipeline_dag.py
[2026-05-04T15:40:41.107+0000] {processor.py:840} INFO - DAG(s) 'ecommerce_pipeline' retrieved from /opt/airflow/dags/pipeline_dag.py
[2026-05-04T15:40:41.151+0000] {logging_mixin.py:188} INFO - [2026-05-04T15:40:41.150+0000] {dag.py:3096} INFO - Sync 1 DAGs
[2026-05-04T15:40:41.172+0000] {logging_mixin.py:188} INFO - [2026-05-04T15:40:41.172+0000] {dag.py:3954} INFO - Setting next_dagrun for ecommerce_pipeline to 2026-05-04 00:00:00+00:00, run_after=2026-05-05 00:00:00+00:00
[2026-05-04T15:40:41.198+0000] {processor.py:183} INFO - Processing /opt/airflow/dags/pipeline_dag.py took 0.123 seconds
[2026-05-04T15:41:12.123+0000] {processor.py:161} INFO - Started process (PID=351) to work on /opt/airflow/dags/pipeline_dag.py
[2026-05-04T15:41:12.124+0000] {processor.py:830} INFO - Processing file /opt/airflow/dags/pipeline_dag.py for tasks to queue
[2026-05-04T15:41:12.126+0000] {logging_mixin.py:188} INFO - [2026-05-04T15:41:12.125+0000] {dagbag.py:545} INFO - Filling up the DagBag from /opt/airflow/dags/pipeline_dag.py
[2026-05-04T15:41:12.147+0000] {processor.py:840} INFO - DAG(s) 'ecommerce_pipeline' retrieved from /opt/airflow/dags/pipeline_dag.py
[2026-05-04T15:41:12.197+0000] {logging_mixin.py:188} INFO - [2026-05-04T15:41:12.197+0000] {dag.py:3096} INFO - Sync 1 DAGs
[2026-05-04T15:41:12.225+0000] {logging_mixin.py:188} INFO - [2026-05-04T15:41:12.224+0000] {dag.py:3954} INFO - Setting next_dagrun for ecommerce_pipeline to 2026-05-04 00:00:00+00:00, run_after=2026-05-05 00:00:00+00:00
[2026-05-04T15:41:12.251+0000] {processor.py:183} INFO - Processing /opt/airflow/dags/pipeline_dag.py took 0.133 seconds
[2026-05-04T15:41:43.026+0000] {processor.py:161} INFO - Started process (PID=356) to work on /opt/airflow/dags/pipeline_dag.py
[2026-05-04T15:41:43.027+0000] {processor.py:830} INFO - Processing file /opt/airflow/dags/pipeline_dag.py for tasks to queue
[2026-05-04T15:41:43.029+0000] {logging_mixin.py:188} INFO - [2026-05-04T15:41:43.029+0000] {dagbag.py:545} INFO - Filling up the DagBag from /opt/airflow/dags/pipeline_dag.py
[2026-05-04T15:41:43.047+0000] {processor.py:840} INFO - DAG(s) 'ecommerce_pipeline' retrieved from /opt/airflow/dags/pipeline_dag.py
[2026-05-04T15:41:43.085+0000] {logging_mixin.py:188} INFO - [2026-05-04T15:41:43.085+0000] {dag.py:3096} INFO - Sync 1 DAGs
[2026-05-04T15:41:43.106+0000] {logging_mixin.py:188} INFO - [2026-05-04T15:41:43.106+0000] {dag.py:3954} INFO - Setting next_dagrun for ecommerce_pipeline to 2026-05-04 00:00:00+00:00, run_after=2026-05-05 00:00:00+00:00
[2026-05-04T15:41:43.130+0000] {processor.py:183} INFO - Processing /opt/airflow/dags/pipeline_dag.py took 0.111 seconds
[2026-05-04T15:42:14.090+0000] {processor.py:161} INFO - Started process (PID=361) to work on /opt/airflow/dags/pipeline_dag.py
[2026-05-04T15:42:14.091+0000] {processor.py:830} INFO - Processing file /opt/airflow/dags/pipeline_dag.py for tasks to queue
[2026-05-04T15:42:14.093+0000] {logging_mixin.py:188} INFO - [2026-05-04T15:42:14.092+0000] {dagbag.py:545} INFO - Filling up the DagBag from /opt/airflow/dags/pipeline_dag.py
[2026-05-04T15:42:14.114+0000] {processor.py:840} INFO - DAG(s) 'ecommerce_pipeline' retrieved from /opt/airflow/dags/pipeline_dag.py
[2026-05-04T15:42:14.147+0000] {logging_mixin.py:188} INFO - [2026-05-04T15:42:14.146+0000] {dag.py:3096} INFO - Sync 1 DAGs
[2026-05-04T15:42:14.166+0000] {logging_mixin.py:188} INFO - [2026-05-04T15:42:14.165+0000] {dag.py:3954} INFO - Setting next_dagrun for ecommerce_pipeline to 2026-05-04 00:00:00+00:00, run_after=2026-05-05 00:00:00+00:00
[2026-05-04T15:42:14.187+0000] {processor.py:183} INFO - Processing /opt/airflow/dags/pipeline_dag.py took 0.103 seconds
[2026-05-04T15:42:45.051+0000] {processor.py:161} INFO - Started process (PID=366) to work on /opt/airflow/dags/pipeline_dag.py
[2026-05-04T15:42:45.053+0000] {processor.py:830} INFO - Processing file /opt/airflow/dags/pipeline_dag.py for tasks to queue
[2026-05-04T15:42:45.058+0000] {logging_mixin.py:188} INFO - [2026-05-04T15:42:45.056+0000] {dagbag.py:545} INFO - Filling up the DagBag from /opt/airflow/dags/pipeline_dag.py
[2026-05-04T15:42:45.091+0000] {processor.py:840} INFO - DAG(s) 'ecommerce_pipeline' retrieved from /opt/airflow/dags/pipeline_dag.py
[2026-05-04T15:42:45.146+0000] {logging_mixin.py:188} INFO - [2026-05-04T15:42:45.145+0000] {dag.py:3096} INFO - Sync 1 DAGs
[2026-05-04T15:42:45.183+0000] {logging_mixin.py:188} INFO - [2026-05-04T15:42:45.183+0000] {dag.py:3954} INFO - Setting next_dagrun for ecommerce_pipeline to 2026-05-04 00:00:00+00:00, run_after=2026-05-05 00:00:00+00:00
[2026-05-04T15:42:45.214+0000] {processor.py:183} INFO - Processing /opt/airflow/dags/pipeline_dag.py took 0.172 seconds
[2026-05-04T15:43:16.040+0000] {processor.py:161} INFO - Started process (PID=371) to work on /opt/airflow/dags/pipeline_dag.py
[2026-05-04T15:43:16.041+0000] {processor.py:830} INFO - Processing file /opt/airflow/dags/pipeline_dag.py for tasks to queue
[2026-05-04T15:43:16.044+0000] {logging_mixin.py:188} INFO - [2026-05-04T15:43:16.043+0000] {dagbag.py:545} INFO - Filling up the DagBag from /opt/airflow/dags/pipeline_dag.py
[2026-05-04T15:43:16.065+0000] {processor.py:840} INFO - DAG(s) 'ecommerce_pipeline' retrieved from /opt/airflow/dags/pipeline_dag.py
[2026-05-04T15:43:16.108+0000] {logging_mixin.py:188} INFO - [2026-05-04T15:43:16.108+0000] {dag.py:3096} INFO - Sync 1 DAGs
[2026-05-04T15:43:16.131+0000] {logging_mixin.py:188} INFO - [2026-05-04T15:43:16.131+0000] {dag.py:3954} INFO - Setting next_dagrun for ecommerce_pipeline to 2026-05-04 00:00:00+00:00, run_after=2026-05-05 00:00:00+00:00
[2026-05-04T15:43:16.153+0000] {processor.py:183} INFO - Processing /opt/airflow/dags/pipeline_dag.py took 0.120 seconds
[2026-05-04T15:43:47.013+0000] {processor.py:161} INFO - Started process (PID=376) to work on /opt/airflow/dags/pipeline_dag.py
[2026-05-04T15:43:47.014+0000] {processor.py:830} INFO - Processing file /opt/airflow/dags/pipeline_dag.py for tasks to queue
[2026-05-04T15:43:47.017+0000] {logging_mixin.py:188} INFO - [2026-05-04T15:43:47.017+0000] {dagbag.py:545} INFO - Filling up the DagBag from /opt/airflow/dags/pipeline_dag.py
[2026-05-04T15:43:47.039+0000] {processor.py:840} INFO - DAG(s) 'ecommerce_pipeline' retrieved from /opt/airflow/dags/pipeline_dag.py
[2026-05-04T15:43:47.077+0000] {logging_mixin.py:188} INFO - [2026-05-04T15:43:47.077+0000] {dag.py:3096} INFO - Sync 1 DAGs
[2026-05-04T15:43:47.100+0000] {logging_mixin.py:188} INFO - [2026-05-04T15:43:47.100+0000] {dag.py:3954} INFO - Setting next_dagrun for ecommerce_pipeline to 2026-05-04 00:00:00+00:00, run_after=2026-05-05 00:00:00+00:00
[2026-05-04T15:43:47.124+0000] {processor.py:183} INFO - Processing /opt/airflow/dags/pipeline_dag.py took 0.116 seconds
[2026-05-04T15:44:18.076+0000] {processor.py:161} INFO - Started process (PID=381) to work on /opt/airflow/dags/pipeline_dag.py
[2026-05-04T15:44:18.077+0000] {processor.py:830} INFO - Processing file /opt/airflow/dags/pipeline_dag.py for tasks to queue
[2026-05-04T15:44:18.080+0000] {logging_mixin.py:188} INFO - [2026-05-04T15:44:18.080+0000] {dagbag.py:545} INFO - Filling up the DagBag from /opt/airflow/dags/pipeline_dag.py
[2026-05-04T15:44:18.102+0000] {processor.py:840} INFO - DAG(s) 'ecommerce_pipeline' retrieved from /opt/airflow/dags/pipeline_dag.py
[2026-05-04T15:44:18.141+0000] {logging_mixin.py:188} INFO - [2026-05-04T15:44:18.141+0000] {dag.py:3096} INFO - Sync 1 DAGs
[2026-05-04T15:44:18.165+0000] {logging_mixin.py:188} INFO - [2026-05-04T15:44:18.164+0000] {dag.py:3954} INFO - Setting next_dagrun for ecommerce_pipeline to 2026-05-04 00:00:00+00:00, run_after=2026-05-05 00:00:00+00:00
[2026-05-04T15:44:18.187+0000] {processor.py:183} INFO - Processing /opt/airflow/dags/pipeline_dag.py took 0.116 seconds
[2026-05-04T15:44:48.994+0000] {processor.py:161} INFO - Started process (PID=386) to work on /opt/airflow/dags/pipeline_dag.py
[2026-05-04T15:44:48.995+0000] {processor.py:830} INFO - Processing file /opt/airflow/dags/pipeline_dag.py for tasks to queue
[2026-05-04T15:44:48.997+0000] {logging_mixin.py:188} INFO - [2026-05-04T15:44:48.996+0000] {dagbag.py:545} INFO - Filling up the DagBag from /opt/airflow/dags/pipeline_dag.py
[2026-05-04T15:44:49.020+0000] {processor.py:840} INFO - DAG(s) 'ecommerce_pipeline' retrieved from /opt/airflow/dags/pipeline_dag.py
[2026-05-04T15:44:49.055+0000] {logging_mixin.py:188} INFO - [2026-05-04T15:44:49.055+0000] {dag.py:3096} INFO - Sync 1 DAGs
[2026-05-04T15:44:49.077+0000] {logging_mixin.py:188} INFO - [2026-05-04T15:44:49.077+0000] {dag.py:3954} INFO - Setting next_dagrun for ecommerce_pipeline to 2026-05-04 00:00:00+00:00, run_after=2026-05-05 00:00:00+00:00
[2026-05-04T15:44:49.100+0000] {processor.py:183} INFO - Processing /opt/airflow/dags/pipeline_dag.py took 0.112 seconds
[2026-05-04T15:45:19.718+0000] {processor.py:161} INFO - Started process (PID=391) to work on /opt/airflow/dags/pipeline_dag.py
[2026-05-04T15:45:19.719+0000] {processor.py:830} INFO - Processing file /opt/airflow/dags/pipeline_dag.py for tasks to queue
[2026-05-04T15:45:19.721+0000] {logging_mixin.py:188} INFO - [2026-05-04T15:45:19.721+0000] {dagbag.py:545} INFO - Filling up the DagBag from /opt/airflow/dags/pipeline_dag.py
[2026-05-04T15:45:19.739+0000] {processor.py:840} INFO - DAG(s) 'ecommerce_pipeline' retrieved from /opt/airflow/dags/pipeline_dag.py
[2026-05-04T15:45:19.773+0000] {logging_mixin.py:188} INFO - [2026-05-04T15:45:19.773+0000] {dag.py:3096} INFO - Sync 1 DAGs
[2026-05-04T15:45:19.795+0000] {logging_mixin.py:188} INFO - [2026-05-04T15:45:19.795+0000] {dag.py:3954} INFO - Setting next_dagrun for ecommerce_pipeline to 2026-05-04 00:00:00+00:00, run_after=2026-05-05 00:00:00+00:00
[2026-05-04T15:45:19.818+0000] {processor.py:183} INFO - Processing /opt/airflow/dags/pipeline_dag.py took 0.105 seconds
[2026-05-04T15:45:50.337+0000] {processor.py:161} INFO - Started process (PID=396) to work on /opt/airflow/dags/pipeline_dag.py
[2026-05-04T15:45:50.338+0000] {processor.py:830} INFO - Processing file /opt/airflow/dags/pipeline_dag.py for tasks to queue
[2026-05-04T15:45:50.341+0000] {logging_mixin.py:188} INFO - [2026-05-04T15:45:50.341+0000] {dagbag.py:545} INFO - Filling up the DagBag from /opt/airflow/dags/pipeline_dag.py
[2026-05-04T15:45:50.362+0000] {processor.py:840} INFO - DAG(s) 'ecommerce_pipeline' retrieved from /opt/airflow/dags/pipeline_dag.py
[2026-05-04T15:45:50.400+0000] {logging_mixin.py:188} INFO - [2026-05-04T15:45:50.400+0000] {dag.py:3096} INFO - Sync 1 DAGs
[2026-05-04T15:45:50.424+0000] {logging_mixin.py:188} INFO - [2026-05-04T15:45:50.424+0000] {dag.py:3954} INFO - Setting next_dagrun for ecommerce_pipeline to 2026-05-04 00:00:00+00:00, run_after=2026-05-05 00:00:00+00:00
[2026-05-04T15:45:50.452+0000] {processor.py:183} INFO - Processing /opt/airflow/dags/pipeline_dag.py took 0.121 seconds
[2026-05-04T15:52:26.529+0000] {processor.py:161} INFO - Started process (PID=401) to work on /opt/airflow/dags/pipeline_dag.py
[2026-05-04T15:52:26.541+0000] {processor.py:830} INFO - Processing file /opt/airflow/dags/pipeline_dag.py for tasks to queue
[2026-05-04T15:52:26.553+0000] {logging_mixin.py:188} INFO - [2026-05-04T15:52:26.552+0000] {dagbag.py:545} INFO - Filling up the DagBag from /opt/airflow/dags/pipeline_dag.py
[2026-05-04T15:52:26.683+0000] {processor.py:840} INFO - DAG(s) 'ecommerce_pipeline' retrieved from /opt/airflow/dags/pipeline_dag.py
[2026-05-04T15:52:26.985+0000] {logging_mixin.py:188} INFO - [2026-05-04T15:52:26.984+0000] {dag.py:3096} INFO - Sync 1 DAGs
[2026-05-04T15:52:27.352+0000] {logging_mixin.py:188} INFO - [2026-05-04T15:52:27.352+0000] {dag.py:3954} INFO - Setting next_dagrun for ecommerce_pipeline to 2026-05-04 00:00:00+00:00, run_after=2026-05-05 00:00:00+00:00
[2026-05-04T15:52:27.623+0000] {processor.py:183} INFO - Processing /opt/airflow/dags/pipeline_dag.py took 1.158 seconds
[2026-05-04T15:52:57.972+0000] {processor.py:161} INFO - Started process (PID=406) to work on /opt/airflow/dags/pipeline_dag.py
[2026-05-04T15:52:57.974+0000] {processor.py:830} INFO - Processing file /opt/airflow/dags/pipeline_dag.py for tasks to queue
[2026-05-04T15:52:57.977+0000] {logging_mixin.py:188} INFO - [2026-05-04T15:52:57.976+0000] {dagbag.py:545} INFO - Filling up the DagBag from /opt/airflow/dags/pipeline_dag.py
[2026-05-04T15:52:58.008+0000] {processor.py:840} INFO - DAG(s) 'ecommerce_pipeline' retrieved from /opt/airflow/dags/pipeline_dag.py
[2026-05-04T15:52:58.052+0000] {logging_mixin.py:188} INFO - [2026-05-04T15:52:58.051+0000] {dag.py:3096} INFO - Sync 1 DAGs
[2026-05-04T15:52:58.078+0000] {logging_mixin.py:188} INFO - [2026-05-04T15:52:58.078+0000] {dag.py:3954} INFO - Setting next_dagrun for ecommerce_pipeline to 2026-05-04 00:00:00+00:00, run_after=2026-05-05 00:00:00+00:00
[2026-05-04T15:52:58.101+0000] {processor.py:183} INFO - Processing /opt/airflow/dags/pipeline_dag.py took 0.137 seconds
[2026-05-04T15:53:28.928+0000] {processor.py:161} INFO - Started process (PID=411) to work on /opt/airflow/dags/pipeline_dag.py
[2026-05-04T15:53:28.930+0000] {processor.py:830} INFO - Processing file /opt/airflow/dags/pipeline_dag.py for tasks to queue
[2026-05-04T15:53:28.936+0000] {logging_mixin.py:188} INFO - [2026-05-04T15:53:28.936+0000] {dagbag.py:545} INFO - Filling up the DagBag from /opt/airflow/dags/pipeline_dag.py
[2026-05-04T15:53:28.961+0000] {processor.py:840} INFO - DAG(s) 'ecommerce_pipeline' retrieved from /opt/airflow/dags/pipeline_dag.py
[2026-05-04T15:53:29.011+0000] {logging_mixin.py:188} INFO - [2026-05-04T15:53:29.011+0000] {dag.py:3096} INFO - Sync 1 DAGs
[2026-05-04T15:53:29.034+0000] {logging_mixin.py:188} INFO - [2026-05-04T15:53:29.034+0000] {dag.py:3954} INFO - Setting next_dagrun for ecommerce_pipeline to 2026-05-04 00:00:00+00:00, run_after=2026-05-05 00:00:00+00:00
[2026-05-04T15:53:29.066+0000] {processor.py:183} INFO - Processing /opt/airflow/dags/pipeline_dag.py took 0.156 seconds
[2026-05-04T15:53:59.958+0000] {processor.py:161} INFO - Started process (PID=416) to work on /opt/airflow/dags/pipeline_dag.py
[2026-05-04T15:53:59.960+0000] {processor.py:830} INFO - Processing file /opt/airflow/dags/pipeline_dag.py for tasks to queue
[2026-05-04T15:53:59.964+0000] {logging_mixin.py:188} INFO - [2026-05-04T15:53:59.963+0000] {dagbag.py:545} INFO - Filling up the DagBag from /opt/airflow/dags/pipeline_dag.py
[2026-05-04T15:53:59.988+0000] {processor.py:840} INFO - DAG(s) 'ecommerce_pipeline' retrieved from /opt/airflow/dags/pipeline_dag.py
[2026-05-04T15:54:00.027+0000] {logging_mixin.py:188} INFO - [2026-05-04T15:54:00.027+0000] {dag.py:3096} INFO - Sync 1 DAGs
[2026-05-04T15:54:00.052+0000] {logging_mixin.py:188} INFO - [2026-05-04T15:54:00.051+0000] {dag.py:3954} INFO - Setting next_dagrun for ecommerce_pipeline to 2026-05-04 00:00:00+00:00, run_after=2026-05-05 00:00:00+00:00
[2026-05-04T15:54:00.075+0000] {processor.py:183} INFO - Processing /opt/airflow/dags/pipeline_dag.py took 0.126 seconds
[2026-05-04T15:54:30.972+0000] {processor.py:161} INFO - Started process (PID=421) to work on /opt/airflow/dags/pipeline_dag.py
[2026-05-04T15:54:30.973+0000] {processor.py:830} INFO - Processing file /opt/airflow/dags/pipeline_dag.py for tasks to queue
[2026-05-04T15:54:30.976+0000] {logging_mixin.py:188} INFO - [2026-05-04T15:54:30.975+0000] {dagbag.py:545} INFO - Filling up the DagBag from /opt/airflow/dags/pipeline_dag.py
[2026-05-04T15:54:30.998+0000] {processor.py:840} INFO - DAG(s) 'ecommerce_pipeline' retrieved from /opt/airflow/dags/pipeline_dag.py
[2026-05-04T15:54:31.039+0000] {logging_mixin.py:188} INFO - [2026-05-04T15:54:31.038+0000] {dag.py:3096} INFO - Sync 1 DAGs
[2026-05-04T15:54:31.061+0000] {logging_mixin.py:188} INFO - [2026-05-04T15:54:31.061+0000] {dag.py:3954} INFO - Setting next_dagrun for ecommerce_pipeline to 2026-05-04 00:00:00+00:00, run_after=2026-05-05 00:00:00+00:00
[2026-05-04T15:54:31.085+0000] {processor.py:183} INFO - Processing /opt/airflow/dags/pipeline_dag.py took 0.120 seconds
[2026-05-04T15:55:02.016+0000] {processor.py:161} INFO - Started process (PID=426) to work on /opt/airflow/dags/pipeline_dag.py
[2026-05-04T15:55:02.017+0000] {processor.py:830} INFO - Processing file /opt/airflow/dags/pipeline_dag.py for tasks to queue
[2026-05-04T15:55:02.019+0000] {logging_mixin.py:188} INFO - [2026-05-04T15:55:02.019+0000] {dagbag.py:545} INFO - Filling up the DagBag from /opt/airflow/dags/pipeline_dag.py
[2026-05-04T15:55:02.048+0000] {processor.py:840} INFO - DAG(s) 'ecommerce_pipeline' retrieved from /opt/airflow/dags/pipeline_dag.py
[2026-05-04T15:55:02.090+0000] {logging_mixin.py:188} INFO - [2026-05-04T15:55:02.090+0000] {dag.py:3096} INFO - Sync 1 DAGs
[2026-05-04T15:55:02.111+0000] {logging_mixin.py:188} INFO - [2026-05-04T15:55:02.111+0000] {dag.py:3954} INFO - Setting next_dagrun for ecommerce_pipeline to 2026-05-04 00:00:00+00:00, run_after=2026-05-05 00:00:00+00:00
[2026-05-04T15:55:02.138+0000] {processor.py:183} INFO - Processing /opt/airflow/dags/pipeline_dag.py took 0.129 seconds
[2026-05-04T15:55:32.576+0000] {processor.py:161} INFO - Started process (PID=431) to work on /opt/airflow/dags/pipeline_dag.py
[2026-05-04T15:55:32.577+0000] {processor.py:830} INFO - Processing file /opt/airflow/dags/pipeline_dag.py for tasks to queue
[2026-05-04T15:55:32.579+0000] {logging_mixin.py:188} INFO - [2026-05-04T15:55:32.578+0000] {dagbag.py:545} INFO - Filling up the DagBag from /opt/airflow/dags/pipeline_dag.py
[2026-05-04T15:55:32.603+0000] {processor.py:840} INFO - DAG(s) 'ecommerce_pipeline' retrieved from /opt/airflow/dags/pipeline_dag.py
[2026-05-04T15:55:32.646+0000] {logging_mixin.py:188} INFO - [2026-05-04T15:55:32.646+0000] {dag.py:3096} INFO - Sync 1 DAGs
[2026-05-04T15:55:32.670+0000] {logging_mixin.py:188} INFO - [2026-05-04T15:55:32.670+0000] {dag.py:3954} INFO - Setting next_dagrun for ecommerce_pipeline to 2026-05-04 00:00:00+00:00, run_after=2026-05-05 00:00:00+00:00
[2026-05-04T15:55:32.692+0000] {processor.py:183} INFO - Processing /opt/airflow/dags/pipeline_dag.py took 0.122 seconds
[2026-05-04T15:56:03.616+0000] {processor.py:161} INFO - Started process (PID=436) to work on /opt/airflow/dags/pipeline_dag.py
[2026-05-04T15:56:03.617+0000] {processor.py:830} INFO - Processing file /opt/airflow/dags/pipeline_dag.py for tasks to queue
[2026-05-04T15:56:03.619+0000] {logging_mixin.py:188} INFO - [2026-05-04T15:56:03.619+0000] {dagbag.py:545} INFO - Filling up the DagBag from /opt/airflow/dags/pipeline_dag.py
[2026-05-04T15:56:03.639+0000] {processor.py:840} INFO - DAG(s) 'ecommerce_pipeline' retrieved from /opt/airflow/dags/pipeline_dag.py
[2026-05-04T15:56:03.678+0000] {logging_mixin.py:188} INFO - [2026-05-04T15:56:03.678+0000] {dag.py:3096} INFO - Sync 1 DAGs
[2026-05-04T15:56:03.700+0000] {logging_mixin.py:188} INFO - [2026-05-04T15:56:03.700+0000] {dag.py:3954} INFO - Setting next_dagrun for ecommerce_pipeline to 2026-05-04 00:00:00+00:00, run_after=2026-05-05 00:00:00+00:00
[2026-05-04T15:56:03.724+0000] {processor.py:183} INFO - Processing /opt/airflow/dags/pipeline_dag.py took 0.113 seconds
[2026-05-04T15:56:34.640+0000] {processor.py:161} INFO - Started process (PID=441) to work on /opt/airflow/dags/pipeline_dag.py
[2026-05-04T15:56:34.641+0000] {processor.py:830} INFO - Processing file /opt/airflow/dags/pipeline_dag.py for tasks to queue
[2026-05-04T15:56:34.644+0000] {logging_mixin.py:188} INFO - [2026-05-04T15:56:34.643+0000] {dagbag.py:545} INFO - Filling up the DagBag from /opt/airflow/dags/pipeline_dag.py
[2026-05-04T15:56:34.703+0000] {processor.py:840} INFO - DAG(s) 'ecommerce_pipeline' retrieved from /opt/airflow/dags/pipeline_dag.py
[2026-05-04T15:56:34.741+0000] {logging_mixin.py:188} INFO - [2026-05-04T15:56:34.741+0000] {dag.py:3096} INFO - Sync 1 DAGs
[2026-05-04T15:56:34.767+0000] {logging_mixin.py:188} INFO - [2026-05-04T15:56:34.766+0000] {dag.py:3954} INFO - Setting next_dagrun for ecommerce_pipeline to 2026-05-04 00:00:00+00:00, run_after=2026-05-05 00:00:00+00:00
[2026-05-04T15:56:34.789+0000] {processor.py:183} INFO - Processing /opt/airflow/dags/pipeline_dag.py took 0.155 seconds
[2026-05-04T15:57:05.622+0000] {processor.py:161} INFO - Started process (PID=446) to work on /opt/airflow/dags/pipeline_dag.py
[2026-05-04T15:57:05.624+0000] {processor.py:830} INFO - Processing file /opt/airflow/dags/pipeline_dag.py for tasks to queue
[2026-05-04T15:57:05.626+0000] {logging_mixin.py:188} INFO - [2026-05-04T15:57:05.626+0000] {dagbag.py:545} INFO - Filling up the DagBag from /opt/airflow/dags/pipeline_dag.py
[2026-05-04T15:57:05.648+0000] {processor.py:840} INFO - DAG(s) 'ecommerce_pipeline' retrieved from /opt/airflow/dags/pipeline_dag.py
[2026-05-04T15:57:05.687+0000] {logging_mixin.py:188} INFO - [2026-05-04T15:57:05.686+0000] {dag.py:3096} INFO - Sync 1 DAGs
[2026-05-04T15:57:05.709+0000] {logging_mixin.py:188} INFO - [2026-05-04T15:57:05.709+0000] {dag.py:3954} INFO - Setting next_dagrun for ecommerce_pipeline to 2026-05-04 00:00:00+00:00, run_after=2026-05-05 00:00:00+00:00
[2026-05-04T15:57:05.731+0000] {processor.py:183} INFO - Processing /opt/airflow/dags/pipeline_dag.py took 0.114 seconds
[2026-05-04T15:57:36.654+0000] {processor.py:161} INFO - Started process (PID=451) to work on /opt/airflow/dags/pipeline_dag.py
[2026-05-04T15:57:36.655+0000] {processor.py:830} INFO - Processing file /opt/airflow/dags/pipeline_dag.py for tasks to queue
[2026-05-04T15:57:36.658+0000] {logging_mixin.py:188} INFO - [2026-05-04T15:57:36.657+0000] {dagbag.py:545} INFO - Filling up the DagBag from /opt/airflow/dags/pipeline_dag.py
[2026-05-04T15:57:36.680+0000] {processor.py:840} INFO - DAG(s) 'ecommerce_pipeline' retrieved from /opt/airflow/dags/pipeline_dag.py
[2026-05-04T15:57:36.716+0000] {logging_mixin.py:188} INFO - [2026-05-04T15:57:36.716+0000] {dag.py:3096} INFO - Sync 1 DAGs
[2026-05-04T15:57:36.738+0000] {logging_mixin.py:188} INFO - [2026-05-04T15:57:36.737+0000] {dag.py:3954} INFO - Setting next_dagrun for ecommerce_pipeline to 2026-05-04 00:00:00+00:00, run_after=2026-05-05 00:00:00+00:00
[2026-05-04T15:57:36.763+0000] {processor.py:183} INFO - Processing /opt/airflow/dags/pipeline_dag.py took 0.114 seconds
[2026-05-04T15:58:07.176+0000] {processor.py:161} INFO - Started process (PID=456) to work on /opt/airflow/dags/pipeline_dag.py
[2026-05-04T15:58:07.177+0000] {processor.py:830} INFO - Processing file /opt/airflow/dags/pipeline_dag.py for tasks to queue
[2026-05-04T15:58:07.180+0000] {logging_mixin.py:188} INFO - [2026-05-04T15:58:07.179+0000] {dagbag.py:545} INFO - Filling up the DagBag from /opt/airflow/dags/pipeline_dag.py
[2026-05-04T15:58:07.207+0000] {processor.py:840} INFO - DAG(s) 'ecommerce_pipeline' retrieved from /opt/airflow/dags/pipeline_dag.py
[2026-05-04T15:58:07.254+0000] {logging_mixin.py:188} INFO - [2026-05-04T15:58:07.254+0000] {dag.py:3096} INFO - Sync 1 DAGs
[2026-05-04T15:58:07.283+0000] {logging_mixin.py:188} INFO - [2026-05-04T15:58:07.282+0000] {dag.py:3954} INFO - Setting next_dagrun for ecommerce_pipeline to 2026-05-04 00:00:00+00:00, run_after=2026-05-05 00:00:00+00:00
[2026-05-04T15:58:07.314+0000] {processor.py:183} INFO - Processing /opt/airflow/dags/pipeline_dag.py took 0.144 seconds
[2026-05-04T15:58:38.275+0000] {processor.py:161} INFO - Started process (PID=461) to work on /opt/airflow/dags/pipeline_dag.py
[2026-05-04T15:58:38.276+0000] {processor.py:830} INFO - Processing file /opt/airflow/dags/pipeline_dag.py for tasks to queue
[2026-05-04T15:58:38.278+0000] {logging_mixin.py:188} INFO - [2026-05-04T15:58:38.278+0000] {dagbag.py:545} INFO - Filling up the DagBag from /opt/airflow/dags/pipeline_dag.py
[2026-05-04T15:58:38.304+0000] {processor.py:840} INFO - DAG(s) 'ecommerce_pipeline' retrieved from /opt/airflow/dags/pipeline_dag.py
[2026-05-04T15:58:38.348+0000] {logging_mixin.py:188} INFO - [2026-05-04T15:58:38.348+0000] {dag.py:3096} INFO - Sync 1 DAGs
[2026-05-04T15:58:38.373+0000] {logging_mixin.py:188} INFO - [2026-05-04T15:58:38.373+0000] {dag.py:3954} INFO - Setting next_dagrun for ecommerce_pipeline to 2026-05-04 00:00:00+00:00, run_after=2026-05-05 00:00:00+00:00
[2026-05-04T15:58:38.398+0000] {processor.py:183} INFO - Processing /opt/airflow/dags/pipeline_dag.py took 0.130 seconds
[2026-05-04T15:59:09.216+0000] {processor.py:161} INFO - Started process (PID=466) to work on /opt/airflow/dags/pipeline_dag.py
[2026-05-04T15:59:09.218+0000] {processor.py:830} INFO - Processing file /opt/airflow/dags/pipeline_dag.py for tasks to queue
[2026-05-04T15:59:09.220+0000] {logging_mixin.py:188} INFO - [2026-05-04T15:59:09.219+0000] {dagbag.py:545} INFO - Filling up the DagBag from /opt/airflow/dags/pipeline_dag.py
[2026-05-04T15:59:09.240+0000] {processor.py:840} INFO - DAG(s) 'ecommerce_pipeline' retrieved from /opt/airflow/dags/pipeline_dag.py
[2026-05-04T15:59:09.280+0000] {logging_mixin.py:188} INFO - [2026-05-04T15:59:09.279+0000] {dag.py:3096} INFO - Sync 1 DAGs
[2026-05-04T15:59:09.308+0000] {logging_mixin.py:188} INFO - [2026-05-04T15:59:09.308+0000] {dag.py:3954} INFO - Setting next_dagrun for ecommerce_pipeline to 2026-05-04 00:00:00+00:00, run_after=2026-05-05 00:00:00+00:00
[2026-05-04T15:59:09.333+0000] {processor.py:183} INFO - Processing /opt/airflow/dags/pipeline_dag.py took 0.122 seconds
[2026-05-04T15:59:39.879+0000] {processor.py:161} INFO - Started process (PID=471) to work on /opt/airflow/dags/pipeline_dag.py
[2026-05-04T15:59:39.881+0000] {processor.py:830} INFO - Processing file /opt/airflow/dags/pipeline_dag.py for tasks to queue
[2026-05-04T15:59:39.883+0000] {logging_mixin.py:188} INFO - [2026-05-04T15:59:39.883+0000] {dagbag.py:545} INFO - Filling up the DagBag from /opt/airflow/dags/pipeline_dag.py
[2026-05-04T15:59:39.907+0000] {processor.py:840} INFO - DAG(s) 'ecommerce_pipeline' retrieved from /opt/airflow/dags/pipeline_dag.py
[2026-05-04T15:59:39.948+0000] {logging_mixin.py:188} INFO - [2026-05-04T15:59:39.948+0000] {dag.py:3096} INFO - Sync 1 DAGs
[2026-05-04T15:59:39.973+0000] {logging_mixin.py:188} INFO - [2026-05-04T15:59:39.972+0000] {dag.py:3954} INFO - Setting next_dagrun for ecommerce_pipeline to 2026-05-04 00:00:00+00:00, run_after=2026-05-05 00:00:00+00:00
[2026-05-04T15:59:40.001+0000] {processor.py:183} INFO - Processing /opt/airflow/dags/pipeline_dag.py took 0.127 seconds
[2026-05-04T16:00:10.830+0000] {processor.py:161} INFO - Started process (PID=476) to work on /opt/airflow/dags/pipeline_dag.py
[2026-05-04T16:00:10.831+0000] {processor.py:830} INFO - Processing file /opt/airflow/dags/pipeline_dag.py for tasks to queue
[2026-05-04T16:00:10.833+0000] {logging_mixin.py:188} INFO - [2026-05-04T16:00:10.833+0000] {dagbag.py:545} INFO - Filling up the DagBag from /opt/airflow/dags/pipeline_dag.py
[2026-05-04T16:00:10.855+0000] {processor.py:840} INFO - DAG(s) 'ecommerce_pipeline' retrieved from /opt/airflow/dags/pipeline_dag.py
[2026-05-04T16:00:10.894+0000] {logging_mixin.py:188} INFO - [2026-05-04T16:00:10.894+0000] {dag.py:3096} INFO - Sync 1 DAGs
[2026-05-04T16:00:10.918+0000] {logging_mixin.py:188} INFO - [2026-05-04T16:00:10.918+0000] {dag.py:3954} INFO - Setting next_dagrun for ecommerce_pipeline to 2026-05-04 00:00:00+00:00, run_after=2026-05-05 00:00:00+00:00
[2026-05-04T16:00:10.941+0000] {processor.py:183} INFO - Processing /opt/airflow/dags/pipeline_dag.py took 0.116 seconds
[2026-05-04T16:00:41.516+0000] {processor.py:161} INFO - Started process (PID=481) to work on /opt/airflow/dags/pipeline_dag.py
[2026-05-04T16:00:41.517+0000] {processor.py:830} INFO - Processing file /opt/airflow/dags/pipeline_dag.py for tasks to queue
[2026-05-04T16:00:41.519+0000] {logging_mixin.py:188} INFO - [2026-05-04T16:00:41.518+0000] {dagbag.py:545} INFO - Filling up the DagBag from /opt/airflow/dags/pipeline_dag.py
[2026-05-04T16:00:41.538+0000] {processor.py:840} INFO - DAG(s) 'ecommerce_pipeline' retrieved from /opt/airflow/dags/pipeline_dag.py
[2026-05-04T16:00:41.575+0000] {logging_mixin.py:188} INFO - [2026-05-04T16:00:41.575+0000] {dag.py:3096} INFO - Sync 1 DAGs
[2026-05-04T16:00:41.599+0000] {logging_mixin.py:188} INFO - [2026-05-04T16:00:41.598+0000] {dag.py:3954} INFO - Setting next_dagrun for ecommerce_pipeline to 2026-05-04 00:00:00+00:00, run_after=2026-05-05 00:00:00+00:00
[2026-05-04T16:00:41.624+0000] {processor.py:183} INFO - Processing /opt/airflow/dags/pipeline_dag.py took 0.113 seconds
[2026-05-04T16:01:12.069+0000] {processor.py:161} INFO - Started process (PID=486) to work on /opt/airflow/dags/pipeline_dag.py
[2026-05-04T16:01:12.070+0000] {processor.py:830} INFO - Processing file /opt/airflow/dags/pipeline_dag.py for tasks to queue
[2026-05-04T16:01:12.073+0000] {logging_mixin.py:188} INFO - [2026-05-04T16:01:12.072+0000] {dagbag.py:545} INFO - Filling up the DagBag from /opt/airflow/dags/pipeline_dag.py
[2026-05-04T16:01:12.095+0000] {processor.py:840} INFO - DAG(s) 'ecommerce_pipeline' retrieved from /opt/airflow/dags/pipeline_dag.py
[2026-05-04T16:01:12.142+0000] {logging_mixin.py:188} INFO - [2026-05-04T16:01:12.142+0000] {dag.py:3096} INFO - Sync 1 DAGs
[2026-05-04T16:01:12.169+0000] {logging_mixin.py:188} INFO - [2026-05-04T16:01:12.169+0000] {dag.py:3954} INFO - Setting next_dagrun for ecommerce_pipeline to 2026-05-04 00:00:00+00:00, run_after=2026-05-05 00:00:00+00:00
[2026-05-04T16:01:12.196+0000] {processor.py:183} INFO - Processing /opt/airflow/dags/pipeline_dag.py took 0.134 seconds
[2026-05-04T16:01:42.663+0000] {processor.py:161} INFO - Started process (PID=491) to work on /opt/airflow/dags/pipeline_dag.py
[2026-05-04T16:01:42.664+0000] {processor.py:830} INFO - Processing file /opt/airflow/dags/pipeline_dag.py for tasks to queue
[2026-05-04T16:01:42.666+0000] {logging_mixin.py:188} INFO - [2026-05-04T16:01:42.666+0000] {dagbag.py:545} INFO - Filling up the DagBag from /opt/airflow/dags/pipeline_dag.py
[2026-05-04T16:01:42.686+0000] {processor.py:840} INFO - DAG(s) 'ecommerce_pipeline' retrieved from /opt/airflow/dags/pipeline_dag.py
[2026-05-04T16:01:42.722+0000] {logging_mixin.py:188} INFO - [2026-05-04T16:01:42.722+0000] {dag.py:3096} INFO - Sync 1 DAGs
[2026-05-04T16:01:42.744+0000] {logging_mixin.py:188} INFO - [2026-05-04T16:01:42.744+0000] {dag.py:3954} INFO - Setting next_dagrun for ecommerce_pipeline to 2026-05-04 00:00:00+00:00, run_after=2026-05-05 00:00:00+00:00
[2026-05-04T16:01:42.771+0000] {processor.py:183} INFO - Processing /opt/airflow/dags/pipeline_dag.py took 0.114 seconds
[2026-05-04T16:02:13.265+0000] {processor.py:161} INFO - Started process (PID=496) to work on /opt/airflow/dags/pipeline_dag.py
[2026-05-04T16:02:13.266+0000] {processor.py:830} INFO - Processing file /opt/airflow/dags/pipeline_dag.py for tasks to queue
[2026-05-04T16:02:13.269+0000] {logging_mixin.py:188} INFO - [2026-05-04T16:02:13.268+0000] {dagbag.py:545} INFO - Filling up the DagBag from /opt/airflow/dags/pipeline_dag.py
[2026-05-04T16:02:13.292+0000] {processor.py:840} INFO - DAG(s) 'ecommerce_pipeline' retrieved from /opt/airflow/dags/pipeline_dag.py
[2026-05-04T16:02:13.332+0000] {logging_mixin.py:188} INFO - [2026-05-04T16:02:13.331+0000] {dag.py:3096} INFO - Sync 1 DAGs
[2026-05-04T16:02:13.353+0000] {logging_mixin.py:188} INFO - [2026-05-04T16:02:13.353+0000] {dag.py:3954} INFO - Setting next_dagrun for ecommerce_pipeline to 2026-05-04 00:00:00+00:00, run_after=2026-05-05 00:00:00+00:00
[2026-05-04T16:02:13.377+0000] {processor.py:183} INFO - Processing /opt/airflow/dags/pipeline_dag.py took 0.120 seconds
[2026-05-04T16:02:44.267+0000] {processor.py:161} INFO - Started process (PID=501) to work on /opt/airflow/dags/pipeline_dag.py
[2026-05-04T16:02:44.268+0000] {processor.py:830} INFO - Processing file /opt/airflow/dags/pipeline_dag.py for tasks to queue
[2026-05-04T16:02:44.270+0000] {logging_mixin.py:188} INFO - [2026-05-04T16:02:44.269+0000] {dagbag.py:545} INFO - Filling up the DagBag from /opt/airflow/dags/pipeline_dag.py
[2026-05-04T16:02:44.292+0000] {processor.py:840} INFO - DAG(s) 'ecommerce_pipeline' retrieved from /opt/airflow/dags/pipeline_dag.py
[2026-05-04T16:02:44.334+0000] {logging_mixin.py:188} INFO - [2026-05-04T16:02:44.334+0000] {dag.py:3096} INFO - Sync 1 DAGs
[2026-05-04T16:02:44.356+0000] {logging_mixin.py:188} INFO - [2026-05-04T16:02:44.356+0000] {dag.py:3954} INFO - Setting next_dagrun for ecommerce_pipeline to 2026-05-04 00:00:00+00:00, run_after=2026-05-05 00:00:00+00:00
[2026-05-04T16:02:44.381+0000] {processor.py:183} INFO - Processing /opt/airflow/dags/pipeline_dag.py took 0.119 seconds
[2026-05-04T16:03:15.232+0000] {processor.py:161} INFO - Started process (PID=506) to work on /opt/airflow/dags/pipeline_dag.py
[2026-05-04T16:03:15.234+0000] {processor.py:830} INFO - Processing file /opt/airflow/dags/pipeline_dag.py for tasks to queue
[2026-05-04T16:03:15.236+0000] {logging_mixin.py:188} INFO - [2026-05-04T16:03:15.236+0000] {dagbag.py:545} INFO - Filling up the DagBag from /opt/airflow/dags/pipeline_dag.py
[2026-05-04T16:03:15.261+0000] {processor.py:840} INFO - DAG(s) 'ecommerce_pipeline' retrieved from /opt/airflow/dags/pipeline_dag.py
[2026-05-04T16:03:15.301+0000] {logging_mixin.py:188} INFO - [2026-05-04T16:03:15.300+0000] {dag.py:3096} INFO - Sync 1 DAGs
[2026-05-04T16:03:15.326+0000] {logging_mixin.py:188} INFO - [2026-05-04T16:03:15.326+0000] {dag.py:3954} INFO - Setting next_dagrun for ecommerce_pipeline to 2026-05-04 00:00:00+00:00, run_after=2026-05-05 00:00:00+00:00
[2026-05-04T16:03:15.350+0000] {processor.py:183} INFO - Processing /opt/airflow/dags/pipeline_dag.py took 0.124 seconds
[2026-05-04T16:03:46.248+0000] {processor.py:161} INFO - Started process (PID=511) to work on /opt/airflow/dags/pipeline_dag.py
[2026-05-04T16:03:46.249+0000] {processor.py:830} INFO - Processing file /opt/airflow/dags/pipeline_dag.py for tasks to queue
[2026-05-04T16:03:46.251+0000] {logging_mixin.py:188} INFO - [2026-05-04T16:03:46.250+0000] {dagbag.py:545} INFO - Filling up the DagBag from /opt/airflow/dags/pipeline_dag.py
[2026-05-04T16:03:46.271+0000] {processor.py:840} INFO - DAG(s) 'ecommerce_pipeline' retrieved from /opt/airflow/dags/pipeline_dag.py
[2026-05-04T16:03:46.308+0000] {logging_mixin.py:188} INFO - [2026-05-04T16:03:46.308+0000] {dag.py:3096} INFO - Sync 1 DAGs
[2026-05-04T16:03:46.333+0000] {logging_mixin.py:188} INFO - [2026-05-04T16:03:46.333+0000] {dag.py:3954} INFO - Setting next_dagrun for ecommerce_pipeline to 2026-05-04 00:00:00+00:00, run_after=2026-05-05 00:00:00+00:00
[2026-05-04T16:03:46.358+0000] {processor.py:183} INFO - Processing /opt/airflow/dags/pipeline_dag.py took 0.116 seconds
[2026-05-04T16:04:17.159+0000] {processor.py:161} INFO - Started process (PID=516) to work on /opt/airflow/dags/pipeline_dag.py
[2026-05-04T16:04:17.160+0000] {processor.py:830} INFO - Processing file /opt/airflow/dags/pipeline_dag.py for tasks to queue
[2026-05-04T16:04:17.162+0000] {logging_mixin.py:188} INFO - [2026-05-04T16:04:17.161+0000] {dagbag.py:545} INFO - Filling up the DagBag from /opt/airflow/dags/pipeline_dag.py
[2026-05-04T16:04:17.181+0000] {processor.py:840} INFO - DAG(s) 'ecommerce_pipeline' retrieved from /opt/airflow/dags/pipeline_dag.py
[2026-05-04T16:04:17.224+0000] {logging_mixin.py:188} INFO - [2026-05-04T16:04:17.224+0000] {dag.py:3096} INFO - Sync 1 DAGs
[2026-05-04T16:04:17.253+0000] {logging_mixin.py:188} INFO - [2026-05-04T16:04:17.252+0000] {dag.py:3954} INFO - Setting next_dagrun for ecommerce_pipeline to 2026-05-04 00:00:00+00:00, run_after=2026-05-05 00:00:00+00:00
[2026-05-04T16:04:17.276+0000] {processor.py:183} INFO - Processing /opt/airflow/dags/pipeline_dag.py took 0.124 seconds
[2026-05-04T16:04:48.220+0000] {processor.py:161} INFO - Started process (PID=521) to work on /opt/airflow/dags/pipeline_dag.py
[2026-05-04T16:04:48.222+0000] {processor.py:830} INFO - Processing file /opt/airflow/dags/pipeline_dag.py for tasks to queue
[2026-05-04T16:04:48.225+0000] {logging_mixin.py:188} INFO - [2026-05-04T16:04:48.224+0000] {dagbag.py:545} INFO - Filling up the DagBag from /opt/airflow/dags/pipeline_dag.py
[2026-05-04T16:04:48.251+0000] {processor.py:840} INFO - DAG(s) 'ecommerce_pipeline' retrieved from /opt/airflow/dags/pipeline_dag.py
[2026-05-04T16:04:48.288+0000] {logging_mixin.py:188} INFO - [2026-05-04T16:04:48.288+0000] {dag.py:3096} INFO - Sync 1 DAGs
[2026-05-04T16:04:48.312+0000] {logging_mixin.py:188} INFO - [2026-05-04T16:04:48.311+0000] {dag.py:3954} INFO - Setting next_dagrun for ecommerce_pipeline to 2026-05-04 00:00:00+00:00, run_after=2026-05-05 00:00:00+00:00
[2026-05-04T16:04:48.335+0000] {processor.py:183} INFO - Processing /opt/airflow/dags/pipeline_dag.py took 0.122 seconds
[2026-05-04T16:05:19.150+0000] {processor.py:161} INFO - Started process (PID=526) to work on /opt/airflow/dags/pipeline_dag.py
[2026-05-04T16:05:19.152+0000] {processor.py:830} INFO - Processing file /opt/airflow/dags/pipeline_dag.py for tasks to queue
[2026-05-04T16:05:19.154+0000] {logging_mixin.py:188} INFO - [2026-05-04T16:05:19.154+0000] {dagbag.py:545} INFO - Filling up the DagBag from /opt/airflow/dags/pipeline_dag.py
[2026-05-04T16:05:19.177+0000] {processor.py:840} INFO - DAG(s) 'ecommerce_pipeline' retrieved from /opt/airflow/dags/pipeline_dag.py
[2026-05-04T16:05:19.221+0000] {logging_mixin.py:188} INFO - [2026-05-04T16:05:19.221+0000] {dag.py:3096} INFO - Sync 1 DAGs
[2026-05-04T16:05:19.252+0000] {logging_mixin.py:188} INFO - [2026-05-04T16:05:19.252+0000] {dag.py:3954} INFO - Setting next_dagrun for ecommerce_pipeline to 2026-05-04 00:00:00+00:00, run_after=2026-05-05 00:00:00+00:00
[2026-05-04T16:05:19.274+0000] {processor.py:183} INFO - Processing /opt/airflow/dags/pipeline_dag.py took 0.131 seconds
[2026-05-04T16:05:50.184+0000] {processor.py:161} INFO - Started process (PID=531) to work on /opt/airflow/dags/pipeline_dag.py
[2026-05-04T16:05:50.185+0000] {processor.py:830} INFO - Processing file /opt/airflow/dags/pipeline_dag.py for tasks to queue
[2026-05-04T16:05:50.187+0000] {logging_mixin.py:188} INFO - [2026-05-04T16:05:50.187+0000] {dagbag.py:545} INFO - Filling up the DagBag from /opt/airflow/dags/pipeline_dag.py
[2026-05-04T16:05:50.212+0000] {processor.py:840} INFO - DAG(s) 'ecommerce_pipeline' retrieved from /opt/airflow/dags/pipeline_dag.py
[2026-05-04T16:05:50.250+0000] {logging_mixin.py:188} INFO - [2026-05-04T16:05:50.249+0000] {dag.py:3096} INFO - Sync 1 DAGs
[2026-05-04T16:05:50.273+0000] {logging_mixin.py:188} INFO - [2026-05-04T16:05:50.273+0000] {dag.py:3954} INFO - Setting next_dagrun for ecommerce_pipeline to 2026-05-04 00:00:00+00:00, run_after=2026-05-05 00:00:00+00:00
[2026-05-04T16:05:50.297+0000] {processor.py:183} INFO - Processing /opt/airflow/dags/pipeline_dag.py took 0.121 seconds
[2026-05-04T16:06:21.174+0000] {processor.py:161} INFO - Started process (PID=536) to work on /opt/airflow/dags/pipeline_dag.py
[2026-05-04T16:06:21.175+0000] {processor.py:830} INFO - Processing file /opt/airflow/dags/pipeline_dag.py for tasks to queue
[2026-05-04T16:06:21.177+0000] {logging_mixin.py:188} INFO - [2026-05-04T16:06:21.177+0000] {dagbag.py:545} INFO - Filling up the DagBag from /opt/airflow/dags/pipeline_dag.py
[2026-05-04T16:06:21.199+0000] {processor.py:840} INFO - DAG(s) 'ecommerce_pipeline' retrieved from /opt/airflow/dags/pipeline_dag.py
[2026-05-04T16:06:21.237+0000] {logging_mixin.py:188} INFO - [2026-05-04T16:06:21.237+0000] {dag.py:3096} INFO - Sync 1 DAGs
[2026-05-04T16:06:21.260+0000] {logging_mixin.py:188} INFO - [2026-05-04T16:06:21.260+0000] {dag.py:3954} INFO - Setting next_dagrun for ecommerce_pipeline to 2026-05-04 00:00:00+00:00, run_after=2026-05-05 00:00:00+00:00
[2026-05-04T16:06:21.283+0000] {processor.py:183} INFO - Processing /opt/airflow/dags/pipeline_dag.py took 0.115 seconds
[2026-05-04T16:06:52.265+0000] {processor.py:161} INFO - Started process (PID=541) to work on /opt/airflow/dags/pipeline_dag.py
[2026-05-04T16:06:52.266+0000] {processor.py:830} INFO - Processing file /opt/airflow/dags/pipeline_dag.py for tasks to queue
[2026-05-04T16:06:52.270+0000] {logging_mixin.py:188} INFO - [2026-05-04T16:06:52.269+0000] {dagbag.py:545} INFO - Filling up the DagBag from /opt/airflow/dags/pipeline_dag.py
[2026-05-04T16:06:52.295+0000] {processor.py:840} INFO - DAG(s) 'ecommerce_pipeline' retrieved from /opt/airflow/dags/pipeline_dag.py
[2026-05-04T16:06:52.328+0000] {logging_mixin.py:188} INFO - [2026-05-04T16:06:52.328+0000] {dag.py:3096} INFO - Sync 1 DAGs
[2026-05-04T16:06:52.350+0000] {logging_mixin.py:188} INFO - [2026-05-04T16:06:52.349+0000] {dag.py:3954} INFO - Setting next_dagrun for ecommerce_pipeline to 2026-05-04 00:00:00+00:00, run_after=2026-05-05 00:00:00+00:00
[2026-05-04T16:06:52.377+0000] {processor.py:183} INFO - Processing /opt/airflow/dags/pipeline_dag.py took 0.117 seconds
[2026-05-04T16:07:22.799+0000] {processor.py:161} INFO - Started process (PID=546) to work on /opt/airflow/dags/pipeline_dag.py
[2026-05-04T16:07:22.800+0000] {processor.py:830} INFO - Processing file /opt/airflow/dags/pipeline_dag.py for tasks to queue
[2026-05-04T16:07:22.802+0000] {logging_mixin.py:188} INFO - [2026-05-04T16:07:22.802+0000] {dagbag.py:545} INFO - Filling up the DagBag from /opt/airflow/dags/pipeline_dag.py
[2026-05-04T16:07:22.822+0000] {processor.py:840} INFO - DAG(s) 'ecommerce_pipeline' retrieved from /opt/airflow/dags/pipeline_dag.py
[2026-05-04T16:07:22.867+0000] {logging_mixin.py:188} INFO - [2026-05-04T16:07:22.867+0000] {dag.py:3096} INFO - Sync 1 DAGs
[2026-05-04T16:07:22.892+0000] {logging_mixin.py:188} INFO - [2026-05-04T16:07:22.892+0000] {dag.py:3954} INFO - Setting next_dagrun for ecommerce_pipeline to 2026-05-04 00:00:00+00:00, run_after=2026-05-05 00:00:00+00:00
[2026-05-04T16:07:22.913+0000] {processor.py:183} INFO - Processing /opt/airflow/dags/pipeline_dag.py took 0.119 seconds
[2026-05-04T16:39:46.547+0000] {processor.py:161} INFO - Started process (PID=551) to work on /opt/airflow/dags/pipeline_dag.py
[2026-05-04T16:39:46.549+0000] {processor.py:830} INFO - Processing file /opt/airflow/dags/pipeline_dag.py for tasks to queue
[2026-05-04T16:39:46.562+0000] {logging_mixin.py:188} INFO - [2026-05-04T16:39:46.561+0000] {dagbag.py:545} INFO - Filling up the DagBag from /opt/airflow/dags/pipeline_dag.py
[2026-05-04T16:39:46.619+0000] {processor.py:840} INFO - DAG(s) 'ecommerce_pipeline' retrieved from /opt/airflow/dags/pipeline_dag.py
[2026-05-04T16:39:46.823+0000] {logging_mixin.py:188} INFO - [2026-05-04T16:39:46.822+0000] {dag.py:3096} INFO - Sync 1 DAGs
[2026-05-04T16:39:46.917+0000] {logging_mixin.py:188} INFO - [2026-05-04T16:39:46.916+0000] {dag.py:3954} INFO - Setting next_dagrun for ecommerce_pipeline to 2026-05-04 00:00:00+00:00, run_after=2026-05-05 00:00:00+00:00
[2026-05-04T16:39:46.994+0000] {processor.py:183} INFO - Processing /opt/airflow/dags/pipeline_dag.py took 0.469 seconds
[2026-05-04T17:05:37.129+0000] {processor.py:161} INFO - Started process (PID=556) to work on /opt/airflow/dags/pipeline_dag.py
[2026-05-04T17:05:37.145+0000] {processor.py:830} INFO - Processing file /opt/airflow/dags/pipeline_dag.py for tasks to queue
[2026-05-04T17:05:37.160+0000] {logging_mixin.py:188} INFO - [2026-05-04T17:05:37.159+0000] {dagbag.py:545} INFO - Filling up the DagBag from /opt/airflow/dags/pipeline_dag.py
[2026-05-04T17:05:37.250+0000] {processor.py:840} INFO - DAG(s) 'ecommerce_pipeline' retrieved from /opt/airflow/dags/pipeline_dag.py
[2026-05-04T17:05:37.355+0000] {logging_mixin.py:188} INFO - [2026-05-04T17:05:37.355+0000] {dag.py:3096} INFO - Sync 1 DAGs
[2026-05-04T17:05:37.408+0000] {logging_mixin.py:188} INFO - [2026-05-04T17:05:37.408+0000] {dag.py:3954} INFO - Setting next_dagrun for ecommerce_pipeline to 2026-05-04 00:00:00+00:00, run_after=2026-05-05 00:00:00+00:00
[2026-05-04T17:05:37.452+0000] {processor.py:183} INFO - Processing /opt/airflow/dags/pipeline_dag.py took 0.360 seconds
[2026-05-04T17:06:08.098+0000] {processor.py:161} INFO - Started process (PID=561) to work on /opt/airflow/dags/pipeline_dag.py
[2026-05-04T17:06:08.100+0000] {processor.py:830} INFO - Processing file /opt/airflow/dags/pipeline_dag.py for tasks to queue
[2026-05-04T17:06:08.104+0000] {logging_mixin.py:188} INFO - [2026-05-04T17:06:08.104+0000] {dagbag.py:545} INFO - Filling up the DagBag from /opt/airflow/dags/pipeline_dag.py
[2026-05-04T17:06:08.182+0000] {processor.py:840} INFO - DAG(s) 'ecommerce_pipeline' retrieved from /opt/airflow/dags/pipeline_dag.py
[2026-05-04T17:06:08.265+0000] {logging_mixin.py:188} INFO - [2026-05-04T17:06:08.265+0000] {dag.py:3096} INFO - Sync 1 DAGs
[2026-05-04T17:06:08.334+0000] {logging_mixin.py:188} INFO - [2026-05-04T17:06:08.333+0000] {dag.py:3954} INFO - Setting next_dagrun for ecommerce_pipeline to 2026-05-04 00:00:00+00:00, run_after=2026-05-05 00:00:00+00:00
[2026-05-04T17:06:08.366+0000] {processor.py:183} INFO - Processing /opt/airflow/dags/pipeline_dag.py took 0.367 seconds
[2026-05-04T17:06:38.646+0000] {processor.py:161} INFO - Started process (PID=566) to work on /opt/airflow/dags/pipeline_dag.py
[2026-05-04T17:06:38.647+0000] {processor.py:830} INFO - Processing file /opt/airflow/dags/pipeline_dag.py for tasks to queue
[2026-05-04T17:06:38.651+0000] {logging_mixin.py:188} INFO - [2026-05-04T17:06:38.650+0000] {dagbag.py:545} INFO - Filling up the DagBag from /opt/airflow/dags/pipeline_dag.py
[2026-05-04T17:06:38.674+0000] {processor.py:840} INFO - DAG(s) 'ecommerce_pipeline' retrieved from /opt/airflow/dags/pipeline_dag.py
[2026-05-04T17:06:38.712+0000] {logging_mixin.py:188} INFO - [2026-05-04T17:06:38.712+0000] {dag.py:3096} INFO - Sync 1 DAGs
[2026-05-04T17:06:38.736+0000] {logging_mixin.py:188} INFO - [2026-05-04T17:06:38.736+0000] {dag.py:3954} INFO - Setting next_dagrun for ecommerce_pipeline to 2026-05-04 00:00:00+00:00, run_after=2026-05-05 00:00:00+00:00
[2026-05-04T17:06:38.765+0000] {processor.py:183} INFO - Processing /opt/airflow/dags/pipeline_dag.py took 0.125 seconds
[2026-05-04T17:07:09.113+0000] {processor.py:161} INFO - Started process (PID=571) to work on /opt/airflow/dags/pipeline_dag.py
[2026-05-04T17:07:09.114+0000] {processor.py:830} INFO - Processing file /opt/airflow/dags/pipeline_dag.py for tasks to queue
[2026-05-04T17:07:09.116+0000] {logging_mixin.py:188} INFO - [2026-05-04T17:07:09.115+0000] {dagbag.py:545} INFO - Filling up the DagBag from /opt/airflow/dags/pipeline_dag.py
[2026-05-04T17:07:09.135+0000] {processor.py:840} INFO - DAG(s) 'ecommerce_pipeline' retrieved from /opt/airflow/dags/pipeline_dag.py
[2026-05-04T17:07:09.176+0000] {logging_mixin.py:188} INFO - [2026-05-04T17:07:09.175+0000] {dag.py:3096} INFO - Sync 1 DAGs
[2026-05-04T17:07:09.196+0000] {logging_mixin.py:188} INFO - [2026-05-04T17:07:09.196+0000] {dag.py:3954} INFO - Setting next_dagrun for ecommerce_pipeline to 2026-05-04 00:00:00+00:00, run_after=2026-05-05 00:00:00+00:00
[2026-05-04T17:07:09.223+0000] {processor.py:183} INFO - Processing /opt/airflow/dags/pipeline_dag.py took 0.116 seconds
[2026-05-04T17:07:39.684+0000] {processor.py:161} INFO - Started process (PID=576) to work on /opt/airflow/dags/pipeline_dag.py
[2026-05-04T17:07:39.685+0000] {processor.py:830} INFO - Processing file /opt/airflow/dags/pipeline_dag.py for tasks to queue
[2026-05-04T17:07:39.687+0000] {logging_mixin.py:188} INFO - [2026-05-04T17:07:39.687+0000] {dagbag.py:545} INFO - Filling up the DagBag from /opt/airflow/dags/pipeline_dag.py
[2026-05-04T17:07:39.708+0000] {processor.py:840} INFO - DAG(s) 'ecommerce_pipeline' retrieved from /opt/airflow/dags/pipeline_dag.py
[2026-05-04T17:07:39.742+0000] {logging_mixin.py:188} INFO - [2026-05-04T17:07:39.742+0000] {dag.py:3096} INFO - Sync 1 DAGs
[2026-05-04T17:07:39.771+0000] {logging_mixin.py:188} INFO - [2026-05-04T17:07:39.771+0000] {dag.py:3954} INFO - Setting next_dagrun for ecommerce_pipeline to 2026-05-04 00:00:00+00:00, run_after=2026-05-05 00:00:00+00:00
[2026-05-04T17:07:39.790+0000] {processor.py:183} INFO - Processing /opt/airflow/dags/pipeline_dag.py took 0.111 seconds
[2026-05-04T17:08:10.354+0000] {processor.py:161} INFO - Started process (PID=581) to work on /opt/airflow/dags/pipeline_dag.py
[2026-05-04T17:08:10.356+0000] {processor.py:830} INFO - Processing file /opt/airflow/dags/pipeline_dag.py for tasks to queue
[2026-05-04T17:08:10.357+0000] {logging_mixin.py:188} INFO - [2026-05-04T17:08:10.357+0000] {dagbag.py:545} INFO - Filling up the DagBag from /opt/airflow/dags/pipeline_dag.py
[2026-05-04T17:08:10.379+0000] {processor.py:840} INFO - DAG(s) 'ecommerce_pipeline' retrieved from /opt/airflow/dags/pipeline_dag.py
[2026-05-04T17:08:10.416+0000] {logging_mixin.py:188} INFO - [2026-05-04T17:08:10.416+0000] {dag.py:3096} INFO - Sync 1 DAGs
[2026-05-04T17:08:10.440+0000] {logging_mixin.py:188} INFO - [2026-05-04T17:08:10.439+0000] {dag.py:3954} INFO - Setting next_dagrun for ecommerce_pipeline to 2026-05-04 00:00:00+00:00, run_after=2026-05-05 00:00:00+00:00
[2026-05-04T17:08:10.462+0000] {processor.py:183} INFO - Processing /opt/airflow/dags/pipeline_dag.py took 0.113 seconds
[2026-05-04T17:08:40.755+0000] {processor.py:161} INFO - Started process (PID=586) to work on /opt/airflow/dags/pipeline_dag.py
[2026-05-04T17:08:40.756+0000] {processor.py:830} INFO - Processing file /opt/airflow/dags/pipeline_dag.py for tasks to queue
[2026-05-04T17:08:40.758+0000] {logging_mixin.py:188} INFO - [2026-05-04T17:08:40.758+0000] {dagbag.py:545} INFO - Filling up the DagBag from /opt/airflow/dags/pipeline_dag.py
[2026-05-04T17:08:40.779+0000] {processor.py:840} INFO - DAG(s) 'ecommerce_pipeline' retrieved from /opt/airflow/dags/pipeline_dag.py
[2026-05-04T17:08:40.815+0000] {logging_mixin.py:188} INFO - [2026-05-04T17:08:40.815+0000] {dag.py:3096} INFO - Sync 1 DAGs
[2026-05-04T17:08:40.838+0000] {logging_mixin.py:188} INFO - [2026-05-04T17:08:40.838+0000] {dag.py:3954} INFO - Setting next_dagrun for ecommerce_pipeline to 2026-05-04 00:00:00+00:00, run_after=2026-05-05 00:00:00+00:00
[2026-05-04T17:08:40.862+0000] {processor.py:183} INFO - Processing /opt/airflow/dags/pipeline_dag.py took 0.113 seconds
[2026-05-04T17:09:11.225+0000] {processor.py:161} INFO - Started process (PID=591) to work on /opt/airflow/dags/pipeline_dag.py
[2026-05-04T17:09:11.227+0000] {processor.py:830} INFO - Processing file /opt/airflow/dags/pipeline_dag.py for tasks to queue
[2026-05-04T17:09:11.229+0000] {logging_mixin.py:188} INFO - [2026-05-04T17:09:11.229+0000] {dagbag.py:545} INFO - Filling up the DagBag from /opt/airflow/dags/pipeline_dag.py
[2026-05-04T17:09:11.248+0000] {processor.py:840} INFO - DAG(s) 'ecommerce_pipeline' retrieved from /opt/airflow/dags/pipeline_dag.py
[2026-05-04T17:09:11.290+0000] {logging_mixin.py:188} INFO - [2026-05-04T17:09:11.290+0000] {dag.py:3096} INFO - Sync 1 DAGs
[2026-05-04T17:09:11.312+0000] {logging_mixin.py:188} INFO - [2026-05-04T17:09:11.311+0000] {dag.py:3954} INFO - Setting next_dagrun for ecommerce_pipeline to 2026-05-04 00:00:00+00:00, run_after=2026-05-05 00:00:00+00:00
[2026-05-04T17:09:11.335+0000] {processor.py:183} INFO - Processing /opt/airflow/dags/pipeline_dag.py took 0.116 seconds
[2026-05-04T17:09:41.671+0000] {processor.py:161} INFO - Started process (PID=596) to work on /opt/airflow/dags/pipeline_dag.py
[2026-05-04T17:09:41.672+0000] {processor.py:830} INFO - Processing file /opt/airflow/dags/pipeline_dag.py for tasks to queue
[2026-05-04T17:09:41.674+0000] {logging_mixin.py:188} INFO - [2026-05-04T17:09:41.674+0000] {dagbag.py:545} INFO - Filling up the DagBag from /opt/airflow/dags/pipeline_dag.py
[2026-05-04T17:09:41.697+0000] {processor.py:840} INFO - DAG(s) 'ecommerce_pipeline' retrieved from /opt/airflow/dags/pipeline_dag.py
[2026-05-04T17:09:41.737+0000] {logging_mixin.py:188} INFO - [2026-05-04T17:09:41.737+0000] {dag.py:3096} INFO - Sync 1 DAGs
[2026-05-04T17:09:41.759+0000] {logging_mixin.py:188} INFO - [2026-05-04T17:09:41.758+0000] {dag.py:3954} INFO - Setting next_dagrun for ecommerce_pipeline to 2026-05-04 00:00:00+00:00, run_after=2026-05-05 00:00:00+00:00
[2026-05-04T17:09:41.779+0000] {processor.py:183} INFO - Processing /opt/airflow/dags/pipeline_dag.py took 0.113 seconds
[2026-05-04T17:10:12.675+0000] {processor.py:161} INFO - Started process (PID=601) to work on /opt/airflow/dags/pipeline_dag.py
[2026-05-04T17:10:12.676+0000] {processor.py:830} INFO - Processing file /opt/airflow/dags/pipeline_dag.py for tasks to queue
[2026-05-04T17:10:12.678+0000] {logging_mixin.py:188} INFO - [2026-05-04T17:10:12.678+0000] {dagbag.py:545} INFO - Filling up the DagBag from /opt/airflow/dags/pipeline_dag.py
[2026-05-04T17:10:12.703+0000] {processor.py:840} INFO - DAG(s) 'ecommerce_pipeline' retrieved from /opt/airflow/dags/pipeline_dag.py
[2026-05-04T17:10:12.740+0000] {logging_mixin.py:188} INFO - [2026-05-04T17:10:12.740+0000] {dag.py:3096} INFO - Sync 1 DAGs
[2026-05-04T17:10:12.759+0000] {logging_mixin.py:188} INFO - [2026-05-04T17:10:12.759+0000] {dag.py:3954} INFO - Setting next_dagrun for ecommerce_pipeline to 2026-05-04 00:00:00+00:00, run_after=2026-05-05 00:00:00+00:00
[2026-05-04T17:10:12.778+0000] {processor.py:183} INFO - Processing /opt/airflow/dags/pipeline_dag.py took 0.108 seconds
[2026-05-04T17:10:43.237+0000] {processor.py:161} INFO - Started process (PID=606) to work on /opt/airflow/dags/pipeline_dag.py
[2026-05-04T17:10:43.239+0000] {processor.py:830} INFO - Processing file /opt/airflow/dags/pipeline_dag.py for tasks to queue
[2026-05-04T17:10:43.242+0000] {logging_mixin.py:188} INFO - [2026-05-04T17:10:43.242+0000] {dagbag.py:545} INFO - Filling up the DagBag from /opt/airflow/dags/pipeline_dag.py
[2026-05-04T17:10:43.263+0000] {processor.py:840} INFO - DAG(s) 'ecommerce_pipeline' retrieved from /opt/airflow/dags/pipeline_dag.py
[2026-05-04T17:10:43.302+0000] {logging_mixin.py:188} INFO - [2026-05-04T17:10:43.302+0000] {dag.py:3096} INFO - Sync 1 DAGs
[2026-05-04T17:10:43.322+0000] {logging_mixin.py:188} INFO - [2026-05-04T17:10:43.322+0000] {dag.py:3954} INFO - Setting next_dagrun for ecommerce_pipeline to 2026-05-04 00:00:00+00:00, run_after=2026-05-05 00:00:00+00:00
[2026-05-04T17:10:43.344+0000] {processor.py:183} INFO - Processing /opt/airflow/dags/pipeline_dag.py took 0.112 seconds
[2026-05-04T20:01:07.274+0000] {processor.py:161} INFO - Started process (PID=611) to work on /opt/airflow/dags/pipeline_dag.py
[2026-05-04T20:01:07.285+0000] {processor.py:830} INFO - Processing file /opt/airflow/dags/pipeline_dag.py for tasks to queue
[2026-05-04T20:01:07.290+0000] {logging_mixin.py:188} INFO - [2026-05-04T20:01:07.289+0000] {dagbag.py:545} INFO - Filling up the DagBag from /opt/airflow/dags/pipeline_dag.py
[2026-05-04T20:01:07.453+0000] {processor.py:840} INFO - DAG(s) 'ecommerce_pipeline' retrieved from /opt/airflow/dags/pipeline_dag.py
[2026-05-04T20:01:07.610+0000] {logging_mixin.py:188} INFO - [2026-05-04T20:01:07.610+0000] {dag.py:3096} INFO - Sync 1 DAGs
[2026-05-04T20:01:07.720+0000] {logging_mixin.py:188} INFO - [2026-05-04T20:01:07.720+0000] {dag.py:3954} INFO - Setting next_dagrun for ecommerce_pipeline to 2026-05-04 00:00:00+00:00, run_after=2026-05-05 00:00:00+00:00
[2026-05-04T20:01:07.830+0000] {processor.py:183} INFO - Processing /opt/airflow/dags/pipeline_dag.py took 0.567 seconds
[2026-05-04T22:22:54.743+0000] {processor.py:161} INFO - Started process (PID=616) to work on /opt/airflow/dags/pipeline_dag.py
[2026-05-04T22:22:54.756+0000] {processor.py:830} INFO - Processing file /opt/airflow/dags/pipeline_dag.py for tasks to queue
[2026-05-04T22:22:54.772+0000] {logging_mixin.py:188} INFO - [2026-05-04T22:22:54.771+0000] {dagbag.py:545} INFO - Filling up the DagBag from /opt/airflow/dags/pipeline_dag.py
[2026-05-04T22:22:55.062+0000] {processor.py:840} INFO - DAG(s) 'ecommerce_pipeline' retrieved from /opt/airflow/dags/pipeline_dag.py
[2026-05-04T22:22:55.635+0000] {logging_mixin.py:188} INFO - [2026-05-04T22:22:55.635+0000] {dag.py:3096} INFO - Sync 1 DAGs
[2026-05-04T22:22:55.738+0000] {logging_mixin.py:188} INFO - [2026-05-04T22:22:55.737+0000] {dag.py:3954} INFO - Setting next_dagrun for ecommerce_pipeline to 2026-05-04 00:00:00+00:00, run_after=2026-05-05 00:00:00+00:00
[2026-05-04T22:22:55.851+0000] {processor.py:183} INFO - Processing /opt/airflow/dags/pipeline_dag.py took 1.274 seconds
