[2026-05-05T12:38:34.383+0000] {processor.py:161} INFO - Started process (PID=621) to work on /opt/airflow/dags/pipeline_dag.py
[2026-05-05T12:38:34.387+0000] {processor.py:830} INFO - Processing file /opt/airflow/dags/pipeline_dag.py for tasks to queue
[2026-05-05T12:38:34.412+0000] {logging_mixin.py:188} INFO - [2026-05-05T12:38:34.411+0000] {dagbag.py:545} INFO - Filling up the DagBag from /opt/airflow/dags/pipeline_dag.py
[2026-05-05T12:38:34.595+0000] {processor.py:840} INFO - DAG(s) 'ecommerce_pipeline' retrieved from /opt/airflow/dags/pipeline_dag.py
[2026-05-05T12:38:35.167+0000] {logging_mixin.py:188} INFO - [2026-05-05T12:38:35.160+0000] {dag.py:3096} INFO - Sync 1 DAGs
[2026-05-05T12:38:39.814+0000] {logging_mixin.py:188} INFO - [2026-05-05T12:38:39.812+0000] {dag.py:3954} INFO - Setting next_dagrun for ecommerce_pipeline to 2026-05-05 00:00:00+00:00, run_after=2026-05-06 00:00:00+00:00
[2026-05-05T12:38:39.990+0000] {processor.py:183} INFO - Processing /opt/airflow/dags/pipeline_dag.py took 5.636 seconds
[2026-05-05T12:39:10.302+0000] {processor.py:161} INFO - Started process (PID=632) to work on /opt/airflow/dags/pipeline_dag.py
[2026-05-05T12:39:10.305+0000] {processor.py:830} INFO - Processing file /opt/airflow/dags/pipeline_dag.py for tasks to queue
[2026-05-05T12:39:10.313+0000] {logging_mixin.py:188} INFO - [2026-05-05T12:39:10.312+0000] {dagbag.py:545} INFO - Filling up the DagBag from /opt/airflow/dags/pipeline_dag.py
[2026-05-05T12:39:10.363+0000] {processor.py:840} INFO - DAG(s) 'ecommerce_pipeline' retrieved from /opt/airflow/dags/pipeline_dag.py
[2026-05-05T12:39:10.435+0000] {logging_mixin.py:188} INFO - [2026-05-05T12:39:10.435+0000] {dag.py:3096} INFO - Sync 1 DAGs
[2026-05-05T12:39:10.487+0000] {logging_mixin.py:188} INFO - [2026-05-05T12:39:10.487+0000] {dag.py:3954} INFO - Setting next_dagrun for ecommerce_pipeline to 2026-05-05 00:00:00+00:00, run_after=2026-05-06 00:00:00+00:00
[2026-05-05T12:39:10.532+0000] {processor.py:183} INFO - Processing /opt/airflow/dags/pipeline_dag.py took 0.256 seconds
[2026-05-05T12:39:41.234+0000] {processor.py:161} INFO - Started process (PID=637) to work on /opt/airflow/dags/pipeline_dag.py
[2026-05-05T12:39:41.236+0000] {processor.py:830} INFO - Processing file /opt/airflow/dags/pipeline_dag.py for tasks to queue
[2026-05-05T12:39:41.238+0000] {logging_mixin.py:188} INFO - [2026-05-05T12:39:41.237+0000] {dagbag.py:545} INFO - Filling up the DagBag from /opt/airflow/dags/pipeline_dag.py
[2026-05-05T12:39:41.262+0000] {processor.py:840} INFO - DAG(s) 'ecommerce_pipeline' retrieved from /opt/airflow/dags/pipeline_dag.py
[2026-05-05T12:39:41.315+0000] {logging_mixin.py:188} INFO - [2026-05-05T12:39:41.314+0000] {dag.py:3096} INFO - Sync 1 DAGs
[2026-05-05T12:39:41.348+0000] {logging_mixin.py:188} INFO - [2026-05-05T12:39:41.347+0000] {dag.py:3954} INFO - Setting next_dagrun for ecommerce_pipeline to 2026-05-05 00:00:00+00:00, run_after=2026-05-06 00:00:00+00:00
[2026-05-05T12:39:41.406+0000] {processor.py:183} INFO - Processing /opt/airflow/dags/pipeline_dag.py took 0.184 seconds
[2026-05-05T12:40:11.917+0000] {processor.py:161} INFO - Started process (PID=642) to work on /opt/airflow/dags/pipeline_dag.py
[2026-05-05T12:40:11.948+0000] {processor.py:830} INFO - Processing file /opt/airflow/dags/pipeline_dag.py for tasks to queue
[2026-05-05T12:40:11.979+0000] {logging_mixin.py:188} INFO - [2026-05-05T12:40:11.978+0000] {dagbag.py:545} INFO - Filling up the DagBag from /opt/airflow/dags/pipeline_dag.py
[2026-05-05T12:40:12.068+0000] {processor.py:840} INFO - DAG(s) 'ecommerce_pipeline' retrieved from /opt/airflow/dags/pipeline_dag.py
[2026-05-05T12:40:12.129+0000] {logging_mixin.py:188} INFO - [2026-05-05T12:40:12.129+0000] {dag.py:3096} INFO - Sync 1 DAGs
[2026-05-05T12:40:12.158+0000] {logging_mixin.py:188} INFO - [2026-05-05T12:40:12.158+0000] {dag.py:3954} INFO - Setting next_dagrun for ecommerce_pipeline to 2026-05-05 00:00:00+00:00, run_after=2026-05-06 00:00:00+00:00
[2026-05-05T12:40:12.223+0000] {processor.py:183} INFO - Processing /opt/airflow/dags/pipeline_dag.py took 0.311 seconds
[2026-05-05T12:40:42.573+0000] {processor.py:161} INFO - Started process (PID=647) to work on /opt/airflow/dags/pipeline_dag.py
[2026-05-05T12:40:42.585+0000] {processor.py:830} INFO - Processing file /opt/airflow/dags/pipeline_dag.py for tasks to queue
[2026-05-05T12:40:42.589+0000] {logging_mixin.py:188} INFO - [2026-05-05T12:40:42.588+0000] {dagbag.py:545} INFO - Filling up the DagBag from /opt/airflow/dags/pipeline_dag.py
[2026-05-05T12:40:42.628+0000] {processor.py:840} INFO - DAG(s) 'ecommerce_pipeline' retrieved from /opt/airflow/dags/pipeline_dag.py
[2026-05-05T12:40:42.705+0000] {logging_mixin.py:188} INFO - [2026-05-05T12:40:42.705+0000] {dag.py:3096} INFO - Sync 1 DAGs
[2026-05-05T12:40:42.738+0000] {logging_mixin.py:188} INFO - [2026-05-05T12:40:42.738+0000] {dag.py:3954} INFO - Setting next_dagrun for ecommerce_pipeline to 2026-05-05 00:00:00+00:00, run_after=2026-05-06 00:00:00+00:00
[2026-05-05T12:40:42.779+0000] {processor.py:183} INFO - Processing /opt/airflow/dags/pipeline_dag.py took 0.219 seconds
[2026-05-05T12:41:12.901+0000] {processor.py:161} INFO - Started process (PID=652) to work on /opt/airflow/dags/pipeline_dag.py
[2026-05-05T12:41:12.902+0000] {processor.py:830} INFO - Processing file /opt/airflow/dags/pipeline_dag.py for tasks to queue
[2026-05-05T12:41:12.905+0000] {logging_mixin.py:188} INFO - [2026-05-05T12:41:12.904+0000] {dagbag.py:545} INFO - Filling up the DagBag from /opt/airflow/dags/pipeline_dag.py
[2026-05-05T12:41:12.948+0000] {processor.py:840} INFO - DAG(s) 'ecommerce_pipeline' retrieved from /opt/airflow/dags/pipeline_dag.py
[2026-05-05T12:41:13.025+0000] {logging_mixin.py:188} INFO - [2026-05-05T12:41:13.025+0000] {dag.py:3096} INFO - Sync 1 DAGs
[2026-05-05T12:41:13.074+0000] {logging_mixin.py:188} INFO - [2026-05-05T12:41:13.074+0000] {dag.py:3954} INFO - Setting next_dagrun for ecommerce_pipeline to 2026-05-05 00:00:00+00:00, run_after=2026-05-06 00:00:00+00:00
[2026-05-05T12:41:13.125+0000] {processor.py:183} INFO - Processing /opt/airflow/dags/pipeline_dag.py took 0.231 seconds
[2026-05-05T12:41:43.301+0000] {processor.py:161} INFO - Started process (PID=657) to work on /opt/airflow/dags/pipeline_dag.py
[2026-05-05T12:41:43.302+0000] {processor.py:830} INFO - Processing file /opt/airflow/dags/pipeline_dag.py for tasks to queue
[2026-05-05T12:41:43.305+0000] {logging_mixin.py:188} INFO - [2026-05-05T12:41:43.305+0000] {dagbag.py:545} INFO - Filling up the DagBag from /opt/airflow/dags/pipeline_dag.py
[2026-05-05T12:41:43.328+0000] {processor.py:840} INFO - DAG(s) 'ecommerce_pipeline' retrieved from /opt/airflow/dags/pipeline_dag.py
[2026-05-05T12:41:43.381+0000] {logging_mixin.py:188} INFO - [2026-05-05T12:41:43.380+0000] {dag.py:3096} INFO - Sync 1 DAGs
[2026-05-05T12:41:43.429+0000] {logging_mixin.py:188} INFO - [2026-05-05T12:41:43.428+0000] {dag.py:3954} INFO - Setting next_dagrun for ecommerce_pipeline to 2026-05-05 00:00:00+00:00, run_after=2026-05-06 00:00:00+00:00
[2026-05-05T12:41:43.473+0000] {processor.py:183} INFO - Processing /opt/airflow/dags/pipeline_dag.py took 0.182 seconds
[2026-05-05T12:42:13.588+0000] {processor.py:161} INFO - Started process (PID=662) to work on /opt/airflow/dags/pipeline_dag.py
[2026-05-05T12:42:13.589+0000] {processor.py:830} INFO - Processing file /opt/airflow/dags/pipeline_dag.py for tasks to queue
[2026-05-05T12:42:13.591+0000] {logging_mixin.py:188} INFO - [2026-05-05T12:42:13.591+0000] {dagbag.py:545} INFO - Filling up the DagBag from /opt/airflow/dags/pipeline_dag.py
[2026-05-05T12:42:13.613+0000] {processor.py:840} INFO - DAG(s) 'ecommerce_pipeline' retrieved from /opt/airflow/dags/pipeline_dag.py
[2026-05-05T12:42:13.646+0000] {logging_mixin.py:188} INFO - [2026-05-05T12:42:13.646+0000] {dag.py:3096} INFO - Sync 1 DAGs
[2026-05-05T12:42:13.671+0000] {logging_mixin.py:188} INFO - [2026-05-05T12:42:13.671+0000] {dag.py:3954} INFO - Setting next_dagrun for ecommerce_pipeline to 2026-05-05 00:00:00+00:00, run_after=2026-05-06 00:00:00+00:00
[2026-05-05T12:42:13.697+0000] {processor.py:183} INFO - Processing /opt/airflow/dags/pipeline_dag.py took 0.114 seconds
[2026-05-05T12:42:43.849+0000] {processor.py:161} INFO - Started process (PID=667) to work on /opt/airflow/dags/pipeline_dag.py
[2026-05-05T12:42:43.851+0000] {processor.py:830} INFO - Processing file /opt/airflow/dags/pipeline_dag.py for tasks to queue
[2026-05-05T12:42:43.852+0000] {logging_mixin.py:188} INFO - [2026-05-05T12:42:43.852+0000] {dagbag.py:545} INFO - Filling up the DagBag from /opt/airflow/dags/pipeline_dag.py
[2026-05-05T12:42:43.875+0000] {processor.py:840} INFO - DAG(s) 'ecommerce_pipeline' retrieved from /opt/airflow/dags/pipeline_dag.py
[2026-05-05T12:42:43.922+0000] {logging_mixin.py:188} INFO - [2026-05-05T12:42:43.922+0000] {dag.py:3096} INFO - Sync 1 DAGs
[2026-05-05T12:42:43.946+0000] {logging_mixin.py:188} INFO - [2026-05-05T12:42:43.946+0000] {dag.py:3954} INFO - Setting next_dagrun for ecommerce_pipeline to 2026-05-05 00:00:00+00:00, run_after=2026-05-06 00:00:00+00:00
[2026-05-05T12:42:43.969+0000] {processor.py:183} INFO - Processing /opt/airflow/dags/pipeline_dag.py took 0.129 seconds
[2026-05-05T12:43:14.146+0000] {processor.py:161} INFO - Started process (PID=672) to work on /opt/airflow/dags/pipeline_dag.py
[2026-05-05T12:43:14.147+0000] {processor.py:830} INFO - Processing file /opt/airflow/dags/pipeline_dag.py for tasks to queue
[2026-05-05T12:43:14.149+0000] {logging_mixin.py:188} INFO - [2026-05-05T12:43:14.148+0000] {dagbag.py:545} INFO - Filling up the DagBag from /opt/airflow/dags/pipeline_dag.py
[2026-05-05T12:43:14.167+0000] {processor.py:840} INFO - DAG(s) 'ecommerce_pipeline' retrieved from /opt/airflow/dags/pipeline_dag.py
[2026-05-05T12:43:14.204+0000] {logging_mixin.py:188} INFO - [2026-05-05T12:43:14.204+0000] {dag.py:3096} INFO - Sync 1 DAGs
[2026-05-05T12:43:14.237+0000] {logging_mixin.py:188} INFO - [2026-05-05T12:43:14.237+0000] {dag.py:3954} INFO - Setting next_dagrun for ecommerce_pipeline to 2026-05-05 00:00:00+00:00, run_after=2026-05-06 00:00:00+00:00
[2026-05-05T12:43:14.261+0000] {processor.py:183} INFO - Processing /opt/airflow/dags/pipeline_dag.py took 0.121 seconds
[2026-05-05T12:43:44.468+0000] {processor.py:161} INFO - Started process (PID=677) to work on /opt/airflow/dags/pipeline_dag.py
[2026-05-05T12:43:44.470+0000] {processor.py:830} INFO - Processing file /opt/airflow/dags/pipeline_dag.py for tasks to queue
[2026-05-05T12:43:44.472+0000] {logging_mixin.py:188} INFO - [2026-05-05T12:43:44.471+0000] {dagbag.py:545} INFO - Filling up the DagBag from /opt/airflow/dags/pipeline_dag.py
[2026-05-05T12:43:44.492+0000] {processor.py:840} INFO - DAG(s) 'ecommerce_pipeline' retrieved from /opt/airflow/dags/pipeline_dag.py
[2026-05-05T12:43:44.532+0000] {logging_mixin.py:188} INFO - [2026-05-05T12:43:44.532+0000] {dag.py:3096} INFO - Sync 1 DAGs
[2026-05-05T12:43:44.554+0000] {logging_mixin.py:188} INFO - [2026-05-05T12:43:44.553+0000] {dag.py:3954} INFO - Setting next_dagrun for ecommerce_pipeline to 2026-05-05 00:00:00+00:00, run_after=2026-05-06 00:00:00+00:00
[2026-05-05T12:43:44.574+0000] {processor.py:183} INFO - Processing /opt/airflow/dags/pipeline_dag.py took 0.112 seconds
[2026-05-05T12:44:14.616+0000] {processor.py:161} INFO - Started process (PID=682) to work on /opt/airflow/dags/pipeline_dag.py
[2026-05-05T12:44:14.618+0000] {processor.py:830} INFO - Processing file /opt/airflow/dags/pipeline_dag.py for tasks to queue
[2026-05-05T12:44:14.620+0000] {logging_mixin.py:188} INFO - [2026-05-05T12:44:14.619+0000] {dagbag.py:545} INFO - Filling up the DagBag from /opt/airflow/dags/pipeline_dag.py
[2026-05-05T12:44:14.640+0000] {processor.py:840} INFO - DAG(s) 'ecommerce_pipeline' retrieved from /opt/airflow/dags/pipeline_dag.py
[2026-05-05T12:44:14.676+0000] {logging_mixin.py:188} INFO - [2026-05-05T12:44:14.676+0000] {dag.py:3096} INFO - Sync 1 DAGs
[2026-05-05T12:44:14.698+0000] {logging_mixin.py:188} INFO - [2026-05-05T12:44:14.698+0000] {dag.py:3954} INFO - Setting next_dagrun for ecommerce_pipeline to 2026-05-05 00:00:00+00:00, run_after=2026-05-06 00:00:00+00:00
[2026-05-05T12:44:14.722+0000] {processor.py:183} INFO - Processing /opt/airflow/dags/pipeline_dag.py took 0.112 seconds
[2026-05-05T12:44:45.124+0000] {processor.py:161} INFO - Started process (PID=687) to work on /opt/airflow/dags/pipeline_dag.py
[2026-05-05T12:44:45.131+0000] {processor.py:830} INFO - Processing file /opt/airflow/dags/pipeline_dag.py for tasks to queue
[2026-05-05T12:44:45.141+0000] {logging_mixin.py:188} INFO - [2026-05-05T12:44:45.139+0000] {dagbag.py:545} INFO - Filling up the DagBag from /opt/airflow/dags/pipeline_dag.py
[2026-05-05T12:44:45.208+0000] {processor.py:840} INFO - DAG(s) 'ecommerce_pipeline' retrieved from /opt/airflow/dags/pipeline_dag.py
[2026-05-05T12:44:45.287+0000] {logging_mixin.py:188} INFO - [2026-05-05T12:44:45.286+0000] {dag.py:3096} INFO - Sync 1 DAGs
[2026-05-05T12:44:45.343+0000] {logging_mixin.py:188} INFO - [2026-05-05T12:44:45.343+0000] {dag.py:3954} INFO - Setting next_dagrun for ecommerce_pipeline to 2026-05-05 00:00:00+00:00, run_after=2026-05-06 00:00:00+00:00
[2026-05-05T12:44:45.376+0000] {processor.py:183} INFO - Processing /opt/airflow/dags/pipeline_dag.py took 0.280 seconds
[2026-05-05T12:45:31.151+0000] {processor.py:161} INFO - Started process (PID=692) to work on /opt/airflow/dags/pipeline_dag.py
[2026-05-05T12:45:31.160+0000] {processor.py:830} INFO - Processing file /opt/airflow/dags/pipeline_dag.py for tasks to queue
[2026-05-05T12:45:31.183+0000] {logging_mixin.py:188} INFO - [2026-05-05T12:45:31.182+0000] {dagbag.py:545} INFO - Filling up the DagBag from /opt/airflow/dags/pipeline_dag.py
[2026-05-05T12:45:31.426+0000] {processor.py:840} INFO - DAG(s) 'ecommerce_pipeline' retrieved from /opt/airflow/dags/pipeline_dag.py
[2026-05-05T12:45:34.220+0000] {logging_mixin.py:188} INFO - [2026-05-05T12:45:34.219+0000] {dag.py:3096} INFO - Sync 1 DAGs
[2026-05-05T12:45:34.373+0000] {logging_mixin.py:188} INFO - [2026-05-05T12:45:34.372+0000] {dag.py:3954} INFO - Setting next_dagrun for ecommerce_pipeline to 2026-05-05 00:00:00+00:00, run_after=2026-05-06 00:00:00+00:00
[2026-05-05T12:45:34.530+0000] {processor.py:183} INFO - Processing /opt/airflow/dags/pipeline_dag.py took 3.416 seconds
[2026-05-05T12:46:04.635+0000] {processor.py:161} INFO - Started process (PID=697) to work on /opt/airflow/dags/pipeline_dag.py
[2026-05-05T12:46:04.636+0000] {processor.py:830} INFO - Processing file /opt/airflow/dags/pipeline_dag.py for tasks to queue
[2026-05-05T12:46:04.638+0000] {logging_mixin.py:188} INFO - [2026-05-05T12:46:04.638+0000] {dagbag.py:545} INFO - Filling up the DagBag from /opt/airflow/dags/pipeline_dag.py
[2026-05-05T12:46:04.658+0000] {processor.py:840} INFO - DAG(s) 'ecommerce_pipeline' retrieved from /opt/airflow/dags/pipeline_dag.py
[2026-05-05T12:46:04.693+0000] {logging_mixin.py:188} INFO - [2026-05-05T12:46:04.693+0000] {dag.py:3096} INFO - Sync 1 DAGs
[2026-05-05T12:46:04.717+0000] {logging_mixin.py:188} INFO - [2026-05-05T12:46:04.717+0000] {dag.py:3954} INFO - Setting next_dagrun for ecommerce_pipeline to 2026-05-05 00:00:00+00:00, run_after=2026-05-06 00:00:00+00:00
[2026-05-05T12:46:04.737+0000] {processor.py:183} INFO - Processing /opt/airflow/dags/pipeline_dag.py took 0.109 seconds
[2026-05-05T12:46:34.937+0000] {processor.py:161} INFO - Started process (PID=702) to work on /opt/airflow/dags/pipeline_dag.py
[2026-05-05T12:46:34.938+0000] {processor.py:830} INFO - Processing file /opt/airflow/dags/pipeline_dag.py for tasks to queue
[2026-05-05T12:46:34.940+0000] {logging_mixin.py:188} INFO - [2026-05-05T12:46:34.940+0000] {dagbag.py:545} INFO - Filling up the DagBag from /opt/airflow/dags/pipeline_dag.py
[2026-05-05T12:46:34.965+0000] {processor.py:840} INFO - DAG(s) 'ecommerce_pipeline' retrieved from /opt/airflow/dags/pipeline_dag.py
[2026-05-05T12:46:35.003+0000] {logging_mixin.py:188} INFO - [2026-05-05T12:46:35.002+0000] {dag.py:3096} INFO - Sync 1 DAGs
[2026-05-05T12:46:35.023+0000] {logging_mixin.py:188} INFO - [2026-05-05T12:46:35.023+0000] {dag.py:3954} INFO - Setting next_dagrun for ecommerce_pipeline to 2026-05-05 00:00:00+00:00, run_after=2026-05-06 00:00:00+00:00
[2026-05-05T12:46:35.050+0000] {processor.py:183} INFO - Processing /opt/airflow/dags/pipeline_dag.py took 0.120 seconds
[2026-05-05T12:47:05.226+0000] {processor.py:161} INFO - Started process (PID=707) to work on /opt/airflow/dags/pipeline_dag.py
[2026-05-05T12:47:05.227+0000] {processor.py:830} INFO - Processing file /opt/airflow/dags/pipeline_dag.py for tasks to queue
[2026-05-05T12:47:05.229+0000] {logging_mixin.py:188} INFO - [2026-05-05T12:47:05.229+0000] {dagbag.py:545} INFO - Filling up the DagBag from /opt/airflow/dags/pipeline_dag.py
[2026-05-05T12:47:05.250+0000] {processor.py:840} INFO - DAG(s) 'ecommerce_pipeline' retrieved from /opt/airflow/dags/pipeline_dag.py
[2026-05-05T12:47:05.288+0000] {logging_mixin.py:188} INFO - [2026-05-05T12:47:05.288+0000] {dag.py:3096} INFO - Sync 1 DAGs
[2026-05-05T12:47:05.308+0000] {logging_mixin.py:188} INFO - [2026-05-05T12:47:05.308+0000] {dag.py:3954} INFO - Setting next_dagrun for ecommerce_pipeline to 2026-05-05 00:00:00+00:00, run_after=2026-05-06 00:00:00+00:00
[2026-05-05T12:47:05.328+0000] {processor.py:183} INFO - Processing /opt/airflow/dags/pipeline_dag.py took 0.109 seconds
[2026-05-05T12:47:35.458+0000] {processor.py:161} INFO - Started process (PID=712) to work on /opt/airflow/dags/pipeline_dag.py
[2026-05-05T12:47:35.459+0000] {processor.py:830} INFO - Processing file /opt/airflow/dags/pipeline_dag.py for tasks to queue
[2026-05-05T12:47:35.460+0000] {logging_mixin.py:188} INFO - [2026-05-05T12:47:35.460+0000] {dagbag.py:545} INFO - Filling up the DagBag from /opt/airflow/dags/pipeline_dag.py
[2026-05-05T12:47:35.480+0000] {processor.py:840} INFO - DAG(s) 'ecommerce_pipeline' retrieved from /opt/airflow/dags/pipeline_dag.py
[2026-05-05T12:47:35.511+0000] {logging_mixin.py:188} INFO - [2026-05-05T12:47:35.511+0000] {dag.py:3096} INFO - Sync 1 DAGs
[2026-05-05T12:47:35.529+0000] {logging_mixin.py:188} INFO - [2026-05-05T12:47:35.529+0000] {dag.py:3954} INFO - Setting next_dagrun for ecommerce_pipeline to 2026-05-05 00:00:00+00:00, run_after=2026-05-06 00:00:00+00:00
[2026-05-05T12:47:35.557+0000] {processor.py:183} INFO - Processing /opt/airflow/dags/pipeline_dag.py took 0.109 seconds
[2026-05-05T12:48:05.601+0000] {processor.py:161} INFO - Started process (PID=717) to work on /opt/airflow/dags/pipeline_dag.py
[2026-05-05T12:48:05.602+0000] {processor.py:830} INFO - Processing file /opt/airflow/dags/pipeline_dag.py for tasks to queue
[2026-05-05T12:48:05.604+0000] {logging_mixin.py:188} INFO - [2026-05-05T12:48:05.604+0000] {dagbag.py:545} INFO - Filling up the DagBag from /opt/airflow/dags/pipeline_dag.py
[2026-05-05T12:48:05.626+0000] {processor.py:840} INFO - DAG(s) 'ecommerce_pipeline' retrieved from /opt/airflow/dags/pipeline_dag.py
[2026-05-05T12:48:05.661+0000] {logging_mixin.py:188} INFO - [2026-05-05T12:48:05.661+0000] {dag.py:3096} INFO - Sync 1 DAGs
[2026-05-05T12:48:05.685+0000] {logging_mixin.py:188} INFO - [2026-05-05T12:48:05.685+0000] {dag.py:3954} INFO - Setting next_dagrun for ecommerce_pipeline to 2026-05-05 00:00:00+00:00, run_after=2026-05-06 00:00:00+00:00
[2026-05-05T12:48:05.708+0000] {processor.py:183} INFO - Processing /opt/airflow/dags/pipeline_dag.py took 0.117 seconds
[2026-05-05T12:48:35.795+0000] {processor.py:161} INFO - Started process (PID=722) to work on /opt/airflow/dags/pipeline_dag.py
[2026-05-05T12:48:35.797+0000] {processor.py:830} INFO - Processing file /opt/airflow/dags/pipeline_dag.py for tasks to queue
[2026-05-05T12:48:35.800+0000] {logging_mixin.py:188} INFO - [2026-05-05T12:48:35.799+0000] {dagbag.py:545} INFO - Filling up the DagBag from /opt/airflow/dags/pipeline_dag.py
[2026-05-05T12:48:35.824+0000] {processor.py:840} INFO - DAG(s) 'ecommerce_pipeline' retrieved from /opt/airflow/dags/pipeline_dag.py
[2026-05-05T12:48:35.864+0000] {logging_mixin.py:188} INFO - [2026-05-05T12:48:35.864+0000] {dag.py:3096} INFO - Sync 1 DAGs
[2026-05-05T12:48:35.894+0000] {logging_mixin.py:188} INFO - [2026-05-05T12:48:35.894+0000] {dag.py:3954} INFO - Setting next_dagrun for ecommerce_pipeline to 2026-05-05 00:00:00+00:00, run_after=2026-05-06 00:00:00+00:00
[2026-05-05T12:48:35.917+0000] {processor.py:183} INFO - Processing /opt/airflow/dags/pipeline_dag.py took 0.128 seconds
[2026-05-05T12:49:06.036+0000] {processor.py:161} INFO - Started process (PID=727) to work on /opt/airflow/dags/pipeline_dag.py
[2026-05-05T12:49:06.037+0000] {processor.py:830} INFO - Processing file /opt/airflow/dags/pipeline_dag.py for tasks to queue
[2026-05-05T12:49:06.040+0000] {logging_mixin.py:188} INFO - [2026-05-05T12:49:06.039+0000] {dagbag.py:545} INFO - Filling up the DagBag from /opt/airflow/dags/pipeline_dag.py
[2026-05-05T12:49:06.063+0000] {processor.py:840} INFO - DAG(s) 'ecommerce_pipeline' retrieved from /opt/airflow/dags/pipeline_dag.py
[2026-05-05T12:49:06.101+0000] {logging_mixin.py:188} INFO - [2026-05-05T12:49:06.101+0000] {dag.py:3096} INFO - Sync 1 DAGs
[2026-05-05T12:49:06.123+0000] {logging_mixin.py:188} INFO - [2026-05-05T12:49:06.122+0000] {dag.py:3954} INFO - Setting next_dagrun for ecommerce_pipeline to 2026-05-05 00:00:00+00:00, run_after=2026-05-06 00:00:00+00:00
[2026-05-05T12:49:06.143+0000] {processor.py:183} INFO - Processing /opt/airflow/dags/pipeline_dag.py took 0.113 seconds
[2026-05-05T13:03:15.058+0000] {processor.py:161} INFO - Started process (PID=732) to work on /opt/airflow/dags/pipeline_dag.py
[2026-05-05T13:03:15.070+0000] {processor.py:830} INFO - Processing file /opt/airflow/dags/pipeline_dag.py for tasks to queue
[2026-05-05T13:03:15.094+0000] {logging_mixin.py:188} INFO - [2026-05-05T13:03:15.093+0000] {dagbag.py:545} INFO - Filling up the DagBag from /opt/airflow/dags/pipeline_dag.py
[2026-05-05T13:03:15.234+0000] {processor.py:840} INFO - DAG(s) 'ecommerce_pipeline' retrieved from /opt/airflow/dags/pipeline_dag.py
[2026-05-05T13:03:15.393+0000] {logging_mixin.py:188} INFO - [2026-05-05T13:03:15.392+0000] {dag.py:3096} INFO - Sync 1 DAGs
[2026-05-05T13:03:15.497+0000] {logging_mixin.py:188} INFO - [2026-05-05T13:03:15.496+0000] {dag.py:3954} INFO - Setting next_dagrun for ecommerce_pipeline to 2026-05-05 00:00:00+00:00, run_after=2026-05-06 00:00:00+00:00
[2026-05-05T13:03:15.592+0000] {processor.py:183} INFO - Processing /opt/airflow/dags/pipeline_dag.py took 0.599 seconds
[2026-05-05T13:47:47.992+0000] {processor.py:161} INFO - Started process (PID=737) to work on /opt/airflow/dags/pipeline_dag.py
[2026-05-05T13:47:48.000+0000] {processor.py:830} INFO - Processing file /opt/airflow/dags/pipeline_dag.py for tasks to queue
[2026-05-05T13:47:48.004+0000] {logging_mixin.py:188} INFO - [2026-05-05T13:47:48.003+0000] {dagbag.py:545} INFO - Filling up the DagBag from /opt/airflow/dags/pipeline_dag.py
[2026-05-05T13:47:48.198+0000] {processor.py:840} INFO - DAG(s) 'ecommerce_pipeline' retrieved from /opt/airflow/dags/pipeline_dag.py
[2026-05-05T13:47:48.721+0000] {logging_mixin.py:188} INFO - [2026-05-05T13:47:48.716+0000] {dag.py:3096} INFO - Sync 1 DAGs
[2026-05-05T13:47:48.822+0000] {logging_mixin.py:188} INFO - [2026-05-05T13:47:48.814+0000] {dag.py:3954} INFO - Setting next_dagrun for ecommerce_pipeline to 2026-05-05 00:00:00+00:00, run_after=2026-05-06 00:00:00+00:00
[2026-05-05T13:47:48.929+0000] {processor.py:183} INFO - Processing /opt/airflow/dags/pipeline_dag.py took 1.027 seconds
[2026-05-05T13:48:19.611+0000] {processor.py:161} INFO - Started process (PID=742) to work on /opt/airflow/dags/pipeline_dag.py
[2026-05-05T13:48:19.615+0000] {processor.py:830} INFO - Processing file /opt/airflow/dags/pipeline_dag.py for tasks to queue
[2026-05-05T13:48:19.618+0000] {logging_mixin.py:188} INFO - [2026-05-05T13:48:19.618+0000] {dagbag.py:545} INFO - Filling up the DagBag from /opt/airflow/dags/pipeline_dag.py
[2026-05-05T13:48:19.639+0000] {processor.py:840} INFO - DAG(s) 'ecommerce_pipeline' retrieved from /opt/airflow/dags/pipeline_dag.py
[2026-05-05T13:48:19.697+0000] {logging_mixin.py:188} INFO - [2026-05-05T13:48:19.697+0000] {dag.py:3096} INFO - Sync 1 DAGs
[2026-05-05T13:48:19.738+0000] {logging_mixin.py:188} INFO - [2026-05-05T13:48:19.738+0000] {dag.py:3954} INFO - Setting next_dagrun for ecommerce_pipeline to 2026-05-05 00:00:00+00:00, run_after=2026-05-06 00:00:00+00:00
[2026-05-05T13:48:19.762+0000] {processor.py:183} INFO - Processing /opt/airflow/dags/pipeline_dag.py took 0.157 seconds
[2026-05-05T13:48:50.640+0000] {processor.py:161} INFO - Started process (PID=747) to work on /opt/airflow/dags/pipeline_dag.py
[2026-05-05T13:48:50.641+0000] {processor.py:830} INFO - Processing file /opt/airflow/dags/pipeline_dag.py for tasks to queue
[2026-05-05T13:48:50.643+0000] {logging_mixin.py:188} INFO - [2026-05-05T13:48:50.643+0000] {dagbag.py:545} INFO - Filling up the DagBag from /opt/airflow/dags/pipeline_dag.py
[2026-05-05T13:48:50.662+0000] {processor.py:840} INFO - DAG(s) 'ecommerce_pipeline' retrieved from /opt/airflow/dags/pipeline_dag.py
[2026-05-05T13:48:50.697+0000] {logging_mixin.py:188} INFO - [2026-05-05T13:48:50.696+0000] {dag.py:3096} INFO - Sync 1 DAGs
[2026-05-05T13:48:50.717+0000] {logging_mixin.py:188} INFO - [2026-05-05T13:48:50.716+0000] {dag.py:3954} INFO - Setting next_dagrun for ecommerce_pipeline to 2026-05-05 00:00:00+00:00, run_after=2026-05-06 00:00:00+00:00
[2026-05-05T13:48:50.736+0000] {processor.py:183} INFO - Processing /opt/airflow/dags/pipeline_dag.py took 0.102 seconds
[2026-05-05T13:49:21.017+0000] {processor.py:161} INFO - Started process (PID=752) to work on /opt/airflow/dags/pipeline_dag.py
[2026-05-05T13:49:21.018+0000] {processor.py:830} INFO - Processing file /opt/airflow/dags/pipeline_dag.py for tasks to queue
[2026-05-05T13:49:21.019+0000] {logging_mixin.py:188} INFO - [2026-05-05T13:49:21.019+0000] {dagbag.py:545} INFO - Filling up the DagBag from /opt/airflow/dags/pipeline_dag.py
[2026-05-05T13:49:21.042+0000] {processor.py:840} INFO - DAG(s) 'ecommerce_pipeline' retrieved from /opt/airflow/dags/pipeline_dag.py
[2026-05-05T13:49:21.164+0000] {logging_mixin.py:188} INFO - [2026-05-05T13:49:21.163+0000] {dag.py:3096} INFO - Sync 1 DAGs
[2026-05-05T13:49:21.196+0000] {logging_mixin.py:188} INFO - [2026-05-05T13:49:21.196+0000] {dag.py:3954} INFO - Setting next_dagrun for ecommerce_pipeline to 2026-05-05 00:00:00+00:00, run_after=2026-05-06 00:00:00+00:00
[2026-05-05T13:49:21.219+0000] {processor.py:183} INFO - Processing /opt/airflow/dags/pipeline_dag.py took 0.259 seconds
[2026-05-05T13:49:51.315+0000] {processor.py:161} INFO - Started process (PID=757) to work on /opt/airflow/dags/pipeline_dag.py
[2026-05-05T13:49:51.317+0000] {processor.py:830} INFO - Processing file /opt/airflow/dags/pipeline_dag.py for tasks to queue
[2026-05-05T13:49:51.319+0000] {logging_mixin.py:188} INFO - [2026-05-05T13:49:51.319+0000] {dagbag.py:545} INFO - Filling up the DagBag from /opt/airflow/dags/pipeline_dag.py
[2026-05-05T13:49:51.347+0000] {processor.py:840} INFO - DAG(s) 'ecommerce_pipeline' retrieved from /opt/airflow/dags/pipeline_dag.py
[2026-05-05T13:49:51.394+0000] {logging_mixin.py:188} INFO - [2026-05-05T13:49:51.394+0000] {dag.py:3096} INFO - Sync 1 DAGs
[2026-05-05T13:49:51.438+0000] {logging_mixin.py:188} INFO - [2026-05-05T13:49:51.437+0000] {dag.py:3954} INFO - Setting next_dagrun for ecommerce_pipeline to 2026-05-05 00:00:00+00:00, run_after=2026-05-06 00:00:00+00:00
[2026-05-05T13:49:51.477+0000] {processor.py:183} INFO - Processing /opt/airflow/dags/pipeline_dag.py took 0.170 seconds
[2026-05-05T13:50:22.150+0000] {processor.py:161} INFO - Started process (PID=762) to work on /opt/airflow/dags/pipeline_dag.py
[2026-05-05T13:50:22.152+0000] {processor.py:830} INFO - Processing file /opt/airflow/dags/pipeline_dag.py for tasks to queue
[2026-05-05T13:50:22.154+0000] {logging_mixin.py:188} INFO - [2026-05-05T13:50:22.154+0000] {dagbag.py:545} INFO - Filling up the DagBag from /opt/airflow/dags/pipeline_dag.py
[2026-05-05T13:50:22.172+0000] {processor.py:840} INFO - DAG(s) 'ecommerce_pipeline' retrieved from /opt/airflow/dags/pipeline_dag.py
[2026-05-05T13:50:22.209+0000] {logging_mixin.py:188} INFO - [2026-05-05T13:50:22.209+0000] {dag.py:3096} INFO - Sync 1 DAGs
[2026-05-05T13:50:22.230+0000] {logging_mixin.py:188} INFO - [2026-05-05T13:50:22.230+0000] {dag.py:3954} INFO - Setting next_dagrun for ecommerce_pipeline to 2026-05-05 00:00:00+00:00, run_after=2026-05-06 00:00:00+00:00
[2026-05-05T13:50:22.252+0000] {processor.py:183} INFO - Processing /opt/airflow/dags/pipeline_dag.py took 0.110 seconds
[2026-05-05T13:50:52.341+0000] {processor.py:161} INFO - Started process (PID=767) to work on /opt/airflow/dags/pipeline_dag.py
[2026-05-05T13:50:52.342+0000] {processor.py:830} INFO - Processing file /opt/airflow/dags/pipeline_dag.py for tasks to queue
[2026-05-05T13:50:52.344+0000] {logging_mixin.py:188} INFO - [2026-05-05T13:50:52.344+0000] {dagbag.py:545} INFO - Filling up the DagBag from /opt/airflow/dags/pipeline_dag.py
[2026-05-05T13:50:52.364+0000] {processor.py:840} INFO - DAG(s) 'ecommerce_pipeline' retrieved from /opt/airflow/dags/pipeline_dag.py
[2026-05-05T13:50:52.397+0000] {logging_mixin.py:188} INFO - [2026-05-05T13:50:52.397+0000] {dag.py:3096} INFO - Sync 1 DAGs
[2026-05-05T13:50:52.417+0000] {logging_mixin.py:188} INFO - [2026-05-05T13:50:52.417+0000] {dag.py:3954} INFO - Setting next_dagrun for ecommerce_pipeline to 2026-05-05 00:00:00+00:00, run_after=2026-05-06 00:00:00+00:00
[2026-05-05T13:50:52.439+0000] {processor.py:183} INFO - Processing /opt/airflow/dags/pipeline_dag.py took 0.104 seconds
[2026-05-05T13:51:22.530+0000] {processor.py:161} INFO - Started process (PID=772) to work on /opt/airflow/dags/pipeline_dag.py
[2026-05-05T13:51:22.531+0000] {processor.py:830} INFO - Processing file /opt/airflow/dags/pipeline_dag.py for tasks to queue
[2026-05-05T13:51:22.533+0000] {logging_mixin.py:188} INFO - [2026-05-05T13:51:22.533+0000] {dagbag.py:545} INFO - Filling up the DagBag from /opt/airflow/dags/pipeline_dag.py
[2026-05-05T13:51:22.555+0000] {processor.py:840} INFO - DAG(s) 'ecommerce_pipeline' retrieved from /opt/airflow/dags/pipeline_dag.py
[2026-05-05T13:51:22.586+0000] {logging_mixin.py:188} INFO - [2026-05-05T13:51:22.586+0000] {dag.py:3096} INFO - Sync 1 DAGs
[2026-05-05T13:51:22.604+0000] {logging_mixin.py:188} INFO - [2026-05-05T13:51:22.604+0000] {dag.py:3954} INFO - Setting next_dagrun for ecommerce_pipeline to 2026-05-05 00:00:00+00:00, run_after=2026-05-06 00:00:00+00:00
[2026-05-05T13:51:22.622+0000] {processor.py:183} INFO - Processing /opt/airflow/dags/pipeline_dag.py took 0.097 seconds
[2026-05-05T13:51:53.103+0000] {processor.py:161} INFO - Started process (PID=777) to work on /opt/airflow/dags/pipeline_dag.py
[2026-05-05T13:51:53.105+0000] {processor.py:830} INFO - Processing file /opt/airflow/dags/pipeline_dag.py for tasks to queue
[2026-05-05T13:51:53.109+0000] {logging_mixin.py:188} INFO - [2026-05-05T13:51:53.108+0000] {dagbag.py:545} INFO - Filling up the DagBag from /opt/airflow/dags/pipeline_dag.py
[2026-05-05T13:51:53.134+0000] {processor.py:840} INFO - DAG(s) 'ecommerce_pipeline' retrieved from /opt/airflow/dags/pipeline_dag.py
[2026-05-05T13:51:53.197+0000] {logging_mixin.py:188} INFO - [2026-05-05T13:51:53.197+0000] {dag.py:3096} INFO - Sync 1 DAGs
[2026-05-05T13:51:53.224+0000] {logging_mixin.py:188} INFO - [2026-05-05T13:51:53.223+0000] {dag.py:3954} INFO - Setting next_dagrun for ecommerce_pipeline to 2026-05-05 00:00:00+00:00, run_after=2026-05-06 00:00:00+00:00
[2026-05-05T13:51:53.246+0000] {processor.py:183} INFO - Processing /opt/airflow/dags/pipeline_dag.py took 0.149 seconds
[2026-05-05T13:52:23.462+0000] {processor.py:161} INFO - Started process (PID=782) to work on /opt/airflow/dags/pipeline_dag.py
[2026-05-05T13:52:23.466+0000] {processor.py:830} INFO - Processing file /opt/airflow/dags/pipeline_dag.py for tasks to queue
[2026-05-05T13:52:23.474+0000] {logging_mixin.py:188} INFO - [2026-05-05T13:52:23.472+0000] {dagbag.py:545} INFO - Filling up the DagBag from /opt/airflow/dags/pipeline_dag.py
[2026-05-05T13:52:23.525+0000] {processor.py:840} INFO - DAG(s) 'ecommerce_pipeline' retrieved from /opt/airflow/dags/pipeline_dag.py
[2026-05-05T13:52:23.612+0000] {logging_mixin.py:188} INFO - [2026-05-05T13:52:23.612+0000] {dag.py:3096} INFO - Sync 1 DAGs
[2026-05-05T13:52:23.669+0000] {logging_mixin.py:188} INFO - [2026-05-05T13:52:23.668+0000] {dag.py:3954} INFO - Setting next_dagrun for ecommerce_pipeline to 2026-05-05 00:00:00+00:00, run_after=2026-05-06 00:00:00+00:00
[2026-05-05T13:52:23.741+0000] {processor.py:183} INFO - Processing /opt/airflow/dags/pipeline_dag.py took 0.297 seconds
[2026-05-05T13:52:53.958+0000] {processor.py:161} INFO - Started process (PID=787) to work on /opt/airflow/dags/pipeline_dag.py
[2026-05-05T13:52:53.960+0000] {processor.py:830} INFO - Processing file /opt/airflow/dags/pipeline_dag.py for tasks to queue
[2026-05-05T13:52:53.963+0000] {logging_mixin.py:188} INFO - [2026-05-05T13:52:53.962+0000] {dagbag.py:545} INFO - Filling up the DagBag from /opt/airflow/dags/pipeline_dag.py
[2026-05-05T13:52:53.984+0000] {processor.py:840} INFO - DAG(s) 'ecommerce_pipeline' retrieved from /opt/airflow/dags/pipeline_dag.py
[2026-05-05T13:52:54.022+0000] {logging_mixin.py:188} INFO - [2026-05-05T13:52:54.022+0000] {dag.py:3096} INFO - Sync 1 DAGs
[2026-05-05T13:52:54.045+0000] {logging_mixin.py:188} INFO - [2026-05-05T13:52:54.045+0000] {dag.py:3954} INFO - Setting next_dagrun for ecommerce_pipeline to 2026-05-05 00:00:00+00:00, run_after=2026-05-06 00:00:00+00:00
[2026-05-05T13:52:54.066+0000] {processor.py:183} INFO - Processing /opt/airflow/dags/pipeline_dag.py took 0.115 seconds
[2026-05-05T13:53:24.136+0000] {processor.py:161} INFO - Started process (PID=792) to work on /opt/airflow/dags/pipeline_dag.py
[2026-05-05T13:53:24.137+0000] {processor.py:830} INFO - Processing file /opt/airflow/dags/pipeline_dag.py for tasks to queue
[2026-05-05T13:53:24.140+0000] {logging_mixin.py:188} INFO - [2026-05-05T13:53:24.139+0000] {dagbag.py:545} INFO - Filling up the DagBag from /opt/airflow/dags/pipeline_dag.py
[2026-05-05T13:53:24.161+0000] {processor.py:840} INFO - DAG(s) 'ecommerce_pipeline' retrieved from /opt/airflow/dags/pipeline_dag.py
[2026-05-05T13:53:24.198+0000] {logging_mixin.py:188} INFO - [2026-05-05T13:53:24.198+0000] {dag.py:3096} INFO - Sync 1 DAGs
[2026-05-05T13:53:24.220+0000] {logging_mixin.py:188} INFO - [2026-05-05T13:53:24.220+0000] {dag.py:3954} INFO - Setting next_dagrun for ecommerce_pipeline to 2026-05-05 00:00:00+00:00, run_after=2026-05-06 00:00:00+00:00
[2026-05-05T13:53:24.242+0000] {processor.py:183} INFO - Processing /opt/airflow/dags/pipeline_dag.py took 0.113 seconds
[2026-05-05T13:53:54.345+0000] {processor.py:161} INFO - Started process (PID=797) to work on /opt/airflow/dags/pipeline_dag.py
[2026-05-05T13:53:54.346+0000] {processor.py:830} INFO - Processing file /opt/airflow/dags/pipeline_dag.py for tasks to queue
[2026-05-05T13:53:54.347+0000] {logging_mixin.py:188} INFO - [2026-05-05T13:53:54.347+0000] {dagbag.py:545} INFO - Filling up the DagBag from /opt/airflow/dags/pipeline_dag.py
[2026-05-05T13:53:54.369+0000] {processor.py:840} INFO - DAG(s) 'ecommerce_pipeline' retrieved from /opt/airflow/dags/pipeline_dag.py
[2026-05-05T13:53:54.411+0000] {logging_mixin.py:188} INFO - [2026-05-05T13:53:54.410+0000] {dag.py:3096} INFO - Sync 1 DAGs
[2026-05-05T13:53:54.434+0000] {logging_mixin.py:188} INFO - [2026-05-05T13:53:54.434+0000] {dag.py:3954} INFO - Setting next_dagrun for ecommerce_pipeline to 2026-05-05 00:00:00+00:00, run_after=2026-05-06 00:00:00+00:00
[2026-05-05T13:53:54.456+0000] {processor.py:183} INFO - Processing /opt/airflow/dags/pipeline_dag.py took 0.118 seconds
[2026-05-05T13:54:25.374+0000] {processor.py:161} INFO - Started process (PID=802) to work on /opt/airflow/dags/pipeline_dag.py
[2026-05-05T13:54:25.376+0000] {processor.py:830} INFO - Processing file /opt/airflow/dags/pipeline_dag.py for tasks to queue
[2026-05-05T13:54:25.379+0000] {logging_mixin.py:188} INFO - [2026-05-05T13:54:25.378+0000] {dagbag.py:545} INFO - Filling up the DagBag from /opt/airflow/dags/pipeline_dag.py
[2026-05-05T13:54:25.404+0000] {processor.py:840} INFO - DAG(s) 'ecommerce_pipeline' retrieved from /opt/airflow/dags/pipeline_dag.py
[2026-05-05T13:54:25.448+0000] {logging_mixin.py:188} INFO - [2026-05-05T13:54:25.448+0000] {dag.py:3096} INFO - Sync 1 DAGs
[2026-05-05T13:54:25.480+0000] {logging_mixin.py:188} INFO - [2026-05-05T13:54:25.480+0000] {dag.py:3954} INFO - Setting next_dagrun for ecommerce_pipeline to 2026-05-05 00:00:00+00:00, run_after=2026-05-06 00:00:00+00:00
[2026-05-05T13:54:25.511+0000] {processor.py:183} INFO - Processing /opt/airflow/dags/pipeline_dag.py took 0.143 seconds
[2026-05-05T13:54:55.616+0000] {processor.py:161} INFO - Started process (PID=807) to work on /opt/airflow/dags/pipeline_dag.py
[2026-05-05T13:54:55.618+0000] {processor.py:830} INFO - Processing file /opt/airflow/dags/pipeline_dag.py for tasks to queue
[2026-05-05T13:54:55.619+0000] {logging_mixin.py:188} INFO - [2026-05-05T13:54:55.619+0000] {dagbag.py:545} INFO - Filling up the DagBag from /opt/airflow/dags/pipeline_dag.py
[2026-05-05T13:54:55.644+0000] {processor.py:840} INFO - DAG(s) 'ecommerce_pipeline' retrieved from /opt/airflow/dags/pipeline_dag.py
[2026-05-05T13:54:55.680+0000] {logging_mixin.py:188} INFO - [2026-05-05T13:54:55.680+0000] {dag.py:3096} INFO - Sync 1 DAGs
[2026-05-05T13:54:55.703+0000] {logging_mixin.py:188} INFO - [2026-05-05T13:54:55.702+0000] {dag.py:3954} INFO - Setting next_dagrun for ecommerce_pipeline to 2026-05-05 00:00:00+00:00, run_after=2026-05-06 00:00:00+00:00
[2026-05-05T13:54:55.729+0000] {processor.py:183} INFO - Processing /opt/airflow/dags/pipeline_dag.py took 0.119 seconds
[2026-05-05T13:55:25.789+0000] {processor.py:161} INFO - Started process (PID=812) to work on /opt/airflow/dags/pipeline_dag.py
[2026-05-05T13:55:25.791+0000] {processor.py:830} INFO - Processing file /opt/airflow/dags/pipeline_dag.py for tasks to queue
[2026-05-05T13:55:25.792+0000] {logging_mixin.py:188} INFO - [2026-05-05T13:55:25.792+0000] {dagbag.py:545} INFO - Filling up the DagBag from /opt/airflow/dags/pipeline_dag.py
[2026-05-05T13:55:25.813+0000] {processor.py:840} INFO - DAG(s) 'ecommerce_pipeline' retrieved from /opt/airflow/dags/pipeline_dag.py
[2026-05-05T13:55:25.853+0000] {logging_mixin.py:188} INFO - [2026-05-05T13:55:25.853+0000] {dag.py:3096} INFO - Sync 1 DAGs
[2026-05-05T13:55:25.876+0000] {logging_mixin.py:188} INFO - [2026-05-05T13:55:25.876+0000] {dag.py:3954} INFO - Setting next_dagrun for ecommerce_pipeline to 2026-05-05 00:00:00+00:00, run_after=2026-05-06 00:00:00+00:00
[2026-05-05T13:55:25.903+0000] {processor.py:183} INFO - Processing /opt/airflow/dags/pipeline_dag.py took 0.119 seconds
[2026-05-05T13:55:56.869+0000] {processor.py:161} INFO - Started process (PID=817) to work on /opt/airflow/dags/pipeline_dag.py
[2026-05-05T13:55:56.870+0000] {processor.py:830} INFO - Processing file /opt/airflow/dags/pipeline_dag.py for tasks to queue
[2026-05-05T13:55:56.873+0000] {logging_mixin.py:188} INFO - [2026-05-05T13:55:56.872+0000] {dagbag.py:545} INFO - Filling up the DagBag from /opt/airflow/dags/pipeline_dag.py
[2026-05-05T13:55:56.895+0000] {processor.py:840} INFO - DAG(s) 'ecommerce_pipeline' retrieved from /opt/airflow/dags/pipeline_dag.py
[2026-05-05T13:55:56.937+0000] {logging_mixin.py:188} INFO - [2026-05-05T13:55:56.937+0000] {dag.py:3096} INFO - Sync 1 DAGs
[2026-05-05T13:55:56.965+0000] {logging_mixin.py:188} INFO - [2026-05-05T13:55:56.964+0000] {dag.py:3954} INFO - Setting next_dagrun for ecommerce_pipeline to 2026-05-05 00:00:00+00:00, run_after=2026-05-06 00:00:00+00:00
[2026-05-05T13:55:56.996+0000] {processor.py:183} INFO - Processing /opt/airflow/dags/pipeline_dag.py took 0.133 seconds
[2026-05-05T13:56:28.055+0000] {processor.py:161} INFO - Started process (PID=822) to work on /opt/airflow/dags/pipeline_dag.py
[2026-05-05T13:56:28.056+0000] {processor.py:830} INFO - Processing file /opt/airflow/dags/pipeline_dag.py for tasks to queue
[2026-05-05T13:56:28.057+0000] {logging_mixin.py:188} INFO - [2026-05-05T13:56:28.057+0000] {dagbag.py:545} INFO - Filling up the DagBag from /opt/airflow/dags/pipeline_dag.py
[2026-05-05T13:56:28.078+0000] {processor.py:840} INFO - DAG(s) 'ecommerce_pipeline' retrieved from /opt/airflow/dags/pipeline_dag.py
[2026-05-05T13:56:28.113+0000] {logging_mixin.py:188} INFO - [2026-05-05T13:56:28.113+0000] {dag.py:3096} INFO - Sync 1 DAGs
[2026-05-05T13:56:28.137+0000] {logging_mixin.py:188} INFO - [2026-05-05T13:56:28.137+0000] {dag.py:3954} INFO - Setting next_dagrun for ecommerce_pipeline to 2026-05-05 00:00:00+00:00, run_after=2026-05-06 00:00:00+00:00
[2026-05-05T13:56:28.160+0000] {processor.py:183} INFO - Processing /opt/airflow/dags/pipeline_dag.py took 0.112 seconds
[2026-05-05T13:56:59.220+0000] {processor.py:161} INFO - Started process (PID=827) to work on /opt/airflow/dags/pipeline_dag.py
[2026-05-05T13:56:59.222+0000] {processor.py:830} INFO - Processing file /opt/airflow/dags/pipeline_dag.py for tasks to queue
[2026-05-05T13:56:59.223+0000] {logging_mixin.py:188} INFO - [2026-05-05T13:56:59.223+0000] {dagbag.py:545} INFO - Filling up the DagBag from /opt/airflow/dags/pipeline_dag.py
[2026-05-05T13:56:59.243+0000] {processor.py:840} INFO - DAG(s) 'ecommerce_pipeline' retrieved from /opt/airflow/dags/pipeline_dag.py
[2026-05-05T13:56:59.277+0000] {logging_mixin.py:188} INFO - [2026-05-05T13:56:59.277+0000] {dag.py:3096} INFO - Sync 1 DAGs
[2026-05-05T13:56:59.299+0000] {logging_mixin.py:188} INFO - [2026-05-05T13:56:59.299+0000] {dag.py:3954} INFO - Setting next_dagrun for ecommerce_pipeline to 2026-05-05 00:00:00+00:00, run_after=2026-05-06 00:00:00+00:00
[2026-05-05T13:56:59.322+0000] {processor.py:183} INFO - Processing /opt/airflow/dags/pipeline_dag.py took 0.107 seconds
[2026-05-05T13:57:29.374+0000] {processor.py:161} INFO - Started process (PID=832) to work on /opt/airflow/dags/pipeline_dag.py
[2026-05-05T13:57:29.375+0000] {processor.py:830} INFO - Processing file /opt/airflow/dags/pipeline_dag.py for tasks to queue
[2026-05-05T13:57:29.378+0000] {logging_mixin.py:188} INFO - [2026-05-05T13:57:29.377+0000] {dagbag.py:545} INFO - Filling up the DagBag from /opt/airflow/dags/pipeline_dag.py
[2026-05-05T13:57:29.400+0000] {processor.py:840} INFO - DAG(s) 'ecommerce_pipeline' retrieved from /opt/airflow/dags/pipeline_dag.py
[2026-05-05T13:57:29.437+0000] {logging_mixin.py:188} INFO - [2026-05-05T13:57:29.436+0000] {dag.py:3096} INFO - Sync 1 DAGs
[2026-05-05T13:57:29.458+0000] {logging_mixin.py:188} INFO - [2026-05-05T13:57:29.458+0000] {dag.py:3954} INFO - Setting next_dagrun for ecommerce_pipeline to 2026-05-05 00:00:00+00:00, run_after=2026-05-06 00:00:00+00:00
[2026-05-05T13:57:29.478+0000] {processor.py:183} INFO - Processing /opt/airflow/dags/pipeline_dag.py took 0.112 seconds
[2026-05-05T13:57:59.994+0000] {processor.py:161} INFO - Started process (PID=837) to work on /opt/airflow/dags/pipeline_dag.py
[2026-05-05T13:57:59.996+0000] {processor.py:830} INFO - Processing file /opt/airflow/dags/pipeline_dag.py for tasks to queue
[2026-05-05T13:57:59.998+0000] {logging_mixin.py:188} INFO - [2026-05-05T13:57:59.998+0000] {dagbag.py:545} INFO - Filling up the DagBag from /opt/airflow/dags/pipeline_dag.py
[2026-05-05T13:58:00.022+0000] {processor.py:840} INFO - DAG(s) 'ecommerce_pipeline' retrieved from /opt/airflow/dags/pipeline_dag.py
[2026-05-05T13:58:00.058+0000] {logging_mixin.py:188} INFO - [2026-05-05T13:58:00.058+0000] {dag.py:3096} INFO - Sync 1 DAGs
[2026-05-05T13:58:00.081+0000] {logging_mixin.py:188} INFO - [2026-05-05T13:58:00.081+0000] {dag.py:3954} INFO - Setting next_dagrun for ecommerce_pipeline to 2026-05-05 00:00:00+00:00, run_after=2026-05-06 00:00:00+00:00
[2026-05-05T13:58:00.106+0000] {processor.py:183} INFO - Processing /opt/airflow/dags/pipeline_dag.py took 0.122 seconds
[2026-05-05T13:58:31.478+0000] {processor.py:161} INFO - Started process (PID=842) to work on /opt/airflow/dags/pipeline_dag.py
[2026-05-05T13:58:31.479+0000] {processor.py:830} INFO - Processing file /opt/airflow/dags/pipeline_dag.py for tasks to queue
[2026-05-05T13:58:31.481+0000] {logging_mixin.py:188} INFO - [2026-05-05T13:58:31.481+0000] {dagbag.py:545} INFO - Filling up the DagBag from /opt/airflow/dags/pipeline_dag.py
[2026-05-05T13:58:31.505+0000] {processor.py:840} INFO - DAG(s) 'ecommerce_pipeline' retrieved from /opt/airflow/dags/pipeline_dag.py
[2026-05-05T13:58:31.543+0000] {logging_mixin.py:188} INFO - [2026-05-05T13:58:31.543+0000] {dag.py:3096} INFO - Sync 1 DAGs
[2026-05-05T13:58:31.568+0000] {logging_mixin.py:188} INFO - [2026-05-05T13:58:31.568+0000] {dag.py:3954} INFO - Setting next_dagrun for ecommerce_pipeline to 2026-05-05 00:00:00+00:00, run_after=2026-05-06 00:00:00+00:00
[2026-05-05T13:58:31.593+0000] {processor.py:183} INFO - Processing /opt/airflow/dags/pipeline_dag.py took 0.121 seconds
[2026-05-05T13:59:02.675+0000] {processor.py:161} INFO - Started process (PID=847) to work on /opt/airflow/dags/pipeline_dag.py
[2026-05-05T13:59:02.676+0000] {processor.py:830} INFO - Processing file /opt/airflow/dags/pipeline_dag.py for tasks to queue
[2026-05-05T13:59:02.682+0000] {logging_mixin.py:188} INFO - [2026-05-05T13:59:02.682+0000] {dagbag.py:545} INFO - Filling up the DagBag from /opt/airflow/dags/pipeline_dag.py
[2026-05-05T13:59:02.725+0000] {processor.py:840} INFO - DAG(s) 'ecommerce_pipeline' retrieved from /opt/airflow/dags/pipeline_dag.py
[2026-05-05T13:59:02.813+0000] {logging_mixin.py:188} INFO - [2026-05-05T13:59:02.813+0000] {dag.py:3096} INFO - Sync 1 DAGs
[2026-05-05T13:59:02.882+0000] {logging_mixin.py:188} INFO - [2026-05-05T13:59:02.879+0000] {dag.py:3954} INFO - Setting next_dagrun for ecommerce_pipeline to 2026-05-05 00:00:00+00:00, run_after=2026-05-06 00:00:00+00:00
[2026-05-05T13:59:02.944+0000] {processor.py:183} INFO - Processing /opt/airflow/dags/pipeline_dag.py took 0.279 seconds
[2026-05-05T13:59:33.137+0000] {processor.py:161} INFO - Started process (PID=852) to work on /opt/airflow/dags/pipeline_dag.py
[2026-05-05T13:59:33.139+0000] {processor.py:830} INFO - Processing file /opt/airflow/dags/pipeline_dag.py for tasks to queue
[2026-05-05T13:59:33.144+0000] {logging_mixin.py:188} INFO - [2026-05-05T13:59:33.144+0000] {dagbag.py:545} INFO - Filling up the DagBag from /opt/airflow/dags/pipeline_dag.py
[2026-05-05T13:59:33.185+0000] {processor.py:840} INFO - DAG(s) 'ecommerce_pipeline' retrieved from /opt/airflow/dags/pipeline_dag.py
[2026-05-05T13:59:33.268+0000] {logging_mixin.py:188} INFO - [2026-05-05T13:59:33.267+0000] {dag.py:3096} INFO - Sync 1 DAGs
[2026-05-05T13:59:33.303+0000] {logging_mixin.py:188} INFO - [2026-05-05T13:59:33.303+0000] {dag.py:3954} INFO - Setting next_dagrun for ecommerce_pipeline to 2026-05-05 00:00:00+00:00, run_after=2026-05-06 00:00:00+00:00
[2026-05-05T13:59:33.351+0000] {processor.py:183} INFO - Processing /opt/airflow/dags/pipeline_dag.py took 0.228 seconds
[2026-05-05T14:00:04.554+0000] {processor.py:161} INFO - Started process (PID=857) to work on /opt/airflow/dags/pipeline_dag.py
[2026-05-05T14:00:04.558+0000] {processor.py:830} INFO - Processing file /opt/airflow/dags/pipeline_dag.py for tasks to queue
[2026-05-05T14:00:04.570+0000] {logging_mixin.py:188} INFO - [2026-05-05T14:00:04.568+0000] {dagbag.py:545} INFO - Filling up the DagBag from /opt/airflow/dags/pipeline_dag.py
[2026-05-05T14:00:04.735+0000] {processor.py:840} INFO - DAG(s) 'ecommerce_pipeline' retrieved from /opt/airflow/dags/pipeline_dag.py
[2026-05-05T14:00:04.966+0000] {logging_mixin.py:188} INFO - [2026-05-05T14:00:04.965+0000] {dag.py:3096} INFO - Sync 1 DAGs
[2026-05-05T14:00:05.121+0000] {logging_mixin.py:188} INFO - [2026-05-05T14:00:05.121+0000] {dag.py:3954} INFO - Setting next_dagrun for ecommerce_pipeline to 2026-05-05 00:00:00+00:00, run_after=2026-05-06 00:00:00+00:00
[2026-05-05T14:00:05.195+0000] {processor.py:183} INFO - Processing /opt/airflow/dags/pipeline_dag.py took 0.678 seconds
[2026-05-05T14:00:35.410+0000] {processor.py:161} INFO - Started process (PID=862) to work on /opt/airflow/dags/pipeline_dag.py
[2026-05-05T14:00:35.411+0000] {processor.py:830} INFO - Processing file /opt/airflow/dags/pipeline_dag.py for tasks to queue
[2026-05-05T14:00:35.414+0000] {logging_mixin.py:188} INFO - [2026-05-05T14:00:35.414+0000] {dagbag.py:545} INFO - Filling up the DagBag from /opt/airflow/dags/pipeline_dag.py
[2026-05-05T14:00:35.441+0000] {processor.py:840} INFO - DAG(s) 'ecommerce_pipeline' retrieved from /opt/airflow/dags/pipeline_dag.py
[2026-05-05T14:00:35.488+0000] {logging_mixin.py:188} INFO - [2026-05-05T14:00:35.488+0000] {dag.py:3096} INFO - Sync 1 DAGs
[2026-05-05T14:00:35.524+0000] {logging_mixin.py:188} INFO - [2026-05-05T14:00:35.523+0000] {dag.py:3954} INFO - Setting next_dagrun for ecommerce_pipeline to 2026-05-05 00:00:00+00:00, run_after=2026-05-06 00:00:00+00:00
[2026-05-05T14:00:35.550+0000] {processor.py:183} INFO - Processing /opt/airflow/dags/pipeline_dag.py took 0.147 seconds
[2026-05-05T14:01:05.750+0000] {processor.py:161} INFO - Started process (PID=867) to work on /opt/airflow/dags/pipeline_dag.py
[2026-05-05T14:01:05.751+0000] {processor.py:830} INFO - Processing file /opt/airflow/dags/pipeline_dag.py for tasks to queue
[2026-05-05T14:01:05.753+0000] {logging_mixin.py:188} INFO - [2026-05-05T14:01:05.753+0000] {dagbag.py:545} INFO - Filling up the DagBag from /opt/airflow/dags/pipeline_dag.py
[2026-05-05T14:01:05.773+0000] {processor.py:840} INFO - DAG(s) 'ecommerce_pipeline' retrieved from /opt/airflow/dags/pipeline_dag.py
[2026-05-05T14:01:05.811+0000] {logging_mixin.py:188} INFO - [2026-05-05T14:01:05.811+0000] {dag.py:3096} INFO - Sync 1 DAGs
[2026-05-05T14:01:05.837+0000] {logging_mixin.py:188} INFO - [2026-05-05T14:01:05.836+0000] {dag.py:3954} INFO - Setting next_dagrun for ecommerce_pipeline to 2026-05-05 00:00:00+00:00, run_after=2026-05-06 00:00:00+00:00
[2026-05-05T14:01:05.866+0000] {processor.py:183} INFO - Processing /opt/airflow/dags/pipeline_dag.py took 0.122 seconds
[2026-05-05T14:01:36.821+0000] {processor.py:161} INFO - Started process (PID=872) to work on /opt/airflow/dags/pipeline_dag.py
[2026-05-05T14:01:36.822+0000] {processor.py:830} INFO - Processing file /opt/airflow/dags/pipeline_dag.py for tasks to queue
[2026-05-05T14:01:36.825+0000] {logging_mixin.py:188} INFO - [2026-05-05T14:01:36.824+0000] {dagbag.py:545} INFO - Filling up the DagBag from /opt/airflow/dags/pipeline_dag.py
[2026-05-05T14:01:36.846+0000] {processor.py:840} INFO - DAG(s) 'ecommerce_pipeline' retrieved from /opt/airflow/dags/pipeline_dag.py
[2026-05-05T14:01:36.885+0000] {logging_mixin.py:188} INFO - [2026-05-05T14:01:36.884+0000] {dag.py:3096} INFO - Sync 1 DAGs
[2026-05-05T14:01:36.905+0000] {logging_mixin.py:188} INFO - [2026-05-05T14:01:36.905+0000] {dag.py:3954} INFO - Setting next_dagrun for ecommerce_pipeline to 2026-05-05 00:00:00+00:00, run_after=2026-05-06 00:00:00+00:00
[2026-05-05T14:01:36.934+0000] {processor.py:183} INFO - Processing /opt/airflow/dags/pipeline_dag.py took 0.120 seconds
[2026-05-05T14:02:07.897+0000] {processor.py:161} INFO - Started process (PID=877) to work on /opt/airflow/dags/pipeline_dag.py
[2026-05-05T14:02:07.898+0000] {processor.py:830} INFO - Processing file /opt/airflow/dags/pipeline_dag.py for tasks to queue
[2026-05-05T14:02:07.900+0000] {logging_mixin.py:188} INFO - [2026-05-05T14:02:07.900+0000] {dagbag.py:545} INFO - Filling up the DagBag from /opt/airflow/dags/pipeline_dag.py
[2026-05-05T14:02:07.921+0000] {processor.py:840} INFO - DAG(s) 'ecommerce_pipeline' retrieved from /opt/airflow/dags/pipeline_dag.py
[2026-05-05T14:02:07.962+0000] {logging_mixin.py:188} INFO - [2026-05-05T14:02:07.962+0000] {dag.py:3096} INFO - Sync 1 DAGs
[2026-05-05T14:02:07.985+0000] {logging_mixin.py:188} INFO - [2026-05-05T14:02:07.985+0000] {dag.py:3954} INFO - Setting next_dagrun for ecommerce_pipeline to 2026-05-05 00:00:00+00:00, run_after=2026-05-06 00:00:00+00:00
[2026-05-05T14:02:08.003+0000] {processor.py:183} INFO - Processing /opt/airflow/dags/pipeline_dag.py took 0.112 seconds
[2026-05-05T14:02:39.008+0000] {processor.py:161} INFO - Started process (PID=882) to work on /opt/airflow/dags/pipeline_dag.py
[2026-05-05T14:02:39.009+0000] {processor.py:830} INFO - Processing file /opt/airflow/dags/pipeline_dag.py for tasks to queue
[2026-05-05T14:02:39.011+0000] {logging_mixin.py:188} INFO - [2026-05-05T14:02:39.011+0000] {dagbag.py:545} INFO - Filling up the DagBag from /opt/airflow/dags/pipeline_dag.py
[2026-05-05T14:02:39.031+0000] {processor.py:840} INFO - DAG(s) 'ecommerce_pipeline' retrieved from /opt/airflow/dags/pipeline_dag.py
[2026-05-05T14:02:39.067+0000] {logging_mixin.py:188} INFO - [2026-05-05T14:02:39.067+0000] {dag.py:3096} INFO - Sync 1 DAGs
[2026-05-05T14:02:39.087+0000] {logging_mixin.py:188} INFO - [2026-05-05T14:02:39.086+0000] {dag.py:3954} INFO - Setting next_dagrun for ecommerce_pipeline to 2026-05-05 00:00:00+00:00, run_after=2026-05-06 00:00:00+00:00
[2026-05-05T14:02:39.106+0000] {processor.py:183} INFO - Processing /opt/airflow/dags/pipeline_dag.py took 0.103 seconds
[2026-05-05T14:03:10.322+0000] {processor.py:161} INFO - Started process (PID=887) to work on /opt/airflow/dags/pipeline_dag.py
[2026-05-05T14:03:10.323+0000] {processor.py:830} INFO - Processing file /opt/airflow/dags/pipeline_dag.py for tasks to queue
[2026-05-05T14:03:10.325+0000] {logging_mixin.py:188} INFO - [2026-05-05T14:03:10.325+0000] {dagbag.py:545} INFO - Filling up the DagBag from /opt/airflow/dags/pipeline_dag.py
[2026-05-05T14:03:10.350+0000] {processor.py:840} INFO - DAG(s) 'ecommerce_pipeline' retrieved from /opt/airflow/dags/pipeline_dag.py
[2026-05-05T14:03:10.391+0000] {logging_mixin.py:188} INFO - [2026-05-05T14:03:10.391+0000] {dag.py:3096} INFO - Sync 1 DAGs
[2026-05-05T14:03:10.413+0000] {logging_mixin.py:188} INFO - [2026-05-05T14:03:10.413+0000] {dag.py:3954} INFO - Setting next_dagrun for ecommerce_pipeline to 2026-05-05 00:00:00+00:00, run_after=2026-05-06 00:00:00+00:00
[2026-05-05T14:03:10.440+0000] {processor.py:183} INFO - Processing /opt/airflow/dags/pipeline_dag.py took 0.125 seconds
[2026-05-05T14:03:40.502+0000] {processor.py:161} INFO - Started process (PID=892) to work on /opt/airflow/dags/pipeline_dag.py
[2026-05-05T14:03:40.504+0000] {processor.py:830} INFO - Processing file /opt/airflow/dags/pipeline_dag.py for tasks to queue
[2026-05-05T14:03:40.508+0000] {logging_mixin.py:188} INFO - [2026-05-05T14:03:40.507+0000] {dagbag.py:545} INFO - Filling up the DagBag from /opt/airflow/dags/pipeline_dag.py
[2026-05-05T14:03:40.540+0000] {processor.py:840} INFO - DAG(s) 'ecommerce_pipeline' retrieved from /opt/airflow/dags/pipeline_dag.py
[2026-05-05T14:03:40.583+0000] {logging_mixin.py:188} INFO - [2026-05-05T14:03:40.582+0000] {dag.py:3096} INFO - Sync 1 DAGs
[2026-05-05T14:03:40.602+0000] {logging_mixin.py:188} INFO - [2026-05-05T14:03:40.602+0000] {dag.py:3954} INFO - Setting next_dagrun for ecommerce_pipeline to 2026-05-05 00:00:00+00:00, run_after=2026-05-06 00:00:00+00:00
[2026-05-05T14:03:40.620+0000] {processor.py:183} INFO - Processing /opt/airflow/dags/pipeline_dag.py took 0.129 seconds
[2026-05-05T14:04:11.605+0000] {processor.py:161} INFO - Started process (PID=897) to work on /opt/airflow/dags/pipeline_dag.py
[2026-05-05T14:04:11.606+0000] {processor.py:830} INFO - Processing file /opt/airflow/dags/pipeline_dag.py for tasks to queue
[2026-05-05T14:04:11.616+0000] {logging_mixin.py:188} INFO - [2026-05-05T14:04:11.615+0000] {dagbag.py:545} INFO - Filling up the DagBag from /opt/airflow/dags/pipeline_dag.py
[2026-05-05T14:04:11.638+0000] {processor.py:840} INFO - DAG(s) 'ecommerce_pipeline' retrieved from /opt/airflow/dags/pipeline_dag.py
[2026-05-05T14:04:11.671+0000] {logging_mixin.py:188} INFO - [2026-05-05T14:04:11.671+0000] {dag.py:3096} INFO - Sync 1 DAGs
[2026-05-05T14:04:11.692+0000] {logging_mixin.py:188} INFO - [2026-05-05T14:04:11.692+0000] {dag.py:3954} INFO - Setting next_dagrun for ecommerce_pipeline to 2026-05-05 00:00:00+00:00, run_after=2026-05-06 00:00:00+00:00
[2026-05-05T14:04:11.711+0000] {processor.py:183} INFO - Processing /opt/airflow/dags/pipeline_dag.py took 0.111 seconds
[2026-05-05T14:04:42.791+0000] {processor.py:161} INFO - Started process (PID=902) to work on /opt/airflow/dags/pipeline_dag.py
[2026-05-05T14:04:42.792+0000] {processor.py:830} INFO - Processing file /opt/airflow/dags/pipeline_dag.py for tasks to queue
[2026-05-05T14:04:42.794+0000] {logging_mixin.py:188} INFO - [2026-05-05T14:04:42.794+0000] {dagbag.py:545} INFO - Filling up the DagBag from /opt/airflow/dags/pipeline_dag.py
[2026-05-05T14:04:42.812+0000] {processor.py:840} INFO - DAG(s) 'ecommerce_pipeline' retrieved from /opt/airflow/dags/pipeline_dag.py
[2026-05-05T14:04:42.845+0000] {logging_mixin.py:188} INFO - [2026-05-05T14:04:42.844+0000] {dag.py:3096} INFO - Sync 1 DAGs
[2026-05-05T14:04:42.865+0000] {logging_mixin.py:188} INFO - [2026-05-05T14:04:42.865+0000] {dag.py:3954} INFO - Setting next_dagrun for ecommerce_pipeline to 2026-05-05 00:00:00+00:00, run_after=2026-05-06 00:00:00+00:00
[2026-05-05T14:04:42.888+0000] {processor.py:183} INFO - Processing /opt/airflow/dags/pipeline_dag.py took 0.103 seconds
[2026-05-05T14:05:13.948+0000] {processor.py:161} INFO - Started process (PID=907) to work on /opt/airflow/dags/pipeline_dag.py
[2026-05-05T14:05:13.949+0000] {processor.py:830} INFO - Processing file /opt/airflow/dags/pipeline_dag.py for tasks to queue
[2026-05-05T14:05:13.951+0000] {logging_mixin.py:188} INFO - [2026-05-05T14:05:13.951+0000] {dagbag.py:545} INFO - Filling up the DagBag from /opt/airflow/dags/pipeline_dag.py
[2026-05-05T14:05:13.971+0000] {processor.py:840} INFO - DAG(s) 'ecommerce_pipeline' retrieved from /opt/airflow/dags/pipeline_dag.py
[2026-05-05T14:05:14.010+0000] {logging_mixin.py:188} INFO - [2026-05-05T14:05:14.010+0000] {dag.py:3096} INFO - Sync 1 DAGs
[2026-05-05T14:05:14.034+0000] {logging_mixin.py:188} INFO - [2026-05-05T14:05:14.034+0000] {dag.py:3954} INFO - Setting next_dagrun for ecommerce_pipeline to 2026-05-05 00:00:00+00:00, run_after=2026-05-06 00:00:00+00:00
[2026-05-05T14:05:14.053+0000] {processor.py:183} INFO - Processing /opt/airflow/dags/pipeline_dag.py took 0.111 seconds
[2026-05-05T14:05:44.162+0000] {processor.py:161} INFO - Started process (PID=912) to work on /opt/airflow/dags/pipeline_dag.py
[2026-05-05T14:05:44.163+0000] {processor.py:830} INFO - Processing file /opt/airflow/dags/pipeline_dag.py for tasks to queue
[2026-05-05T14:05:44.165+0000] {logging_mixin.py:188} INFO - [2026-05-05T14:05:44.164+0000] {dagbag.py:545} INFO - Filling up the DagBag from /opt/airflow/dags/pipeline_dag.py
[2026-05-05T14:05:44.186+0000] {processor.py:840} INFO - DAG(s) 'ecommerce_pipeline' retrieved from /opt/airflow/dags/pipeline_dag.py
[2026-05-05T14:05:44.221+0000] {logging_mixin.py:188} INFO - [2026-05-05T14:05:44.221+0000] {dag.py:3096} INFO - Sync 1 DAGs
[2026-05-05T14:05:44.246+0000] {logging_mixin.py:188} INFO - [2026-05-05T14:05:44.246+0000] {dag.py:3954} INFO - Setting next_dagrun for ecommerce_pipeline to 2026-05-05 00:00:00+00:00, run_after=2026-05-06 00:00:00+00:00
[2026-05-05T14:05:44.272+0000] {processor.py:183} INFO - Processing /opt/airflow/dags/pipeline_dag.py took 0.116 seconds
[2026-05-05T14:06:15.261+0000] {processor.py:161} INFO - Started process (PID=917) to work on /opt/airflow/dags/pipeline_dag.py
[2026-05-05T14:06:15.262+0000] {processor.py:830} INFO - Processing file /opt/airflow/dags/pipeline_dag.py for tasks to queue
[2026-05-05T14:06:15.264+0000] {logging_mixin.py:188} INFO - [2026-05-05T14:06:15.263+0000] {dagbag.py:545} INFO - Filling up the DagBag from /opt/airflow/dags/pipeline_dag.py
[2026-05-05T14:06:15.284+0000] {processor.py:840} INFO - DAG(s) 'ecommerce_pipeline' retrieved from /opt/airflow/dags/pipeline_dag.py
[2026-05-05T14:06:15.321+0000] {logging_mixin.py:188} INFO - [2026-05-05T14:06:15.321+0000] {dag.py:3096} INFO - Sync 1 DAGs
[2026-05-05T14:06:15.346+0000] {logging_mixin.py:188} INFO - [2026-05-05T14:06:15.346+0000] {dag.py:3954} INFO - Setting next_dagrun for ecommerce_pipeline to 2026-05-05 00:00:00+00:00, run_after=2026-05-06 00:00:00+00:00
[2026-05-05T14:06:15.370+0000] {processor.py:183} INFO - Processing /opt/airflow/dags/pipeline_dag.py took 0.117 seconds
[2026-05-05T14:06:46.457+0000] {processor.py:161} INFO - Started process (PID=922) to work on /opt/airflow/dags/pipeline_dag.py
[2026-05-05T14:06:46.458+0000] {processor.py:830} INFO - Processing file /opt/airflow/dags/pipeline_dag.py for tasks to queue
[2026-05-05T14:06:46.460+0000] {logging_mixin.py:188} INFO - [2026-05-05T14:06:46.459+0000] {dagbag.py:545} INFO - Filling up the DagBag from /opt/airflow/dags/pipeline_dag.py
[2026-05-05T14:06:46.481+0000] {processor.py:840} INFO - DAG(s) 'ecommerce_pipeline' retrieved from /opt/airflow/dags/pipeline_dag.py
[2026-05-05T14:06:46.518+0000] {logging_mixin.py:188} INFO - [2026-05-05T14:06:46.518+0000] {dag.py:3096} INFO - Sync 1 DAGs
[2026-05-05T14:06:46.540+0000] {logging_mixin.py:188} INFO - [2026-05-05T14:06:46.539+0000] {dag.py:3954} INFO - Setting next_dagrun for ecommerce_pipeline to 2026-05-05 00:00:00+00:00, run_after=2026-05-06 00:00:00+00:00
[2026-05-05T14:06:46.559+0000] {processor.py:183} INFO - Processing /opt/airflow/dags/pipeline_dag.py took 0.106 seconds
[2026-05-05T14:07:17.518+0000] {processor.py:161} INFO - Started process (PID=927) to work on /opt/airflow/dags/pipeline_dag.py
[2026-05-05T14:07:17.519+0000] {processor.py:830} INFO - Processing file /opt/airflow/dags/pipeline_dag.py for tasks to queue
[2026-05-05T14:07:17.521+0000] {logging_mixin.py:188} INFO - [2026-05-05T14:07:17.521+0000] {dagbag.py:545} INFO - Filling up the DagBag from /opt/airflow/dags/pipeline_dag.py
[2026-05-05T14:07:17.542+0000] {processor.py:840} INFO - DAG(s) 'ecommerce_pipeline' retrieved from /opt/airflow/dags/pipeline_dag.py
[2026-05-05T14:07:17.581+0000] {logging_mixin.py:188} INFO - [2026-05-05T14:07:17.581+0000] {dag.py:3096} INFO - Sync 1 DAGs
[2026-05-05T14:07:17.607+0000] {logging_mixin.py:188} INFO - [2026-05-05T14:07:17.606+0000] {dag.py:3954} INFO - Setting next_dagrun for ecommerce_pipeline to 2026-05-05 00:00:00+00:00, run_after=2026-05-06 00:00:00+00:00
[2026-05-05T14:07:17.625+0000] {processor.py:183} INFO - Processing /opt/airflow/dags/pipeline_dag.py took 0.114 seconds
[2026-05-05T14:07:48.208+0000] {processor.py:161} INFO - Started process (PID=932) to work on /opt/airflow/dags/pipeline_dag.py
[2026-05-05T14:07:48.209+0000] {processor.py:830} INFO - Processing file /opt/airflow/dags/pipeline_dag.py for tasks to queue
[2026-05-05T14:07:48.210+0000] {logging_mixin.py:188} INFO - [2026-05-05T14:07:48.210+0000] {dagbag.py:545} INFO - Filling up the DagBag from /opt/airflow/dags/pipeline_dag.py
[2026-05-05T14:07:48.232+0000] {processor.py:840} INFO - DAG(s) 'ecommerce_pipeline' retrieved from /opt/airflow/dags/pipeline_dag.py
[2026-05-05T14:07:48.269+0000] {logging_mixin.py:188} INFO - [2026-05-05T14:07:48.269+0000] {dag.py:3096} INFO - Sync 1 DAGs
[2026-05-05T14:07:48.289+0000] {logging_mixin.py:188} INFO - [2026-05-05T14:07:48.289+0000] {dag.py:3954} INFO - Setting next_dagrun for ecommerce_pipeline to 2026-05-05 00:00:00+00:00, run_after=2026-05-06 00:00:00+00:00
[2026-05-05T14:07:48.317+0000] {processor.py:183} INFO - Processing /opt/airflow/dags/pipeline_dag.py took 0.116 seconds
[2026-05-05T14:08:18.954+0000] {processor.py:161} INFO - Started process (PID=937) to work on /opt/airflow/dags/pipeline_dag.py
[2026-05-05T14:08:18.955+0000] {processor.py:830} INFO - Processing file /opt/airflow/dags/pipeline_dag.py for tasks to queue
[2026-05-05T14:08:18.957+0000] {logging_mixin.py:188} INFO - [2026-05-05T14:08:18.957+0000] {dagbag.py:545} INFO - Filling up the DagBag from /opt/airflow/dags/pipeline_dag.py
[2026-05-05T14:08:18.982+0000] {processor.py:840} INFO - DAG(s) 'ecommerce_pipeline' retrieved from /opt/airflow/dags/pipeline_dag.py
[2026-05-05T14:08:19.037+0000] {logging_mixin.py:188} INFO - [2026-05-05T14:08:19.036+0000] {dag.py:3096} INFO - Sync 1 DAGs
[2026-05-05T14:08:19.062+0000] {logging_mixin.py:188} INFO - [2026-05-05T14:08:19.061+0000] {dag.py:3954} INFO - Setting next_dagrun for ecommerce_pipeline to 2026-05-05 00:00:00+00:00, run_after=2026-05-06 00:00:00+00:00
[2026-05-05T14:08:19.081+0000] {processor.py:183} INFO - Processing /opt/airflow/dags/pipeline_dag.py took 0.132 seconds
[2026-05-05T14:08:50.319+0000] {processor.py:161} INFO - Started process (PID=942) to work on /opt/airflow/dags/pipeline_dag.py
[2026-05-05T14:08:50.320+0000] {processor.py:830} INFO - Processing file /opt/airflow/dags/pipeline_dag.py for tasks to queue
[2026-05-05T14:08:50.325+0000] {logging_mixin.py:188} INFO - [2026-05-05T14:08:50.325+0000] {dagbag.py:545} INFO - Filling up the DagBag from /opt/airflow/dags/pipeline_dag.py
[2026-05-05T14:08:50.364+0000] {processor.py:840} INFO - DAG(s) 'ecommerce_pipeline' retrieved from /opt/airflow/dags/pipeline_dag.py
[2026-05-05T14:08:50.420+0000] {logging_mixin.py:188} INFO - [2026-05-05T14:08:50.420+0000] {dag.py:3096} INFO - Sync 1 DAGs
[2026-05-05T14:08:50.455+0000] {logging_mixin.py:188} INFO - [2026-05-05T14:08:50.455+0000] {dag.py:3954} INFO - Setting next_dagrun for ecommerce_pipeline to 2026-05-05 00:00:00+00:00, run_after=2026-05-06 00:00:00+00:00
[2026-05-05T14:08:50.486+0000] {processor.py:183} INFO - Processing /opt/airflow/dags/pipeline_dag.py took 0.183 seconds
[2026-05-05T14:09:21.571+0000] {processor.py:161} INFO - Started process (PID=947) to work on /opt/airflow/dags/pipeline_dag.py
[2026-05-05T14:09:21.573+0000] {processor.py:830} INFO - Processing file /opt/airflow/dags/pipeline_dag.py for tasks to queue
[2026-05-05T14:09:21.577+0000] {logging_mixin.py:188} INFO - [2026-05-05T14:09:21.576+0000] {dagbag.py:545} INFO - Filling up the DagBag from /opt/airflow/dags/pipeline_dag.py
[2026-05-05T14:09:21.610+0000] {processor.py:840} INFO - DAG(s) 'ecommerce_pipeline' retrieved from /opt/airflow/dags/pipeline_dag.py
[2026-05-05T14:09:21.664+0000] {logging_mixin.py:188} INFO - [2026-05-05T14:09:21.663+0000] {dag.py:3096} INFO - Sync 1 DAGs
[2026-05-05T14:09:21.699+0000] {logging_mixin.py:188} INFO - [2026-05-05T14:09:21.698+0000] {dag.py:3954} INFO - Setting next_dagrun for ecommerce_pipeline to 2026-05-05 00:00:00+00:00, run_after=2026-05-06 00:00:00+00:00
[2026-05-05T14:09:21.729+0000] {processor.py:183} INFO - Processing /opt/airflow/dags/pipeline_dag.py took 0.168 seconds
[2026-05-05T14:09:51.805+0000] {processor.py:161} INFO - Started process (PID=952) to work on /opt/airflow/dags/pipeline_dag.py
[2026-05-05T14:09:51.807+0000] {processor.py:830} INFO - Processing file /opt/airflow/dags/pipeline_dag.py for tasks to queue
[2026-05-05T14:09:51.808+0000] {logging_mixin.py:188} INFO - [2026-05-05T14:09:51.808+0000] {dagbag.py:545} INFO - Filling up the DagBag from /opt/airflow/dags/pipeline_dag.py
[2026-05-05T14:09:51.829+0000] {processor.py:840} INFO - DAG(s) 'ecommerce_pipeline' retrieved from /opt/airflow/dags/pipeline_dag.py
[2026-05-05T14:09:51.867+0000] {logging_mixin.py:188} INFO - [2026-05-05T14:09:51.867+0000] {dag.py:3096} INFO - Sync 1 DAGs
[2026-05-05T14:09:51.901+0000] {logging_mixin.py:188} INFO - [2026-05-05T14:09:51.901+0000] {dag.py:3954} INFO - Setting next_dagrun for ecommerce_pipeline to 2026-05-05 00:00:00+00:00, run_after=2026-05-06 00:00:00+00:00
[2026-05-05T14:09:51.932+0000] {processor.py:183} INFO - Processing /opt/airflow/dags/pipeline_dag.py took 0.133 seconds
[2026-05-05T14:10:23.026+0000] {processor.py:161} INFO - Started process (PID=957) to work on /opt/airflow/dags/pipeline_dag.py
[2026-05-05T14:10:23.029+0000] {processor.py:830} INFO - Processing file /opt/airflow/dags/pipeline_dag.py for tasks to queue
[2026-05-05T14:10:23.031+0000] {logging_mixin.py:188} INFO - [2026-05-05T14:10:23.031+0000] {dagbag.py:545} INFO - Filling up the DagBag from /opt/airflow/dags/pipeline_dag.py
[2026-05-05T14:10:23.064+0000] {processor.py:840} INFO - DAG(s) 'ecommerce_pipeline' retrieved from /opt/airflow/dags/pipeline_dag.py
[2026-05-05T14:10:23.126+0000] {logging_mixin.py:188} INFO - [2026-05-05T14:10:23.126+0000] {dag.py:3096} INFO - Sync 1 DAGs
[2026-05-05T14:10:23.160+0000] {logging_mixin.py:188} INFO - [2026-05-05T14:10:23.160+0000] {dag.py:3954} INFO - Setting next_dagrun for ecommerce_pipeline to 2026-05-05 00:00:00+00:00, run_after=2026-05-06 00:00:00+00:00
[2026-05-05T14:10:23.196+0000] {processor.py:183} INFO - Processing /opt/airflow/dags/pipeline_dag.py took 0.181 seconds
[2026-05-05T14:10:54.380+0000] {processor.py:161} INFO - Started process (PID=962) to work on /opt/airflow/dags/pipeline_dag.py
[2026-05-05T14:10:54.382+0000] {processor.py:830} INFO - Processing file /opt/airflow/dags/pipeline_dag.py for tasks to queue
[2026-05-05T14:10:54.386+0000] {logging_mixin.py:188} INFO - [2026-05-05T14:10:54.385+0000] {dagbag.py:545} INFO - Filling up the DagBag from /opt/airflow/dags/pipeline_dag.py
[2026-05-05T14:10:54.422+0000] {processor.py:840} INFO - DAG(s) 'ecommerce_pipeline' retrieved from /opt/airflow/dags/pipeline_dag.py
[2026-05-05T14:10:54.482+0000] {logging_mixin.py:188} INFO - [2026-05-05T14:10:54.482+0000] {dag.py:3096} INFO - Sync 1 DAGs
[2026-05-05T14:10:54.517+0000] {logging_mixin.py:188} INFO - [2026-05-05T14:10:54.517+0000] {dag.py:3954} INFO - Setting next_dagrun for ecommerce_pipeline to 2026-05-05 00:00:00+00:00, run_after=2026-05-06 00:00:00+00:00
[2026-05-05T14:10:54.561+0000] {processor.py:183} INFO - Processing /opt/airflow/dags/pipeline_dag.py took 0.192 seconds
[2026-05-05T14:11:24.812+0000] {processor.py:161} INFO - Started process (PID=967) to work on /opt/airflow/dags/pipeline_dag.py
[2026-05-05T14:11:24.814+0000] {processor.py:830} INFO - Processing file /opt/airflow/dags/pipeline_dag.py for tasks to queue
[2026-05-05T14:11:24.820+0000] {logging_mixin.py:188} INFO - [2026-05-05T14:11:24.819+0000] {dagbag.py:545} INFO - Filling up the DagBag from /opt/airflow/dags/pipeline_dag.py
[2026-05-05T14:11:24.868+0000] {processor.py:840} INFO - DAG(s) 'ecommerce_pipeline' retrieved from /opt/airflow/dags/pipeline_dag.py
[2026-05-05T14:11:24.945+0000] {logging_mixin.py:188} INFO - [2026-05-05T14:11:24.945+0000] {dag.py:3096} INFO - Sync 1 DAGs
[2026-05-05T14:11:24.982+0000] {logging_mixin.py:188} INFO - [2026-05-05T14:11:24.982+0000] {dag.py:3954} INFO - Setting next_dagrun for ecommerce_pipeline to 2026-05-05 00:00:00+00:00, run_after=2026-05-06 00:00:00+00:00
[2026-05-05T14:11:25.011+0000] {processor.py:183} INFO - Processing /opt/airflow/dags/pipeline_dag.py took 0.219 seconds
[2026-05-05T14:11:55.936+0000] {processor.py:161} INFO - Started process (PID=972) to work on /opt/airflow/dags/pipeline_dag.py
[2026-05-05T14:11:55.938+0000] {processor.py:830} INFO - Processing file /opt/airflow/dags/pipeline_dag.py for tasks to queue
[2026-05-05T14:11:55.940+0000] {logging_mixin.py:188} INFO - [2026-05-05T14:11:55.939+0000] {dagbag.py:545} INFO - Filling up the DagBag from /opt/airflow/dags/pipeline_dag.py
[2026-05-05T14:11:55.965+0000] {processor.py:840} INFO - DAG(s) 'ecommerce_pipeline' retrieved from /opt/airflow/dags/pipeline_dag.py
[2026-05-05T14:11:56.018+0000] {logging_mixin.py:188} INFO - [2026-05-05T14:11:56.017+0000] {dag.py:3096} INFO - Sync 1 DAGs
[2026-05-05T14:11:56.052+0000] {logging_mixin.py:188} INFO - [2026-05-05T14:11:56.052+0000] {dag.py:3954} INFO - Setting next_dagrun for ecommerce_pipeline to 2026-05-05 00:00:00+00:00, run_after=2026-05-06 00:00:00+00:00
[2026-05-05T14:11:56.080+0000] {processor.py:183} INFO - Processing /opt/airflow/dags/pipeline_dag.py took 0.151 seconds
[2026-05-05T14:12:27.057+0000] {processor.py:161} INFO - Started process (PID=977) to work on /opt/airflow/dags/pipeline_dag.py
[2026-05-05T14:12:27.058+0000] {processor.py:830} INFO - Processing file /opt/airflow/dags/pipeline_dag.py for tasks to queue
[2026-05-05T14:12:27.060+0000] {logging_mixin.py:188} INFO - [2026-05-05T14:12:27.060+0000] {dagbag.py:545} INFO - Filling up the DagBag from /opt/airflow/dags/pipeline_dag.py
[2026-05-05T14:12:27.085+0000] {processor.py:840} INFO - DAG(s) 'ecommerce_pipeline' retrieved from /opt/airflow/dags/pipeline_dag.py
[2026-05-05T14:12:27.131+0000] {logging_mixin.py:188} INFO - [2026-05-05T14:12:27.131+0000] {dag.py:3096} INFO - Sync 1 DAGs
[2026-05-05T14:12:27.153+0000] {logging_mixin.py:188} INFO - [2026-05-05T14:12:27.153+0000] {dag.py:3954} INFO - Setting next_dagrun for ecommerce_pipeline to 2026-05-05 00:00:00+00:00, run_after=2026-05-06 00:00:00+00:00
[2026-05-05T14:12:27.176+0000] {processor.py:183} INFO - Processing /opt/airflow/dags/pipeline_dag.py took 0.125 seconds
[2026-05-05T14:12:58.289+0000] {processor.py:161} INFO - Started process (PID=982) to work on /opt/airflow/dags/pipeline_dag.py
[2026-05-05T14:12:58.290+0000] {processor.py:830} INFO - Processing file /opt/airflow/dags/pipeline_dag.py for tasks to queue
[2026-05-05T14:12:58.292+0000] {logging_mixin.py:188} INFO - [2026-05-05T14:12:58.292+0000] {dagbag.py:545} INFO - Filling up the DagBag from /opt/airflow/dags/pipeline_dag.py
[2026-05-05T14:12:58.324+0000] {processor.py:840} INFO - DAG(s) 'ecommerce_pipeline' retrieved from /opt/airflow/dags/pipeline_dag.py
[2026-05-05T14:12:58.430+0000] {logging_mixin.py:188} INFO - [2026-05-05T14:12:58.430+0000] {dag.py:3096} INFO - Sync 1 DAGs
[2026-05-05T14:12:58.459+0000] {logging_mixin.py:188} INFO - [2026-05-05T14:12:58.459+0000] {dag.py:3954} INFO - Setting next_dagrun for ecommerce_pipeline to 2026-05-05 00:00:00+00:00, run_after=2026-05-06 00:00:00+00:00
[2026-05-05T14:12:58.483+0000] {processor.py:183} INFO - Processing /opt/airflow/dags/pipeline_dag.py took 0.200 seconds
[2026-05-05T14:13:28.658+0000] {processor.py:161} INFO - Started process (PID=987) to work on /opt/airflow/dags/pipeline_dag.py
[2026-05-05T14:13:28.659+0000] {processor.py:830} INFO - Processing file /opt/airflow/dags/pipeline_dag.py for tasks to queue
[2026-05-05T14:13:28.661+0000] {logging_mixin.py:188} INFO - [2026-05-05T14:13:28.661+0000] {dagbag.py:545} INFO - Filling up the DagBag from /opt/airflow/dags/pipeline_dag.py
[2026-05-05T14:13:28.686+0000] {processor.py:840} INFO - DAG(s) 'ecommerce_pipeline' retrieved from /opt/airflow/dags/pipeline_dag.py
[2026-05-05T14:13:28.726+0000] {logging_mixin.py:188} INFO - [2026-05-05T14:13:28.726+0000] {dag.py:3096} INFO - Sync 1 DAGs
[2026-05-05T14:13:28.747+0000] {logging_mixin.py:188} INFO - [2026-05-05T14:13:28.746+0000] {dag.py:3954} INFO - Setting next_dagrun for ecommerce_pipeline to 2026-05-05 00:00:00+00:00, run_after=2026-05-06 00:00:00+00:00
[2026-05-05T14:13:28.767+0000] {processor.py:183} INFO - Processing /opt/airflow/dags/pipeline_dag.py took 0.117 seconds
[2026-05-05T14:13:59.749+0000] {processor.py:161} INFO - Started process (PID=992) to work on /opt/airflow/dags/pipeline_dag.py
[2026-05-05T14:13:59.751+0000] {processor.py:830} INFO - Processing file /opt/airflow/dags/pipeline_dag.py for tasks to queue
[2026-05-05T14:13:59.754+0000] {logging_mixin.py:188} INFO - [2026-05-05T14:13:59.753+0000] {dagbag.py:545} INFO - Filling up the DagBag from /opt/airflow/dags/pipeline_dag.py
[2026-05-05T14:13:59.781+0000] {processor.py:840} INFO - DAG(s) 'ecommerce_pipeline' retrieved from /opt/airflow/dags/pipeline_dag.py
[2026-05-05T14:13:59.837+0000] {logging_mixin.py:188} INFO - [2026-05-05T14:13:59.837+0000] {dag.py:3096} INFO - Sync 1 DAGs
[2026-05-05T14:13:59.863+0000] {logging_mixin.py:188} INFO - [2026-05-05T14:13:59.863+0000] {dag.py:3954} INFO - Setting next_dagrun for ecommerce_pipeline to 2026-05-05 00:00:00+00:00, run_after=2026-05-06 00:00:00+00:00
[2026-05-05T14:13:59.887+0000] {processor.py:183} INFO - Processing /opt/airflow/dags/pipeline_dag.py took 0.148 seconds
[2026-05-05T14:14:31.070+0000] {processor.py:161} INFO - Started process (PID=997) to work on /opt/airflow/dags/pipeline_dag.py
[2026-05-05T14:14:31.071+0000] {processor.py:830} INFO - Processing file /opt/airflow/dags/pipeline_dag.py for tasks to queue
[2026-05-05T14:14:31.073+0000] {logging_mixin.py:188} INFO - [2026-05-05T14:14:31.073+0000] {dagbag.py:545} INFO - Filling up the DagBag from /opt/airflow/dags/pipeline_dag.py
[2026-05-05T14:14:31.094+0000] {processor.py:840} INFO - DAG(s) 'ecommerce_pipeline' retrieved from /opt/airflow/dags/pipeline_dag.py
[2026-05-05T14:14:31.129+0000] {logging_mixin.py:188} INFO - [2026-05-05T14:14:31.129+0000] {dag.py:3096} INFO - Sync 1 DAGs
[2026-05-05T14:14:31.150+0000] {logging_mixin.py:188} INFO - [2026-05-05T14:14:31.150+0000] {dag.py:3954} INFO - Setting next_dagrun for ecommerce_pipeline to 2026-05-05 00:00:00+00:00, run_after=2026-05-06 00:00:00+00:00
[2026-05-05T14:14:31.170+0000] {processor.py:183} INFO - Processing /opt/airflow/dags/pipeline_dag.py took 0.106 seconds
[2026-05-05T14:15:02.236+0000] {processor.py:161} INFO - Started process (PID=1002) to work on /opt/airflow/dags/pipeline_dag.py
[2026-05-05T14:15:02.239+0000] {processor.py:830} INFO - Processing file /opt/airflow/dags/pipeline_dag.py for tasks to queue
[2026-05-05T14:15:02.241+0000] {logging_mixin.py:188} INFO - [2026-05-05T14:15:02.241+0000] {dagbag.py:545} INFO - Filling up the DagBag from /opt/airflow/dags/pipeline_dag.py
[2026-05-05T14:15:02.272+0000] {processor.py:840} INFO - DAG(s) 'ecommerce_pipeline' retrieved from /opt/airflow/dags/pipeline_dag.py
[2026-05-05T14:15:02.322+0000] {logging_mixin.py:188} INFO - [2026-05-05T14:15:02.322+0000] {dag.py:3096} INFO - Sync 1 DAGs
[2026-05-05T14:15:02.349+0000] {logging_mixin.py:188} INFO - [2026-05-05T14:15:02.349+0000] {dag.py:3954} INFO - Setting next_dagrun for ecommerce_pipeline to 2026-05-05 00:00:00+00:00, run_after=2026-05-06 00:00:00+00:00
[2026-05-05T14:15:02.375+0000] {processor.py:183} INFO - Processing /opt/airflow/dags/pipeline_dag.py took 0.146 seconds
[2026-05-05T14:15:33.485+0000] {processor.py:161} INFO - Started process (PID=1007) to work on /opt/airflow/dags/pipeline_dag.py
[2026-05-05T14:15:33.486+0000] {processor.py:830} INFO - Processing file /opt/airflow/dags/pipeline_dag.py for tasks to queue
[2026-05-05T14:15:33.489+0000] {logging_mixin.py:188} INFO - [2026-05-05T14:15:33.489+0000] {dagbag.py:545} INFO - Filling up the DagBag from /opt/airflow/dags/pipeline_dag.py
[2026-05-05T14:15:33.513+0000] {processor.py:840} INFO - DAG(s) 'ecommerce_pipeline' retrieved from /opt/airflow/dags/pipeline_dag.py
[2026-05-05T14:15:33.549+0000] {logging_mixin.py:188} INFO - [2026-05-05T14:15:33.548+0000] {dag.py:3096} INFO - Sync 1 DAGs
[2026-05-05T14:15:33.575+0000] {logging_mixin.py:188} INFO - [2026-05-05T14:15:33.575+0000] {dag.py:3954} INFO - Setting next_dagrun for ecommerce_pipeline to 2026-05-05 00:00:00+00:00, run_after=2026-05-06 00:00:00+00:00
[2026-05-05T14:15:33.599+0000] {processor.py:183} INFO - Processing /opt/airflow/dags/pipeline_dag.py took 0.124 seconds
[2026-05-05T14:16:04.058+0000] {processor.py:161} INFO - Started process (PID=1012) to work on /opt/airflow/dags/pipeline_dag.py
[2026-05-05T14:16:04.060+0000] {processor.py:830} INFO - Processing file /opt/airflow/dags/pipeline_dag.py for tasks to queue
[2026-05-05T14:16:04.062+0000] {logging_mixin.py:188} INFO - [2026-05-05T14:16:04.062+0000] {dagbag.py:545} INFO - Filling up the DagBag from /opt/airflow/dags/pipeline_dag.py
[2026-05-05T14:16:04.082+0000] {processor.py:840} INFO - DAG(s) 'ecommerce_pipeline' retrieved from /opt/airflow/dags/pipeline_dag.py
[2026-05-05T14:16:04.118+0000] {logging_mixin.py:188} INFO - [2026-05-05T14:16:04.118+0000] {dag.py:3096} INFO - Sync 1 DAGs
[2026-05-05T14:16:04.139+0000] {logging_mixin.py:188} INFO - [2026-05-05T14:16:04.138+0000] {dag.py:3954} INFO - Setting next_dagrun for ecommerce_pipeline to 2026-05-05 00:00:00+00:00, run_after=2026-05-06 00:00:00+00:00
[2026-05-05T14:16:04.158+0000] {processor.py:183} INFO - Processing /opt/airflow/dags/pipeline_dag.py took 0.106 seconds
[2026-05-05T14:16:34.926+0000] {processor.py:161} INFO - Started process (PID=1017) to work on /opt/airflow/dags/pipeline_dag.py
[2026-05-05T14:16:34.927+0000] {processor.py:830} INFO - Processing file /opt/airflow/dags/pipeline_dag.py for tasks to queue
[2026-05-05T14:16:34.929+0000] {logging_mixin.py:188} INFO - [2026-05-05T14:16:34.929+0000] {dagbag.py:545} INFO - Filling up the DagBag from /opt/airflow/dags/pipeline_dag.py
[2026-05-05T14:16:34.952+0000] {processor.py:840} INFO - DAG(s) 'ecommerce_pipeline' retrieved from /opt/airflow/dags/pipeline_dag.py
[2026-05-05T14:16:34.996+0000] {logging_mixin.py:188} INFO - [2026-05-05T14:16:34.995+0000] {dag.py:3096} INFO - Sync 1 DAGs
[2026-05-05T14:16:35.017+0000] {logging_mixin.py:188} INFO - [2026-05-05T14:16:35.016+0000] {dag.py:3954} INFO - Setting next_dagrun for ecommerce_pipeline to 2026-05-05 00:00:00+00:00, run_after=2026-05-06 00:00:00+00:00
[2026-05-05T14:16:35.038+0000] {processor.py:183} INFO - Processing /opt/airflow/dags/pipeline_dag.py took 0.119 seconds
[2026-05-05T14:17:06.295+0000] {processor.py:161} INFO - Started process (PID=1022) to work on /opt/airflow/dags/pipeline_dag.py
[2026-05-05T14:17:06.298+0000] {processor.py:830} INFO - Processing file /opt/airflow/dags/pipeline_dag.py for tasks to queue
[2026-05-05T14:17:06.301+0000] {logging_mixin.py:188} INFO - [2026-05-05T14:17:06.301+0000] {dagbag.py:545} INFO - Filling up the DagBag from /opt/airflow/dags/pipeline_dag.py
[2026-05-05T14:17:06.333+0000] {processor.py:840} INFO - DAG(s) 'ecommerce_pipeline' retrieved from /opt/airflow/dags/pipeline_dag.py
[2026-05-05T14:17:06.384+0000] {logging_mixin.py:188} INFO - [2026-05-05T14:17:06.383+0000] {dag.py:3096} INFO - Sync 1 DAGs
[2026-05-05T14:17:06.423+0000] {logging_mixin.py:188} INFO - [2026-05-05T14:17:06.423+0000] {dag.py:3954} INFO - Setting next_dagrun for ecommerce_pipeline to 2026-05-05 00:00:00+00:00, run_after=2026-05-06 00:00:00+00:00
[2026-05-05T14:17:06.454+0000] {processor.py:183} INFO - Processing /opt/airflow/dags/pipeline_dag.py took 0.169 seconds
[2026-05-05T14:17:37.488+0000] {processor.py:161} INFO - Started process (PID=1027) to work on /opt/airflow/dags/pipeline_dag.py
[2026-05-05T14:17:37.489+0000] {processor.py:830} INFO - Processing file /opt/airflow/dags/pipeline_dag.py for tasks to queue
[2026-05-05T14:17:37.491+0000] {logging_mixin.py:188} INFO - [2026-05-05T14:17:37.490+0000] {dagbag.py:545} INFO - Filling up the DagBag from /opt/airflow/dags/pipeline_dag.py
[2026-05-05T14:17:37.510+0000] {processor.py:840} INFO - DAG(s) 'ecommerce_pipeline' retrieved from /opt/airflow/dags/pipeline_dag.py
[2026-05-05T14:17:37.554+0000] {logging_mixin.py:188} INFO - [2026-05-05T14:17:37.554+0000] {dag.py:3096} INFO - Sync 1 DAGs
[2026-05-05T14:17:37.585+0000] {logging_mixin.py:188} INFO - [2026-05-05T14:17:37.585+0000] {dag.py:3954} INFO - Setting next_dagrun for ecommerce_pipeline to 2026-05-05 00:00:00+00:00, run_after=2026-05-06 00:00:00+00:00
[2026-05-05T14:17:37.610+0000] {processor.py:183} INFO - Processing /opt/airflow/dags/pipeline_dag.py took 0.128 seconds
[2026-05-05T14:18:07.671+0000] {processor.py:161} INFO - Started process (PID=1032) to work on /opt/airflow/dags/pipeline_dag.py
[2026-05-05T14:18:07.673+0000] {processor.py:830} INFO - Processing file /opt/airflow/dags/pipeline_dag.py for tasks to queue
[2026-05-05T14:18:07.674+0000] {logging_mixin.py:188} INFO - [2026-05-05T14:18:07.674+0000] {dagbag.py:545} INFO - Filling up the DagBag from /opt/airflow/dags/pipeline_dag.py
[2026-05-05T14:18:07.697+0000] {processor.py:840} INFO - DAG(s) 'ecommerce_pipeline' retrieved from /opt/airflow/dags/pipeline_dag.py
[2026-05-05T14:18:07.736+0000] {logging_mixin.py:188} INFO - [2026-05-05T14:18:07.736+0000] {dag.py:3096} INFO - Sync 1 DAGs
[2026-05-05T14:18:07.757+0000] {logging_mixin.py:188} INFO - [2026-05-05T14:18:07.757+0000] {dag.py:3954} INFO - Setting next_dagrun for ecommerce_pipeline to 2026-05-05 00:00:00+00:00, run_after=2026-05-06 00:00:00+00:00
[2026-05-05T14:18:07.779+0000] {processor.py:183} INFO - Processing /opt/airflow/dags/pipeline_dag.py took 0.114 seconds
[2026-05-05T14:18:39.004+0000] {processor.py:161} INFO - Started process (PID=1037) to work on /opt/airflow/dags/pipeline_dag.py
[2026-05-05T14:18:39.006+0000] {processor.py:830} INFO - Processing file /opt/airflow/dags/pipeline_dag.py for tasks to queue
[2026-05-05T14:18:39.009+0000] {logging_mixin.py:188} INFO - [2026-05-05T14:18:39.008+0000] {dagbag.py:545} INFO - Filling up the DagBag from /opt/airflow/dags/pipeline_dag.py
[2026-05-05T14:18:39.038+0000] {processor.py:840} INFO - DAG(s) 'ecommerce_pipeline' retrieved from /opt/airflow/dags/pipeline_dag.py
[2026-05-05T14:18:39.077+0000] {logging_mixin.py:188} INFO - [2026-05-05T14:18:39.076+0000] {dag.py:3096} INFO - Sync 1 DAGs
[2026-05-05T14:18:39.099+0000] {logging_mixin.py:188} INFO - [2026-05-05T14:18:39.099+0000] {dag.py:3954} INFO - Setting next_dagrun for ecommerce_pipeline to 2026-05-05 00:00:00+00:00, run_after=2026-05-06 00:00:00+00:00
[2026-05-05T14:18:39.120+0000] {processor.py:183} INFO - Processing /opt/airflow/dags/pipeline_dag.py took 0.122 seconds
[2026-05-05T14:19:10.296+0000] {processor.py:161} INFO - Started process (PID=1042) to work on /opt/airflow/dags/pipeline_dag.py
[2026-05-05T14:19:10.298+0000] {processor.py:830} INFO - Processing file /opt/airflow/dags/pipeline_dag.py for tasks to queue
[2026-05-05T14:19:10.304+0000] {logging_mixin.py:188} INFO - [2026-05-05T14:19:10.301+0000] {dagbag.py:545} INFO - Filling up the DagBag from /opt/airflow/dags/pipeline_dag.py
[2026-05-05T14:19:10.358+0000] {processor.py:840} INFO - DAG(s) 'ecommerce_pipeline' retrieved from /opt/airflow/dags/pipeline_dag.py
[2026-05-05T14:19:10.423+0000] {logging_mixin.py:188} INFO - [2026-05-05T14:19:10.423+0000] {dag.py:3096} INFO - Sync 1 DAGs
[2026-05-05T14:19:10.459+0000] {logging_mixin.py:188} INFO - [2026-05-05T14:19:10.459+0000] {dag.py:3954} INFO - Setting next_dagrun for ecommerce_pipeline to 2026-05-05 00:00:00+00:00, run_after=2026-05-06 00:00:00+00:00
[2026-05-05T14:19:10.490+0000] {processor.py:183} INFO - Processing /opt/airflow/dags/pipeline_dag.py took 0.205 seconds
[2026-05-05T14:19:41.609+0000] {processor.py:161} INFO - Started process (PID=1047) to work on /opt/airflow/dags/pipeline_dag.py
[2026-05-05T14:19:41.611+0000] {processor.py:830} INFO - Processing file /opt/airflow/dags/pipeline_dag.py for tasks to queue
[2026-05-05T14:19:41.613+0000] {logging_mixin.py:188} INFO - [2026-05-05T14:19:41.613+0000] {dagbag.py:545} INFO - Filling up the DagBag from /opt/airflow/dags/pipeline_dag.py
[2026-05-05T14:19:41.644+0000] {processor.py:840} INFO - DAG(s) 'ecommerce_pipeline' retrieved from /opt/airflow/dags/pipeline_dag.py
[2026-05-05T14:19:41.693+0000] {logging_mixin.py:188} INFO - [2026-05-05T14:19:41.693+0000] {dag.py:3096} INFO - Sync 1 DAGs
[2026-05-05T14:19:41.722+0000] {logging_mixin.py:188} INFO - [2026-05-05T14:19:41.722+0000] {dag.py:3954} INFO - Setting next_dagrun for ecommerce_pipeline to 2026-05-05 00:00:00+00:00, run_after=2026-05-06 00:00:00+00:00
[2026-05-05T14:19:41.747+0000] {processor.py:183} INFO - Processing /opt/airflow/dags/pipeline_dag.py took 0.146 seconds
[2026-05-05T14:20:11.889+0000] {processor.py:161} INFO - Started process (PID=1052) to work on /opt/airflow/dags/pipeline_dag.py
[2026-05-05T14:20:11.890+0000] {processor.py:830} INFO - Processing file /opt/airflow/dags/pipeline_dag.py for tasks to queue
[2026-05-05T14:20:11.894+0000] {logging_mixin.py:188} INFO - [2026-05-05T14:20:11.894+0000] {dagbag.py:545} INFO - Filling up the DagBag from /opt/airflow/dags/pipeline_dag.py
[2026-05-05T14:20:11.924+0000] {processor.py:840} INFO - DAG(s) 'ecommerce_pipeline' retrieved from /opt/airflow/dags/pipeline_dag.py
[2026-05-05T14:20:11.973+0000] {logging_mixin.py:188} INFO - [2026-05-05T14:20:11.972+0000] {dag.py:3096} INFO - Sync 1 DAGs
[2026-05-05T14:20:12.004+0000] {logging_mixin.py:188} INFO - [2026-05-05T14:20:12.003+0000] {dag.py:3954} INFO - Setting next_dagrun for ecommerce_pipeline to 2026-05-05 00:00:00+00:00, run_after=2026-05-06 00:00:00+00:00
[2026-05-05T14:20:12.032+0000] {processor.py:183} INFO - Processing /opt/airflow/dags/pipeline_dag.py took 0.151 seconds
[2026-05-05T14:20:43.249+0000] {processor.py:161} INFO - Started process (PID=1057) to work on /opt/airflow/dags/pipeline_dag.py
[2026-05-05T14:20:43.253+0000] {processor.py:830} INFO - Processing file /opt/airflow/dags/pipeline_dag.py for tasks to queue
[2026-05-05T14:20:43.255+0000] {logging_mixin.py:188} INFO - [2026-05-05T14:20:43.255+0000] {dagbag.py:545} INFO - Filling up the DagBag from /opt/airflow/dags/pipeline_dag.py
[2026-05-05T14:20:43.294+0000] {processor.py:840} INFO - DAG(s) 'ecommerce_pipeline' retrieved from /opt/airflow/dags/pipeline_dag.py
[2026-05-05T14:20:43.358+0000] {logging_mixin.py:188} INFO - [2026-05-05T14:20:43.358+0000] {dag.py:3096} INFO - Sync 1 DAGs
[2026-05-05T14:20:43.386+0000] {logging_mixin.py:188} INFO - [2026-05-05T14:20:43.386+0000] {dag.py:3954} INFO - Setting next_dagrun for ecommerce_pipeline to 2026-05-05 00:00:00+00:00, run_after=2026-05-06 00:00:00+00:00
[2026-05-05T14:20:43.413+0000] {processor.py:183} INFO - Processing /opt/airflow/dags/pipeline_dag.py took 0.179 seconds
[2026-05-05T14:21:14.489+0000] {processor.py:161} INFO - Started process (PID=1062) to work on /opt/airflow/dags/pipeline_dag.py
[2026-05-05T14:21:14.493+0000] {processor.py:830} INFO - Processing file /opt/airflow/dags/pipeline_dag.py for tasks to queue
[2026-05-05T14:21:14.496+0000] {logging_mixin.py:188} INFO - [2026-05-05T14:21:14.496+0000] {dagbag.py:545} INFO - Filling up the DagBag from /opt/airflow/dags/pipeline_dag.py
[2026-05-05T14:21:14.527+0000] {processor.py:840} INFO - DAG(s) 'ecommerce_pipeline' retrieved from /opt/airflow/dags/pipeline_dag.py
[2026-05-05T14:21:14.589+0000] {logging_mixin.py:188} INFO - [2026-05-05T14:21:14.588+0000] {dag.py:3096} INFO - Sync 1 DAGs
[2026-05-05T14:21:14.622+0000] {logging_mixin.py:188} INFO - [2026-05-05T14:21:14.622+0000] {dag.py:3954} INFO - Setting next_dagrun for ecommerce_pipeline to 2026-05-05 00:00:00+00:00, run_after=2026-05-06 00:00:00+00:00
[2026-05-05T14:21:14.656+0000] {processor.py:183} INFO - Processing /opt/airflow/dags/pipeline_dag.py took 0.174 seconds
[2026-05-05T14:21:45.295+0000] {processor.py:161} INFO - Started process (PID=1067) to work on /opt/airflow/dags/pipeline_dag.py
[2026-05-05T14:21:45.297+0000] {processor.py:830} INFO - Processing file /opt/airflow/dags/pipeline_dag.py for tasks to queue
[2026-05-05T14:21:45.301+0000] {logging_mixin.py:188} INFO - [2026-05-05T14:21:45.300+0000] {dagbag.py:545} INFO - Filling up the DagBag from /opt/airflow/dags/pipeline_dag.py
[2026-05-05T14:21:45.330+0000] {processor.py:840} INFO - DAG(s) 'ecommerce_pipeline' retrieved from /opt/airflow/dags/pipeline_dag.py
[2026-05-05T14:21:45.397+0000] {logging_mixin.py:188} INFO - [2026-05-05T14:21:45.396+0000] {dag.py:3096} INFO - Sync 1 DAGs
[2026-05-05T14:21:45.433+0000] {logging_mixin.py:188} INFO - [2026-05-05T14:21:45.433+0000] {dag.py:3954} INFO - Setting next_dagrun for ecommerce_pipeline to 2026-05-05 00:00:00+00:00, run_after=2026-05-06 00:00:00+00:00
[2026-05-05T14:21:45.474+0000] {processor.py:183} INFO - Processing /opt/airflow/dags/pipeline_dag.py took 0.187 seconds
[2026-05-05T14:22:16.163+0000] {processor.py:161} INFO - Started process (PID=1072) to work on /opt/airflow/dags/pipeline_dag.py
[2026-05-05T14:22:16.164+0000] {processor.py:830} INFO - Processing file /opt/airflow/dags/pipeline_dag.py for tasks to queue
[2026-05-05T14:22:16.166+0000] {logging_mixin.py:188} INFO - [2026-05-05T14:22:16.166+0000] {dagbag.py:545} INFO - Filling up the DagBag from /opt/airflow/dags/pipeline_dag.py
[2026-05-05T14:22:16.191+0000] {processor.py:840} INFO - DAG(s) 'ecommerce_pipeline' retrieved from /opt/airflow/dags/pipeline_dag.py
[2026-05-05T14:22:16.237+0000] {logging_mixin.py:188} INFO - [2026-05-05T14:22:16.236+0000] {dag.py:3096} INFO - Sync 1 DAGs
[2026-05-05T14:22:16.267+0000] {logging_mixin.py:188} INFO - [2026-05-05T14:22:16.266+0000] {dag.py:3954} INFO - Setting next_dagrun for ecommerce_pipeline to 2026-05-05 00:00:00+00:00, run_after=2026-05-06 00:00:00+00:00
[2026-05-05T14:22:16.293+0000] {processor.py:183} INFO - Processing /opt/airflow/dags/pipeline_dag.py took 0.137 seconds
[2026-05-05T14:22:47.463+0000] {processor.py:161} INFO - Started process (PID=1077) to work on /opt/airflow/dags/pipeline_dag.py
[2026-05-05T14:22:47.465+0000] {processor.py:830} INFO - Processing file /opt/airflow/dags/pipeline_dag.py for tasks to queue
[2026-05-05T14:22:47.467+0000] {logging_mixin.py:188} INFO - [2026-05-05T14:22:47.466+0000] {dagbag.py:545} INFO - Filling up the DagBag from /opt/airflow/dags/pipeline_dag.py
[2026-05-05T14:22:47.491+0000] {processor.py:840} INFO - DAG(s) 'ecommerce_pipeline' retrieved from /opt/airflow/dags/pipeline_dag.py
[2026-05-05T14:22:47.538+0000] {logging_mixin.py:188} INFO - [2026-05-05T14:22:47.538+0000] {dag.py:3096} INFO - Sync 1 DAGs
[2026-05-05T14:22:47.568+0000] {logging_mixin.py:188} INFO - [2026-05-05T14:22:47.568+0000] {dag.py:3954} INFO - Setting next_dagrun for ecommerce_pipeline to 2026-05-05 00:00:00+00:00, run_after=2026-05-06 00:00:00+00:00
[2026-05-05T14:22:47.595+0000] {processor.py:183} INFO - Processing /opt/airflow/dags/pipeline_dag.py took 0.139 seconds
[2026-05-05T14:23:17.931+0000] {processor.py:161} INFO - Started process (PID=1082) to work on /opt/airflow/dags/pipeline_dag.py
[2026-05-05T14:23:17.933+0000] {processor.py:830} INFO - Processing file /opt/airflow/dags/pipeline_dag.py for tasks to queue
[2026-05-05T14:23:17.935+0000] {logging_mixin.py:188} INFO - [2026-05-05T14:23:17.935+0000] {dagbag.py:545} INFO - Filling up the DagBag from /opt/airflow/dags/pipeline_dag.py
[2026-05-05T14:23:17.963+0000] {processor.py:840} INFO - DAG(s) 'ecommerce_pipeline' retrieved from /opt/airflow/dags/pipeline_dag.py
[2026-05-05T14:23:18.007+0000] {logging_mixin.py:188} INFO - [2026-05-05T14:23:18.007+0000] {dag.py:3096} INFO - Sync 1 DAGs
[2026-05-05T14:23:18.026+0000] {logging_mixin.py:188} INFO - [2026-05-05T14:23:18.026+0000] {dag.py:3954} INFO - Setting next_dagrun for ecommerce_pipeline to 2026-05-05 00:00:00+00:00, run_after=2026-05-06 00:00:00+00:00
[2026-05-05T14:23:18.048+0000] {processor.py:183} INFO - Processing /opt/airflow/dags/pipeline_dag.py took 0.126 seconds
[2026-05-05T14:23:49.252+0000] {processor.py:161} INFO - Started process (PID=1087) to work on /opt/airflow/dags/pipeline_dag.py
[2026-05-05T14:23:49.253+0000] {processor.py:830} INFO - Processing file /opt/airflow/dags/pipeline_dag.py for tasks to queue
[2026-05-05T14:23:49.255+0000] {logging_mixin.py:188} INFO - [2026-05-05T14:23:49.255+0000] {dagbag.py:545} INFO - Filling up the DagBag from /opt/airflow/dags/pipeline_dag.py
[2026-05-05T14:23:49.275+0000] {processor.py:840} INFO - DAG(s) 'ecommerce_pipeline' retrieved from /opt/airflow/dags/pipeline_dag.py
[2026-05-05T14:23:49.311+0000] {logging_mixin.py:188} INFO - [2026-05-05T14:23:49.311+0000] {dag.py:3096} INFO - Sync 1 DAGs
[2026-05-05T14:23:49.334+0000] {logging_mixin.py:188} INFO - [2026-05-05T14:23:49.334+0000] {dag.py:3954} INFO - Setting next_dagrun for ecommerce_pipeline to 2026-05-05 00:00:00+00:00, run_after=2026-05-06 00:00:00+00:00
[2026-05-05T14:23:49.357+0000] {processor.py:183} INFO - Processing /opt/airflow/dags/pipeline_dag.py took 0.115 seconds
[2026-05-05T14:24:20.571+0000] {processor.py:161} INFO - Started process (PID=1092) to work on /opt/airflow/dags/pipeline_dag.py
[2026-05-05T14:24:20.572+0000] {processor.py:830} INFO - Processing file /opt/airflow/dags/pipeline_dag.py for tasks to queue
[2026-05-05T14:24:20.574+0000] {logging_mixin.py:188} INFO - [2026-05-05T14:24:20.574+0000] {dagbag.py:545} INFO - Filling up the DagBag from /opt/airflow/dags/pipeline_dag.py
[2026-05-05T14:24:20.596+0000] {processor.py:840} INFO - DAG(s) 'ecommerce_pipeline' retrieved from /opt/airflow/dags/pipeline_dag.py
[2026-05-05T14:24:20.633+0000] {logging_mixin.py:188} INFO - [2026-05-05T14:24:20.633+0000] {dag.py:3096} INFO - Sync 1 DAGs
[2026-05-05T14:24:20.652+0000] {logging_mixin.py:188} INFO - [2026-05-05T14:24:20.652+0000] {dag.py:3954} INFO - Setting next_dagrun for ecommerce_pipeline to 2026-05-05 00:00:00+00:00, run_after=2026-05-06 00:00:00+00:00
[2026-05-05T14:24:20.674+0000] {processor.py:183} INFO - Processing /opt/airflow/dags/pipeline_dag.py took 0.109 seconds
[2026-05-05T14:24:51.794+0000] {processor.py:161} INFO - Started process (PID=1097) to work on /opt/airflow/dags/pipeline_dag.py
[2026-05-05T14:24:51.795+0000] {processor.py:830} INFO - Processing file /opt/airflow/dags/pipeline_dag.py for tasks to queue
[2026-05-05T14:24:51.797+0000] {logging_mixin.py:188} INFO - [2026-05-05T14:24:51.797+0000] {dagbag.py:545} INFO - Filling up the DagBag from /opt/airflow/dags/pipeline_dag.py
[2026-05-05T14:24:51.819+0000] {processor.py:840} INFO - DAG(s) 'ecommerce_pipeline' retrieved from /opt/airflow/dags/pipeline_dag.py
[2026-05-05T14:24:51.872+0000] {logging_mixin.py:188} INFO - [2026-05-05T14:24:51.872+0000] {dag.py:3096} INFO - Sync 1 DAGs
[2026-05-05T14:24:51.900+0000] {logging_mixin.py:188} INFO - [2026-05-05T14:24:51.900+0000] {dag.py:3954} INFO - Setting next_dagrun for ecommerce_pipeline to 2026-05-05 00:00:00+00:00, run_after=2026-05-06 00:00:00+00:00
[2026-05-05T14:24:51.928+0000] {processor.py:183} INFO - Processing /opt/airflow/dags/pipeline_dag.py took 0.141 seconds
[2026-05-05T14:25:22.159+0000] {processor.py:161} INFO - Started process (PID=1102) to work on /opt/airflow/dags/pipeline_dag.py
[2026-05-05T14:25:22.174+0000] {processor.py:830} INFO - Processing file /opt/airflow/dags/pipeline_dag.py for tasks to queue
[2026-05-05T14:25:22.182+0000] {logging_mixin.py:188} INFO - [2026-05-05T14:25:22.181+0000] {dagbag.py:545} INFO - Filling up the DagBag from /opt/airflow/dags/pipeline_dag.py
[2026-05-05T14:25:22.234+0000] {processor.py:840} INFO - DAG(s) 'ecommerce_pipeline' retrieved from /opt/airflow/dags/pipeline_dag.py
[2026-05-05T14:25:22.277+0000] {logging_mixin.py:188} INFO - [2026-05-05T14:25:22.276+0000] {dag.py:3096} INFO - Sync 1 DAGs
[2026-05-05T14:25:22.310+0000] {logging_mixin.py:188} INFO - [2026-05-05T14:25:22.310+0000] {dag.py:3954} INFO - Setting next_dagrun for ecommerce_pipeline to 2026-05-05 00:00:00+00:00, run_after=2026-05-06 00:00:00+00:00
[2026-05-05T14:25:22.337+0000] {processor.py:183} INFO - Processing /opt/airflow/dags/pipeline_dag.py took 0.206 seconds
[2026-05-05T14:25:53.392+0000] {processor.py:161} INFO - Started process (PID=1107) to work on /opt/airflow/dags/pipeline_dag.py
[2026-05-05T14:25:53.394+0000] {processor.py:830} INFO - Processing file /opt/airflow/dags/pipeline_dag.py for tasks to queue
[2026-05-05T14:25:53.398+0000] {logging_mixin.py:188} INFO - [2026-05-05T14:25:53.397+0000] {dagbag.py:545} INFO - Filling up the DagBag from /opt/airflow/dags/pipeline_dag.py
[2026-05-05T14:25:53.427+0000] {processor.py:840} INFO - DAG(s) 'ecommerce_pipeline' retrieved from /opt/airflow/dags/pipeline_dag.py
[2026-05-05T14:25:53.709+0000] {logging_mixin.py:188} INFO - [2026-05-05T14:25:53.708+0000] {dag.py:3096} INFO - Sync 1 DAGs
[2026-05-05T14:25:53.792+0000] {logging_mixin.py:188} INFO - [2026-05-05T14:25:53.792+0000] {dag.py:3954} INFO - Setting next_dagrun for ecommerce_pipeline to 2026-05-05 00:00:00+00:00, run_after=2026-05-06 00:00:00+00:00
[2026-05-05T14:25:53.859+0000] {processor.py:183} INFO - Processing /opt/airflow/dags/pipeline_dag.py took 0.477 seconds
[2026-05-05T14:26:24.366+0000] {processor.py:161} INFO - Started process (PID=1112) to work on /opt/airflow/dags/pipeline_dag.py
[2026-05-05T14:26:24.368+0000] {processor.py:830} INFO - Processing file /opt/airflow/dags/pipeline_dag.py for tasks to queue
[2026-05-05T14:26:24.372+0000] {logging_mixin.py:188} INFO - [2026-05-05T14:26:24.371+0000] {dagbag.py:545} INFO - Filling up the DagBag from /opt/airflow/dags/pipeline_dag.py
[2026-05-05T14:26:24.407+0000] {processor.py:840} INFO - DAG(s) 'ecommerce_pipeline' retrieved from /opt/airflow/dags/pipeline_dag.py
[2026-05-05T14:26:24.458+0000] {logging_mixin.py:188} INFO - [2026-05-05T14:26:24.457+0000] {dag.py:3096} INFO - Sync 1 DAGs
[2026-05-05T14:26:24.486+0000] {logging_mixin.py:188} INFO - [2026-05-05T14:26:24.486+0000] {dag.py:3954} INFO - Setting next_dagrun for ecommerce_pipeline to 2026-05-05 00:00:00+00:00, run_after=2026-05-06 00:00:00+00:00
[2026-05-05T14:26:24.512+0000] {processor.py:183} INFO - Processing /opt/airflow/dags/pipeline_dag.py took 0.155 seconds
[2026-05-05T14:26:55.503+0000] {processor.py:161} INFO - Started process (PID=1117) to work on /opt/airflow/dags/pipeline_dag.py
[2026-05-05T14:26:55.505+0000] {processor.py:830} INFO - Processing file /opt/airflow/dags/pipeline_dag.py for tasks to queue
[2026-05-05T14:26:55.506+0000] {logging_mixin.py:188} INFO - [2026-05-05T14:26:55.506+0000] {dagbag.py:545} INFO - Filling up the DagBag from /opt/airflow/dags/pipeline_dag.py
[2026-05-05T14:26:55.529+0000] {processor.py:840} INFO - DAG(s) 'ecommerce_pipeline' retrieved from /opt/airflow/dags/pipeline_dag.py
[2026-05-05T14:26:55.575+0000] {logging_mixin.py:188} INFO - [2026-05-05T14:26:55.575+0000] {dag.py:3096} INFO - Sync 1 DAGs
[2026-05-05T14:26:55.598+0000] {logging_mixin.py:188} INFO - [2026-05-05T14:26:55.598+0000] {dag.py:3954} INFO - Setting next_dagrun for ecommerce_pipeline to 2026-05-05 00:00:00+00:00, run_after=2026-05-06 00:00:00+00:00
[2026-05-05T14:26:55.618+0000] {processor.py:183} INFO - Processing /opt/airflow/dags/pipeline_dag.py took 0.123 seconds
[2026-05-05T14:27:26.791+0000] {processor.py:161} INFO - Started process (PID=1122) to work on /opt/airflow/dags/pipeline_dag.py
[2026-05-05T14:27:26.792+0000] {processor.py:830} INFO - Processing file /opt/airflow/dags/pipeline_dag.py for tasks to queue
[2026-05-05T14:27:26.795+0000] {logging_mixin.py:188} INFO - [2026-05-05T14:27:26.794+0000] {dagbag.py:545} INFO - Filling up the DagBag from /opt/airflow/dags/pipeline_dag.py
[2026-05-05T14:27:26.838+0000] {processor.py:840} INFO - DAG(s) 'ecommerce_pipeline' retrieved from /opt/airflow/dags/pipeline_dag.py
[2026-05-05T14:27:26.930+0000] {logging_mixin.py:188} INFO - [2026-05-05T14:27:26.930+0000] {dag.py:3096} INFO - Sync 1 DAGs
[2026-05-05T14:27:26.978+0000] {logging_mixin.py:188} INFO - [2026-05-05T14:27:26.976+0000] {dag.py:3954} INFO - Setting next_dagrun for ecommerce_pipeline to 2026-05-05 00:00:00+00:00, run_after=2026-05-06 00:00:00+00:00
[2026-05-05T14:27:27.009+0000] {processor.py:183} INFO - Processing /opt/airflow/dags/pipeline_dag.py took 0.229 seconds
[2026-05-05T14:27:58.036+0000] {processor.py:161} INFO - Started process (PID=1127) to work on /opt/airflow/dags/pipeline_dag.py
[2026-05-05T14:27:58.038+0000] {processor.py:830} INFO - Processing file /opt/airflow/dags/pipeline_dag.py for tasks to queue
[2026-05-05T14:27:58.040+0000] {logging_mixin.py:188} INFO - [2026-05-05T14:27:58.040+0000] {dagbag.py:545} INFO - Filling up the DagBag from /opt/airflow/dags/pipeline_dag.py
[2026-05-05T14:27:58.060+0000] {processor.py:840} INFO - DAG(s) 'ecommerce_pipeline' retrieved from /opt/airflow/dags/pipeline_dag.py
[2026-05-05T14:27:58.101+0000] {logging_mixin.py:188} INFO - [2026-05-05T14:27:58.101+0000] {dag.py:3096} INFO - Sync 1 DAGs
[2026-05-05T14:27:58.125+0000] {logging_mixin.py:188} INFO - [2026-05-05T14:27:58.124+0000] {dag.py:3954} INFO - Setting next_dagrun for ecommerce_pipeline to 2026-05-05 00:00:00+00:00, run_after=2026-05-06 00:00:00+00:00
[2026-05-05T14:27:58.145+0000] {processor.py:183} INFO - Processing /opt/airflow/dags/pipeline_dag.py took 0.116 seconds
[2026-05-05T14:28:28.303+0000] {processor.py:161} INFO - Started process (PID=1132) to work on /opt/airflow/dags/pipeline_dag.py
[2026-05-05T14:28:28.304+0000] {processor.py:830} INFO - Processing file /opt/airflow/dags/pipeline_dag.py for tasks to queue
[2026-05-05T14:28:28.306+0000] {logging_mixin.py:188} INFO - [2026-05-05T14:28:28.305+0000] {dagbag.py:545} INFO - Filling up the DagBag from /opt/airflow/dags/pipeline_dag.py
[2026-05-05T14:28:28.327+0000] {processor.py:840} INFO - DAG(s) 'ecommerce_pipeline' retrieved from /opt/airflow/dags/pipeline_dag.py
[2026-05-05T14:28:28.367+0000] {logging_mixin.py:188} INFO - [2026-05-05T14:28:28.366+0000] {dag.py:3096} INFO - Sync 1 DAGs
[2026-05-05T14:28:28.393+0000] {logging_mixin.py:188} INFO - [2026-05-05T14:28:28.393+0000] {dag.py:3954} INFO - Setting next_dagrun for ecommerce_pipeline to 2026-05-05 00:00:00+00:00, run_after=2026-05-06 00:00:00+00:00
[2026-05-05T14:28:28.417+0000] {processor.py:183} INFO - Processing /opt/airflow/dags/pipeline_dag.py took 0.119 seconds
[2026-05-05T14:28:59.604+0000] {processor.py:161} INFO - Started process (PID=1137) to work on /opt/airflow/dags/pipeline_dag.py
[2026-05-05T14:28:59.605+0000] {processor.py:830} INFO - Processing file /opt/airflow/dags/pipeline_dag.py for tasks to queue
[2026-05-05T14:28:59.609+0000] {logging_mixin.py:188} INFO - [2026-05-05T14:28:59.608+0000] {dagbag.py:545} INFO - Filling up the DagBag from /opt/airflow/dags/pipeline_dag.py
[2026-05-05T14:28:59.638+0000] {processor.py:840} INFO - DAG(s) 'ecommerce_pipeline' retrieved from /opt/airflow/dags/pipeline_dag.py
[2026-05-05T14:28:59.694+0000] {logging_mixin.py:188} INFO - [2026-05-05T14:28:59.694+0000] {dag.py:3096} INFO - Sync 1 DAGs
[2026-05-05T14:28:59.746+0000] {logging_mixin.py:188} INFO - [2026-05-05T14:28:59.744+0000] {dag.py:3954} INFO - Setting next_dagrun for ecommerce_pipeline to 2026-05-05 00:00:00+00:00, run_after=2026-05-06 00:00:00+00:00
[2026-05-05T14:28:59.801+0000] {processor.py:183} INFO - Processing /opt/airflow/dags/pipeline_dag.py took 0.205 seconds
[2026-05-05T14:29:31.004+0000] {processor.py:161} INFO - Started process (PID=1142) to work on /opt/airflow/dags/pipeline_dag.py
[2026-05-05T14:29:31.008+0000] {processor.py:830} INFO - Processing file /opt/airflow/dags/pipeline_dag.py for tasks to queue
[2026-05-05T14:29:31.024+0000] {logging_mixin.py:188} INFO - [2026-05-05T14:29:31.022+0000] {dagbag.py:545} INFO - Filling up the DagBag from /opt/airflow/dags/pipeline_dag.py
[2026-05-05T14:29:31.102+0000] {processor.py:840} INFO - DAG(s) 'ecommerce_pipeline' retrieved from /opt/airflow/dags/pipeline_dag.py
[2026-05-05T14:29:31.193+0000] {logging_mixin.py:188} INFO - [2026-05-05T14:29:31.192+0000] {dag.py:3096} INFO - Sync 1 DAGs
[2026-05-05T14:29:31.239+0000] {logging_mixin.py:188} INFO - [2026-05-05T14:29:31.238+0000] {dag.py:3954} INFO - Setting next_dagrun for ecommerce_pipeline to 2026-05-05 00:00:00+00:00, run_after=2026-05-06 00:00:00+00:00
[2026-05-05T14:29:31.273+0000] {processor.py:183} INFO - Processing /opt/airflow/dags/pipeline_dag.py took 0.298 seconds
[2026-05-05T14:30:01.837+0000] {processor.py:161} INFO - Started process (PID=1147) to work on /opt/airflow/dags/pipeline_dag.py
[2026-05-05T14:30:01.842+0000] {processor.py:830} INFO - Processing file /opt/airflow/dags/pipeline_dag.py for tasks to queue
[2026-05-05T14:30:01.856+0000] {logging_mixin.py:188} INFO - [2026-05-05T14:30:01.853+0000] {dagbag.py:545} INFO - Filling up the DagBag from /opt/airflow/dags/pipeline_dag.py
[2026-05-05T14:30:02.047+0000] {processor.py:840} INFO - DAG(s) 'ecommerce_pipeline' retrieved from /opt/airflow/dags/pipeline_dag.py
[2026-05-05T14:30:02.294+0000] {logging_mixin.py:188} INFO - [2026-05-05T14:30:02.293+0000] {dag.py:3096} INFO - Sync 1 DAGs
[2026-05-05T14:30:02.425+0000] {logging_mixin.py:188} INFO - [2026-05-05T14:30:02.425+0000] {dag.py:3954} INFO - Setting next_dagrun for ecommerce_pipeline to 2026-05-05 00:00:00+00:00, run_after=2026-05-06 00:00:00+00:00
[2026-05-05T14:30:02.563+0000] {processor.py:183} INFO - Processing /opt/airflow/dags/pipeline_dag.py took 0.807 seconds
[2026-05-05T14:30:34.507+0000] {processor.py:161} INFO - Started process (PID=1152) to work on /opt/airflow/dags/pipeline_dag.py
[2026-05-05T14:30:34.519+0000] {processor.py:830} INFO - Processing file /opt/airflow/dags/pipeline_dag.py for tasks to queue
[2026-05-05T14:30:34.539+0000] {logging_mixin.py:188} INFO - [2026-05-05T14:30:34.534+0000] {dagbag.py:545} INFO - Filling up the DagBag from /opt/airflow/dags/pipeline_dag.py
[2026-05-05T14:30:34.667+0000] {processor.py:840} INFO - DAG(s) 'ecommerce_pipeline' retrieved from /opt/airflow/dags/pipeline_dag.py
[2026-05-05T14:30:34.820+0000] {logging_mixin.py:188} INFO - [2026-05-05T14:30:34.820+0000] {dag.py:3096} INFO - Sync 1 DAGs
[2026-05-05T14:30:34.890+0000] {logging_mixin.py:188} INFO - [2026-05-05T14:30:34.890+0000] {dag.py:3954} INFO - Setting next_dagrun for ecommerce_pipeline to 2026-05-05 00:00:00+00:00, run_after=2026-05-06 00:00:00+00:00
[2026-05-05T14:30:34.930+0000] {processor.py:183} INFO - Processing /opt/airflow/dags/pipeline_dag.py took 0.494 seconds
[2026-05-05T14:31:05.165+0000] {processor.py:161} INFO - Started process (PID=1157) to work on /opt/airflow/dags/pipeline_dag.py
[2026-05-05T14:31:05.166+0000] {processor.py:830} INFO - Processing file /opt/airflow/dags/pipeline_dag.py for tasks to queue
[2026-05-05T14:31:05.168+0000] {logging_mixin.py:188} INFO - [2026-05-05T14:31:05.168+0000] {dagbag.py:545} INFO - Filling up the DagBag from /opt/airflow/dags/pipeline_dag.py
[2026-05-05T14:31:05.203+0000] {processor.py:840} INFO - DAG(s) 'ecommerce_pipeline' retrieved from /opt/airflow/dags/pipeline_dag.py
[2026-05-05T14:31:05.261+0000] {logging_mixin.py:188} INFO - [2026-05-05T14:31:05.261+0000] {dag.py:3096} INFO - Sync 1 DAGs
[2026-05-05T14:31:05.288+0000] {logging_mixin.py:188} INFO - [2026-05-05T14:31:05.288+0000] {dag.py:3954} INFO - Setting next_dagrun for ecommerce_pipeline to 2026-05-05 00:00:00+00:00, run_after=2026-05-06 00:00:00+00:00
[2026-05-05T14:31:05.319+0000] {processor.py:183} INFO - Processing /opt/airflow/dags/pipeline_dag.py took 0.166 seconds
[2026-05-05T14:31:36.446+0000] {processor.py:161} INFO - Started process (PID=1162) to work on /opt/airflow/dags/pipeline_dag.py
[2026-05-05T14:31:36.448+0000] {processor.py:830} INFO - Processing file /opt/airflow/dags/pipeline_dag.py for tasks to queue
[2026-05-05T14:31:36.450+0000] {logging_mixin.py:188} INFO - [2026-05-05T14:31:36.450+0000] {dagbag.py:545} INFO - Filling up the DagBag from /opt/airflow/dags/pipeline_dag.py
[2026-05-05T14:31:36.475+0000] {processor.py:840} INFO - DAG(s) 'ecommerce_pipeline' retrieved from /opt/airflow/dags/pipeline_dag.py
[2026-05-05T14:31:36.522+0000] {logging_mixin.py:188} INFO - [2026-05-05T14:31:36.521+0000] {dag.py:3096} INFO - Sync 1 DAGs
[2026-05-05T14:31:36.543+0000] {logging_mixin.py:188} INFO - [2026-05-05T14:31:36.543+0000] {dag.py:3954} INFO - Setting next_dagrun for ecommerce_pipeline to 2026-05-05 00:00:00+00:00, run_after=2026-05-06 00:00:00+00:00
[2026-05-05T14:31:36.571+0000] {processor.py:183} INFO - Processing /opt/airflow/dags/pipeline_dag.py took 0.132 seconds
[2026-05-05T14:32:07.853+0000] {processor.py:161} INFO - Started process (PID=1167) to work on /opt/airflow/dags/pipeline_dag.py
[2026-05-05T14:32:07.854+0000] {processor.py:830} INFO - Processing file /opt/airflow/dags/pipeline_dag.py for tasks to queue
[2026-05-05T14:32:07.858+0000] {logging_mixin.py:188} INFO - [2026-05-05T14:32:07.857+0000] {dagbag.py:545} INFO - Filling up the DagBag from /opt/airflow/dags/pipeline_dag.py
[2026-05-05T14:32:07.894+0000] {processor.py:840} INFO - DAG(s) 'ecommerce_pipeline' retrieved from /opt/airflow/dags/pipeline_dag.py
[2026-05-05T14:32:07.968+0000] {logging_mixin.py:188} INFO - [2026-05-05T14:32:07.967+0000] {dag.py:3096} INFO - Sync 1 DAGs
[2026-05-05T14:32:08.010+0000] {logging_mixin.py:188} INFO - [2026-05-05T14:32:08.009+0000] {dag.py:3954} INFO - Setting next_dagrun for ecommerce_pipeline to 2026-05-05 00:00:00+00:00, run_after=2026-05-06 00:00:00+00:00
[2026-05-05T14:32:08.047+0000] {processor.py:183} INFO - Processing /opt/airflow/dags/pipeline_dag.py took 0.201 seconds
[2026-05-05T14:32:38.329+0000] {processor.py:161} INFO - Started process (PID=1172) to work on /opt/airflow/dags/pipeline_dag.py
[2026-05-05T14:32:38.331+0000] {processor.py:830} INFO - Processing file /opt/airflow/dags/pipeline_dag.py for tasks to queue
[2026-05-05T14:32:38.335+0000] {logging_mixin.py:188} INFO - [2026-05-05T14:32:38.334+0000] {dagbag.py:545} INFO - Filling up the DagBag from /opt/airflow/dags/pipeline_dag.py
[2026-05-05T14:32:38.368+0000] {processor.py:840} INFO - DAG(s) 'ecommerce_pipeline' retrieved from /opt/airflow/dags/pipeline_dag.py
[2026-05-05T14:32:38.434+0000] {logging_mixin.py:188} INFO - [2026-05-05T14:32:38.434+0000] {dag.py:3096} INFO - Sync 1 DAGs
[2026-05-05T14:32:38.467+0000] {logging_mixin.py:188} INFO - [2026-05-05T14:32:38.467+0000] {dag.py:3954} INFO - Setting next_dagrun for ecommerce_pipeline to 2026-05-05 00:00:00+00:00, run_after=2026-05-06 00:00:00+00:00
[2026-05-05T14:32:38.499+0000] {processor.py:183} INFO - Processing /opt/airflow/dags/pipeline_dag.py took 0.180 seconds
[2026-05-05T14:33:09.657+0000] {processor.py:161} INFO - Started process (PID=1177) to work on /opt/airflow/dags/pipeline_dag.py
[2026-05-05T14:33:09.658+0000] {processor.py:830} INFO - Processing file /opt/airflow/dags/pipeline_dag.py for tasks to queue
[2026-05-05T14:33:09.661+0000] {logging_mixin.py:188} INFO - [2026-05-05T14:33:09.661+0000] {dagbag.py:545} INFO - Filling up the DagBag from /opt/airflow/dags/pipeline_dag.py
[2026-05-05T14:33:09.687+0000] {processor.py:840} INFO - DAG(s) 'ecommerce_pipeline' retrieved from /opt/airflow/dags/pipeline_dag.py
[2026-05-05T14:33:09.730+0000] {logging_mixin.py:188} INFO - [2026-05-05T14:33:09.729+0000] {dag.py:3096} INFO - Sync 1 DAGs
[2026-05-05T14:33:09.752+0000] {logging_mixin.py:188} INFO - [2026-05-05T14:33:09.751+0000] {dag.py:3954} INFO - Setting next_dagrun for ecommerce_pipeline to 2026-05-05 00:00:00+00:00, run_after=2026-05-06 00:00:00+00:00
[2026-05-05T14:33:09.774+0000] {processor.py:183} INFO - Processing /opt/airflow/dags/pipeline_dag.py took 0.124 seconds
[2026-05-05T14:33:41.044+0000] {processor.py:161} INFO - Started process (PID=1182) to work on /opt/airflow/dags/pipeline_dag.py
[2026-05-05T14:33:41.048+0000] {processor.py:830} INFO - Processing file /opt/airflow/dags/pipeline_dag.py for tasks to queue
[2026-05-05T14:33:41.051+0000] {logging_mixin.py:188} INFO - [2026-05-05T14:33:41.050+0000] {dagbag.py:545} INFO - Filling up the DagBag from /opt/airflow/dags/pipeline_dag.py
[2026-05-05T14:33:41.090+0000] {processor.py:840} INFO - DAG(s) 'ecommerce_pipeline' retrieved from /opt/airflow/dags/pipeline_dag.py
[2026-05-05T14:33:41.161+0000] {logging_mixin.py:188} INFO - [2026-05-05T14:33:41.161+0000] {dag.py:3096} INFO - Sync 1 DAGs
[2026-05-05T14:33:41.205+0000] {logging_mixin.py:188} INFO - [2026-05-05T14:33:41.204+0000] {dag.py:3954} INFO - Setting next_dagrun for ecommerce_pipeline to 2026-05-05 00:00:00+00:00, run_after=2026-05-06 00:00:00+00:00
[2026-05-05T14:33:41.242+0000] {processor.py:183} INFO - Processing /opt/airflow/dags/pipeline_dag.py took 0.205 seconds
[2026-05-05T14:34:11.609+0000] {processor.py:161} INFO - Started process (PID=1187) to work on /opt/airflow/dags/pipeline_dag.py
[2026-05-05T14:34:11.610+0000] {processor.py:830} INFO - Processing file /opt/airflow/dags/pipeline_dag.py for tasks to queue
[2026-05-05T14:34:11.615+0000] {logging_mixin.py:188} INFO - [2026-05-05T14:34:11.615+0000] {dagbag.py:545} INFO - Filling up the DagBag from /opt/airflow/dags/pipeline_dag.py
[2026-05-05T14:34:11.682+0000] {processor.py:840} INFO - DAG(s) 'ecommerce_pipeline' retrieved from /opt/airflow/dags/pipeline_dag.py
[2026-05-05T14:34:11.772+0000] {logging_mixin.py:188} INFO - [2026-05-05T14:34:11.771+0000] {dag.py:3096} INFO - Sync 1 DAGs
[2026-05-05T14:34:11.821+0000] {logging_mixin.py:188} INFO - [2026-05-05T14:34:11.820+0000] {dag.py:3954} INFO - Setting next_dagrun for ecommerce_pipeline to 2026-05-05 00:00:00+00:00, run_after=2026-05-06 00:00:00+00:00
[2026-05-05T14:34:11.876+0000] {processor.py:183} INFO - Processing /opt/airflow/dags/pipeline_dag.py took 0.279 seconds
[2026-05-05T14:34:42.979+0000] {processor.py:161} INFO - Started process (PID=1192) to work on /opt/airflow/dags/pipeline_dag.py
[2026-05-05T14:34:42.981+0000] {processor.py:830} INFO - Processing file /opt/airflow/dags/pipeline_dag.py for tasks to queue
[2026-05-05T14:34:42.986+0000] {logging_mixin.py:188} INFO - [2026-05-05T14:34:42.986+0000] {dagbag.py:545} INFO - Filling up the DagBag from /opt/airflow/dags/pipeline_dag.py
[2026-05-05T14:34:43.022+0000] {processor.py:840} INFO - DAG(s) 'ecommerce_pipeline' retrieved from /opt/airflow/dags/pipeline_dag.py
[2026-05-05T14:34:43.092+0000] {logging_mixin.py:188} INFO - [2026-05-05T14:34:43.092+0000] {dag.py:3096} INFO - Sync 1 DAGs
[2026-05-05T14:34:43.131+0000] {logging_mixin.py:188} INFO - [2026-05-05T14:34:43.131+0000] {dag.py:3954} INFO - Setting next_dagrun for ecommerce_pipeline to 2026-05-05 00:00:00+00:00, run_after=2026-05-06 00:00:00+00:00
[2026-05-05T14:34:43.170+0000] {processor.py:183} INFO - Processing /opt/airflow/dags/pipeline_dag.py took 0.204 seconds
[2026-05-05T14:35:14.523+0000] {processor.py:161} INFO - Started process (PID=1197) to work on /opt/airflow/dags/pipeline_dag.py
[2026-05-05T14:35:14.525+0000] {processor.py:830} INFO - Processing file /opt/airflow/dags/pipeline_dag.py for tasks to queue
[2026-05-05T14:35:14.532+0000] {logging_mixin.py:188} INFO - [2026-05-05T14:35:14.531+0000] {dagbag.py:545} INFO - Filling up the DagBag from /opt/airflow/dags/pipeline_dag.py
[2026-05-05T14:35:14.581+0000] {processor.py:840} INFO - DAG(s) 'ecommerce_pipeline' retrieved from /opt/airflow/dags/pipeline_dag.py
[2026-05-05T14:35:14.644+0000] {logging_mixin.py:188} INFO - [2026-05-05T14:35:14.644+0000] {dag.py:3096} INFO - Sync 1 DAGs
[2026-05-05T14:35:14.678+0000] {logging_mixin.py:188} INFO - [2026-05-05T14:35:14.678+0000] {dag.py:3954} INFO - Setting next_dagrun for ecommerce_pipeline to 2026-05-05 00:00:00+00:00, run_after=2026-05-06 00:00:00+00:00
[2026-05-05T14:35:14.704+0000] {processor.py:183} INFO - Processing /opt/airflow/dags/pipeline_dag.py took 0.202 seconds
[2026-05-05T14:35:44.795+0000] {processor.py:161} INFO - Started process (PID=1202) to work on /opt/airflow/dags/pipeline_dag.py
[2026-05-05T14:35:44.796+0000] {processor.py:830} INFO - Processing file /opt/airflow/dags/pipeline_dag.py for tasks to queue
[2026-05-05T14:35:44.799+0000] {logging_mixin.py:188} INFO - [2026-05-05T14:35:44.799+0000] {dagbag.py:545} INFO - Filling up the DagBag from /opt/airflow/dags/pipeline_dag.py
[2026-05-05T14:35:44.829+0000] {processor.py:840} INFO - DAG(s) 'ecommerce_pipeline' retrieved from /opt/airflow/dags/pipeline_dag.py
[2026-05-05T14:35:44.899+0000] {logging_mixin.py:188} INFO - [2026-05-05T14:35:44.898+0000] {dag.py:3096} INFO - Sync 1 DAGs
[2026-05-05T14:35:44.930+0000] {logging_mixin.py:188} INFO - [2026-05-05T14:35:44.930+0000] {dag.py:3954} INFO - Setting next_dagrun for ecommerce_pipeline to 2026-05-05 00:00:00+00:00, run_after=2026-05-06 00:00:00+00:00
[2026-05-05T14:35:44.966+0000] {processor.py:183} INFO - Processing /opt/airflow/dags/pipeline_dag.py took 0.186 seconds
[2026-05-05T14:36:16.235+0000] {processor.py:161} INFO - Started process (PID=1207) to work on /opt/airflow/dags/pipeline_dag.py
[2026-05-05T14:36:16.238+0000] {processor.py:830} INFO - Processing file /opt/airflow/dags/pipeline_dag.py for tasks to queue
[2026-05-05T14:36:16.247+0000] {logging_mixin.py:188} INFO - [2026-05-05T14:36:16.246+0000] {dagbag.py:545} INFO - Filling up the DagBag from /opt/airflow/dags/pipeline_dag.py
[2026-05-05T14:36:16.285+0000] {processor.py:840} INFO - DAG(s) 'ecommerce_pipeline' retrieved from /opt/airflow/dags/pipeline_dag.py
[2026-05-05T14:36:16.350+0000] {logging_mixin.py:188} INFO - [2026-05-05T14:36:16.349+0000] {dag.py:3096} INFO - Sync 1 DAGs
[2026-05-05T14:36:16.396+0000] {logging_mixin.py:188} INFO - [2026-05-05T14:36:16.395+0000] {dag.py:3954} INFO - Setting next_dagrun for ecommerce_pipeline to 2026-05-05 00:00:00+00:00, run_after=2026-05-06 00:00:00+00:00
[2026-05-05T14:36:16.422+0000] {processor.py:183} INFO - Processing /opt/airflow/dags/pipeline_dag.py took 0.201 seconds
[2026-05-05T14:36:47.454+0000] {processor.py:161} INFO - Started process (PID=1212) to work on /opt/airflow/dags/pipeline_dag.py
[2026-05-05T14:36:47.456+0000] {processor.py:830} INFO - Processing file /opt/airflow/dags/pipeline_dag.py for tasks to queue
[2026-05-05T14:36:47.459+0000] {logging_mixin.py:188} INFO - [2026-05-05T14:36:47.458+0000] {dagbag.py:545} INFO - Filling up the DagBag from /opt/airflow/dags/pipeline_dag.py
[2026-05-05T14:36:47.537+0000] {processor.py:840} INFO - DAG(s) 'ecommerce_pipeline' retrieved from /opt/airflow/dags/pipeline_dag.py
[2026-05-05T14:36:47.632+0000] {logging_mixin.py:188} INFO - [2026-05-05T14:36:47.632+0000] {dag.py:3096} INFO - Sync 1 DAGs
[2026-05-05T14:36:47.664+0000] {logging_mixin.py:188} INFO - [2026-05-05T14:36:47.663+0000] {dag.py:3954} INFO - Setting next_dagrun for ecommerce_pipeline to 2026-05-05 00:00:00+00:00, run_after=2026-05-06 00:00:00+00:00
[2026-05-05T14:36:47.704+0000] {processor.py:183} INFO - Processing /opt/airflow/dags/pipeline_dag.py took 0.285 seconds
[2026-05-05T14:37:17.892+0000] {processor.py:161} INFO - Started process (PID=1217) to work on /opt/airflow/dags/pipeline_dag.py
[2026-05-05T14:37:17.893+0000] {processor.py:830} INFO - Processing file /opt/airflow/dags/pipeline_dag.py for tasks to queue
[2026-05-05T14:37:17.898+0000] {logging_mixin.py:188} INFO - [2026-05-05T14:37:17.897+0000] {dagbag.py:545} INFO - Filling up the DagBag from /opt/airflow/dags/pipeline_dag.py
[2026-05-05T14:37:17.924+0000] {processor.py:840} INFO - DAG(s) 'ecommerce_pipeline' retrieved from /opt/airflow/dags/pipeline_dag.py
[2026-05-05T14:37:17.985+0000] {logging_mixin.py:188} INFO - [2026-05-05T14:37:17.985+0000] {dag.py:3096} INFO - Sync 1 DAGs
[2026-05-05T14:37:18.030+0000] {logging_mixin.py:188} INFO - [2026-05-05T14:37:18.030+0000] {dag.py:3954} INFO - Setting next_dagrun for ecommerce_pipeline to 2026-05-05 00:00:00+00:00, run_after=2026-05-06 00:00:00+00:00
[2026-05-05T14:37:18.054+0000] {processor.py:183} INFO - Processing /opt/airflow/dags/pipeline_dag.py took 0.169 seconds
[2026-05-05T14:37:49.232+0000] {processor.py:161} INFO - Started process (PID=1222) to work on /opt/airflow/dags/pipeline_dag.py
[2026-05-05T14:37:49.234+0000] {processor.py:830} INFO - Processing file /opt/airflow/dags/pipeline_dag.py for tasks to queue
[2026-05-05T14:37:49.236+0000] {logging_mixin.py:188} INFO - [2026-05-05T14:37:49.236+0000] {dagbag.py:545} INFO - Filling up the DagBag from /opt/airflow/dags/pipeline_dag.py
[2026-05-05T14:37:49.265+0000] {processor.py:840} INFO - DAG(s) 'ecommerce_pipeline' retrieved from /opt/airflow/dags/pipeline_dag.py
[2026-05-05T14:37:49.302+0000] {logging_mixin.py:188} INFO - [2026-05-05T14:37:49.302+0000] {dag.py:3096} INFO - Sync 1 DAGs
[2026-05-05T14:37:49.322+0000] {logging_mixin.py:188} INFO - [2026-05-05T14:37:49.322+0000] {dag.py:3954} INFO - Setting next_dagrun for ecommerce_pipeline to 2026-05-05 00:00:00+00:00, run_after=2026-05-06 00:00:00+00:00
[2026-05-05T14:37:49.342+0000] {processor.py:183} INFO - Processing /opt/airflow/dags/pipeline_dag.py took 0.118 seconds
[2026-05-05T14:38:20.513+0000] {processor.py:161} INFO - Started process (PID=1227) to work on /opt/airflow/dags/pipeline_dag.py
[2026-05-05T14:38:20.514+0000] {processor.py:830} INFO - Processing file /opt/airflow/dags/pipeline_dag.py for tasks to queue
[2026-05-05T14:38:20.516+0000] {logging_mixin.py:188} INFO - [2026-05-05T14:38:20.516+0000] {dagbag.py:545} INFO - Filling up the DagBag from /opt/airflow/dags/pipeline_dag.py
[2026-05-05T14:38:20.538+0000] {processor.py:840} INFO - DAG(s) 'ecommerce_pipeline' retrieved from /opt/airflow/dags/pipeline_dag.py
[2026-05-05T14:38:20.583+0000] {logging_mixin.py:188} INFO - [2026-05-05T14:38:20.583+0000] {dag.py:3096} INFO - Sync 1 DAGs
[2026-05-05T14:38:20.620+0000] {logging_mixin.py:188} INFO - [2026-05-05T14:38:20.620+0000] {dag.py:3954} INFO - Setting next_dagrun for ecommerce_pipeline to 2026-05-05 00:00:00+00:00, run_after=2026-05-06 00:00:00+00:00
[2026-05-05T14:38:20.643+0000] {processor.py:183} INFO - Processing /opt/airflow/dags/pipeline_dag.py took 0.135 seconds
[2026-05-05T14:38:51.831+0000] {processor.py:161} INFO - Started process (PID=1232) to work on /opt/airflow/dags/pipeline_dag.py
[2026-05-05T14:38:51.834+0000] {processor.py:830} INFO - Processing file /opt/airflow/dags/pipeline_dag.py for tasks to queue
[2026-05-05T14:38:51.836+0000] {logging_mixin.py:188} INFO - [2026-05-05T14:38:51.836+0000] {dagbag.py:545} INFO - Filling up the DagBag from /opt/airflow/dags/pipeline_dag.py
[2026-05-05T14:38:51.864+0000] {processor.py:840} INFO - DAG(s) 'ecommerce_pipeline' retrieved from /opt/airflow/dags/pipeline_dag.py
[2026-05-05T14:38:51.918+0000] {logging_mixin.py:188} INFO - [2026-05-05T14:38:51.918+0000] {dag.py:3096} INFO - Sync 1 DAGs
[2026-05-05T14:38:51.956+0000] {logging_mixin.py:188} INFO - [2026-05-05T14:38:51.956+0000] {dag.py:3954} INFO - Setting next_dagrun for ecommerce_pipeline to 2026-05-05 00:00:00+00:00, run_after=2026-05-06 00:00:00+00:00
[2026-05-05T14:38:52.005+0000] {processor.py:183} INFO - Processing /opt/airflow/dags/pipeline_dag.py took 0.182 seconds
[2026-05-05T14:39:22.123+0000] {processor.py:161} INFO - Started process (PID=1237) to work on /opt/airflow/dags/pipeline_dag.py
[2026-05-05T14:39:22.124+0000] {processor.py:830} INFO - Processing file /opt/airflow/dags/pipeline_dag.py for tasks to queue
[2026-05-05T14:39:22.127+0000] {logging_mixin.py:188} INFO - [2026-05-05T14:39:22.126+0000] {dagbag.py:545} INFO - Filling up the DagBag from /opt/airflow/dags/pipeline_dag.py
[2026-05-05T14:39:22.151+0000] {processor.py:840} INFO - DAG(s) 'ecommerce_pipeline' retrieved from /opt/airflow/dags/pipeline_dag.py
[2026-05-05T14:39:22.190+0000] {logging_mixin.py:188} INFO - [2026-05-05T14:39:22.190+0000] {dag.py:3096} INFO - Sync 1 DAGs
[2026-05-05T14:39:22.223+0000] {logging_mixin.py:188} INFO - [2026-05-05T14:39:22.223+0000] {dag.py:3954} INFO - Setting next_dagrun for ecommerce_pipeline to 2026-05-05 00:00:00+00:00, run_after=2026-05-06 00:00:00+00:00
[2026-05-05T14:39:22.244+0000] {processor.py:183} INFO - Processing /opt/airflow/dags/pipeline_dag.py took 0.129 seconds
[2026-05-05T14:39:53.562+0000] {processor.py:161} INFO - Started process (PID=1242) to work on /opt/airflow/dags/pipeline_dag.py
[2026-05-05T14:39:53.564+0000] {processor.py:830} INFO - Processing file /opt/airflow/dags/pipeline_dag.py for tasks to queue
[2026-05-05T14:39:53.566+0000] {logging_mixin.py:188} INFO - [2026-05-05T14:39:53.565+0000] {dagbag.py:545} INFO - Filling up the DagBag from /opt/airflow/dags/pipeline_dag.py
[2026-05-05T14:39:53.590+0000] {processor.py:840} INFO - DAG(s) 'ecommerce_pipeline' retrieved from /opt/airflow/dags/pipeline_dag.py
[2026-05-05T14:39:53.636+0000] {logging_mixin.py:188} INFO - [2026-05-05T14:39:53.635+0000] {dag.py:3096} INFO - Sync 1 DAGs
[2026-05-05T14:39:53.659+0000] {logging_mixin.py:188} INFO - [2026-05-05T14:39:53.659+0000] {dag.py:3954} INFO - Setting next_dagrun for ecommerce_pipeline to 2026-05-05 00:00:00+00:00, run_after=2026-05-06 00:00:00+00:00
[2026-05-05T14:39:53.681+0000] {processor.py:183} INFO - Processing /opt/airflow/dags/pipeline_dag.py took 0.126 seconds
[2026-05-05T14:40:24.788+0000] {processor.py:161} INFO - Started process (PID=1247) to work on /opt/airflow/dags/pipeline_dag.py
[2026-05-05T14:40:24.790+0000] {processor.py:830} INFO - Processing file /opt/airflow/dags/pipeline_dag.py for tasks to queue
[2026-05-05T14:40:24.793+0000] {logging_mixin.py:188} INFO - [2026-05-05T14:40:24.793+0000] {dagbag.py:545} INFO - Filling up the DagBag from /opt/airflow/dags/pipeline_dag.py
[2026-05-05T14:40:24.826+0000] {processor.py:840} INFO - DAG(s) 'ecommerce_pipeline' retrieved from /opt/airflow/dags/pipeline_dag.py
[2026-05-05T14:40:24.874+0000] {logging_mixin.py:188} INFO - [2026-05-05T14:40:24.874+0000] {dag.py:3096} INFO - Sync 1 DAGs
[2026-05-05T14:40:24.902+0000] {logging_mixin.py:188} INFO - [2026-05-05T14:40:24.901+0000] {dag.py:3954} INFO - Setting next_dagrun for ecommerce_pipeline to 2026-05-05 00:00:00+00:00, run_after=2026-05-06 00:00:00+00:00
[2026-05-05T14:40:24.934+0000] {processor.py:183} INFO - Processing /opt/airflow/dags/pipeline_dag.py took 0.154 seconds
[2026-05-05T14:40:56.093+0000] {processor.py:161} INFO - Started process (PID=1252) to work on /opt/airflow/dags/pipeline_dag.py
[2026-05-05T14:40:56.094+0000] {processor.py:830} INFO - Processing file /opt/airflow/dags/pipeline_dag.py for tasks to queue
[2026-05-05T14:40:56.096+0000] {logging_mixin.py:188} INFO - [2026-05-05T14:40:56.096+0000] {dagbag.py:545} INFO - Filling up the DagBag from /opt/airflow/dags/pipeline_dag.py
[2026-05-05T14:40:56.118+0000] {processor.py:840} INFO - DAG(s) 'ecommerce_pipeline' retrieved from /opt/airflow/dags/pipeline_dag.py
[2026-05-05T14:40:56.154+0000] {logging_mixin.py:188} INFO - [2026-05-05T14:40:56.154+0000] {dag.py:3096} INFO - Sync 1 DAGs
[2026-05-05T14:40:56.173+0000] {logging_mixin.py:188} INFO - [2026-05-05T14:40:56.173+0000] {dag.py:3954} INFO - Setting next_dagrun for ecommerce_pipeline to 2026-05-05 00:00:00+00:00, run_after=2026-05-06 00:00:00+00:00
[2026-05-05T14:40:56.192+0000] {processor.py:183} INFO - Processing /opt/airflow/dags/pipeline_dag.py took 0.104 seconds
[2026-05-05T14:41:26.341+0000] {processor.py:161} INFO - Started process (PID=1257) to work on /opt/airflow/dags/pipeline_dag.py
[2026-05-05T14:41:26.343+0000] {processor.py:830} INFO - Processing file /opt/airflow/dags/pipeline_dag.py for tasks to queue
[2026-05-05T14:41:26.345+0000] {logging_mixin.py:188} INFO - [2026-05-05T14:41:26.345+0000] {dagbag.py:545} INFO - Filling up the DagBag from /opt/airflow/dags/pipeline_dag.py
[2026-05-05T14:41:26.372+0000] {processor.py:840} INFO - DAG(s) 'ecommerce_pipeline' retrieved from /opt/airflow/dags/pipeline_dag.py
[2026-05-05T14:41:26.413+0000] {logging_mixin.py:188} INFO - [2026-05-05T14:41:26.413+0000] {dag.py:3096} INFO - Sync 1 DAGs
[2026-05-05T14:41:26.435+0000] {logging_mixin.py:188} INFO - [2026-05-05T14:41:26.435+0000] {dag.py:3954} INFO - Setting next_dagrun for ecommerce_pipeline to 2026-05-05 00:00:00+00:00, run_after=2026-05-06 00:00:00+00:00
[2026-05-05T14:41:26.455+0000] {processor.py:183} INFO - Processing /opt/airflow/dags/pipeline_dag.py took 0.121 seconds
[2026-05-05T14:41:57.588+0000] {processor.py:161} INFO - Started process (PID=1262) to work on /opt/airflow/dags/pipeline_dag.py
[2026-05-05T14:41:57.589+0000] {processor.py:830} INFO - Processing file /opt/airflow/dags/pipeline_dag.py for tasks to queue
[2026-05-05T14:41:57.591+0000] {logging_mixin.py:188} INFO - [2026-05-05T14:41:57.591+0000] {dagbag.py:545} INFO - Filling up the DagBag from /opt/airflow/dags/pipeline_dag.py
[2026-05-05T14:41:57.612+0000] {processor.py:840} INFO - DAG(s) 'ecommerce_pipeline' retrieved from /opt/airflow/dags/pipeline_dag.py
[2026-05-05T14:41:57.645+0000] {logging_mixin.py:188} INFO - [2026-05-05T14:41:57.645+0000] {dag.py:3096} INFO - Sync 1 DAGs
[2026-05-05T14:41:57.663+0000] {logging_mixin.py:188} INFO - [2026-05-05T14:41:57.663+0000] {dag.py:3954} INFO - Setting next_dagrun for ecommerce_pipeline to 2026-05-05 00:00:00+00:00, run_after=2026-05-06 00:00:00+00:00
[2026-05-05T14:41:57.686+0000] {processor.py:183} INFO - Processing /opt/airflow/dags/pipeline_dag.py took 0.104 seconds
[2026-05-05T14:42:28.889+0000] {processor.py:161} INFO - Started process (PID=1267) to work on /opt/airflow/dags/pipeline_dag.py
[2026-05-05T14:42:28.890+0000] {processor.py:830} INFO - Processing file /opt/airflow/dags/pipeline_dag.py for tasks to queue
[2026-05-05T14:42:28.892+0000] {logging_mixin.py:188} INFO - [2026-05-05T14:42:28.891+0000] {dagbag.py:545} INFO - Filling up the DagBag from /opt/airflow/dags/pipeline_dag.py
[2026-05-05T14:42:28.911+0000] {processor.py:840} INFO - DAG(s) 'ecommerce_pipeline' retrieved from /opt/airflow/dags/pipeline_dag.py
[2026-05-05T14:42:28.943+0000] {logging_mixin.py:188} INFO - [2026-05-05T14:42:28.943+0000] {dag.py:3096} INFO - Sync 1 DAGs
[2026-05-05T14:42:28.962+0000] {logging_mixin.py:188} INFO - [2026-05-05T14:42:28.962+0000] {dag.py:3954} INFO - Setting next_dagrun for ecommerce_pipeline to 2026-05-05 00:00:00+00:00, run_after=2026-05-06 00:00:00+00:00
[2026-05-05T14:42:28.985+0000] {processor.py:183} INFO - Processing /opt/airflow/dags/pipeline_dag.py took 0.101 seconds
[2026-05-05T14:43:00.137+0000] {processor.py:161} INFO - Started process (PID=1272) to work on /opt/airflow/dags/pipeline_dag.py
[2026-05-05T14:43:00.139+0000] {processor.py:830} INFO - Processing file /opt/airflow/dags/pipeline_dag.py for tasks to queue
[2026-05-05T14:43:00.141+0000] {logging_mixin.py:188} INFO - [2026-05-05T14:43:00.140+0000] {dagbag.py:545} INFO - Filling up the DagBag from /opt/airflow/dags/pipeline_dag.py
[2026-05-05T14:43:00.162+0000] {processor.py:840} INFO - DAG(s) 'ecommerce_pipeline' retrieved from /opt/airflow/dags/pipeline_dag.py
[2026-05-05T14:43:00.199+0000] {logging_mixin.py:188} INFO - [2026-05-05T14:43:00.199+0000] {dag.py:3096} INFO - Sync 1 DAGs
[2026-05-05T14:43:00.219+0000] {logging_mixin.py:188} INFO - [2026-05-05T14:43:00.219+0000] {dag.py:3954} INFO - Setting next_dagrun for ecommerce_pipeline to 2026-05-05 00:00:00+00:00, run_after=2026-05-06 00:00:00+00:00
[2026-05-05T14:43:00.241+0000] {processor.py:183} INFO - Processing /opt/airflow/dags/pipeline_dag.py took 0.109 seconds
[2026-05-05T14:43:31.420+0000] {processor.py:161} INFO - Started process (PID=1277) to work on /opt/airflow/dags/pipeline_dag.py
[2026-05-05T14:43:31.421+0000] {processor.py:830} INFO - Processing file /opt/airflow/dags/pipeline_dag.py for tasks to queue
[2026-05-05T14:43:31.423+0000] {logging_mixin.py:188} INFO - [2026-05-05T14:43:31.423+0000] {dagbag.py:545} INFO - Filling up the DagBag from /opt/airflow/dags/pipeline_dag.py
[2026-05-05T14:43:31.448+0000] {processor.py:840} INFO - DAG(s) 'ecommerce_pipeline' retrieved from /opt/airflow/dags/pipeline_dag.py
[2026-05-05T14:43:31.483+0000] {logging_mixin.py:188} INFO - [2026-05-05T14:43:31.483+0000] {dag.py:3096} INFO - Sync 1 DAGs
[2026-05-05T14:43:31.503+0000] {logging_mixin.py:188} INFO - [2026-05-05T14:43:31.503+0000] {dag.py:3954} INFO - Setting next_dagrun for ecommerce_pipeline to 2026-05-05 00:00:00+00:00, run_after=2026-05-06 00:00:00+00:00
[2026-05-05T14:43:31.524+0000] {processor.py:183} INFO - Processing /opt/airflow/dags/pipeline_dag.py took 0.110 seconds
[2026-05-05T14:44:01.739+0000] {processor.py:161} INFO - Started process (PID=1282) to work on /opt/airflow/dags/pipeline_dag.py
[2026-05-05T14:44:01.740+0000] {processor.py:830} INFO - Processing file /opt/airflow/dags/pipeline_dag.py for tasks to queue
[2026-05-05T14:44:01.742+0000] {logging_mixin.py:188} INFO - [2026-05-05T14:44:01.742+0000] {dagbag.py:545} INFO - Filling up the DagBag from /opt/airflow/dags/pipeline_dag.py
[2026-05-05T14:44:01.764+0000] {processor.py:840} INFO - DAG(s) 'ecommerce_pipeline' retrieved from /opt/airflow/dags/pipeline_dag.py
[2026-05-05T14:44:01.818+0000] {logging_mixin.py:188} INFO - [2026-05-05T14:44:01.817+0000] {dag.py:3096} INFO - Sync 1 DAGs
[2026-05-05T14:44:01.845+0000] {logging_mixin.py:188} INFO - [2026-05-05T14:44:01.845+0000] {dag.py:3954} INFO - Setting next_dagrun for ecommerce_pipeline to 2026-05-05 00:00:00+00:00, run_after=2026-05-06 00:00:00+00:00
[2026-05-05T14:44:01.871+0000] {processor.py:183} INFO - Processing /opt/airflow/dags/pipeline_dag.py took 0.140 seconds
[2026-05-05T14:44:33.090+0000] {processor.py:161} INFO - Started process (PID=1287) to work on /opt/airflow/dags/pipeline_dag.py
[2026-05-05T14:44:33.092+0000] {processor.py:830} INFO - Processing file /opt/airflow/dags/pipeline_dag.py for tasks to queue
[2026-05-05T14:44:33.098+0000] {logging_mixin.py:188} INFO - [2026-05-05T14:44:33.097+0000] {dagbag.py:545} INFO - Filling up the DagBag from /opt/airflow/dags/pipeline_dag.py
[2026-05-05T14:44:33.143+0000] {processor.py:840} INFO - DAG(s) 'ecommerce_pipeline' retrieved from /opt/airflow/dags/pipeline_dag.py
[2026-05-05T14:44:33.199+0000] {logging_mixin.py:188} INFO - [2026-05-05T14:44:33.199+0000] {dag.py:3096} INFO - Sync 1 DAGs
[2026-05-05T14:44:33.227+0000] {logging_mixin.py:188} INFO - [2026-05-05T14:44:33.227+0000] {dag.py:3954} INFO - Setting next_dagrun for ecommerce_pipeline to 2026-05-05 00:00:00+00:00, run_after=2026-05-06 00:00:00+00:00
[2026-05-05T14:44:33.256+0000] {processor.py:183} INFO - Processing /opt/airflow/dags/pipeline_dag.py took 0.184 seconds
[2026-05-05T14:45:04.414+0000] {processor.py:161} INFO - Started process (PID=1292) to work on /opt/airflow/dags/pipeline_dag.py
[2026-05-05T14:45:04.424+0000] {processor.py:830} INFO - Processing file /opt/airflow/dags/pipeline_dag.py for tasks to queue
[2026-05-05T14:45:04.448+0000] {logging_mixin.py:188} INFO - [2026-05-05T14:45:04.444+0000] {dagbag.py:545} INFO - Filling up the DagBag from /opt/airflow/dags/pipeline_dag.py
[2026-05-05T14:45:04.564+0000] {processor.py:840} INFO - DAG(s) 'ecommerce_pipeline' retrieved from /opt/airflow/dags/pipeline_dag.py
[2026-05-05T14:45:04.731+0000] {logging_mixin.py:188} INFO - [2026-05-05T14:45:04.730+0000] {dag.py:3096} INFO - Sync 1 DAGs
[2026-05-05T14:45:04.819+0000] {logging_mixin.py:188} INFO - [2026-05-05T14:45:04.818+0000] {dag.py:3954} INFO - Setting next_dagrun for ecommerce_pipeline to 2026-05-05 00:00:00+00:00, run_after=2026-05-06 00:00:00+00:00
[2026-05-05T14:45:04.877+0000] {processor.py:183} INFO - Processing /opt/airflow/dags/pipeline_dag.py took 0.526 seconds
[2026-05-05T14:45:35.191+0000] {processor.py:161} INFO - Started process (PID=1297) to work on /opt/airflow/dags/pipeline_dag.py
[2026-05-05T14:45:35.192+0000] {processor.py:830} INFO - Processing file /opt/airflow/dags/pipeline_dag.py for tasks to queue
[2026-05-05T14:45:35.196+0000] {logging_mixin.py:188} INFO - [2026-05-05T14:45:35.195+0000] {dagbag.py:545} INFO - Filling up the DagBag from /opt/airflow/dags/pipeline_dag.py
[2026-05-05T14:45:35.237+0000] {processor.py:840} INFO - DAG(s) 'ecommerce_pipeline' retrieved from /opt/airflow/dags/pipeline_dag.py
[2026-05-05T14:45:35.289+0000] {logging_mixin.py:188} INFO - [2026-05-05T14:45:35.289+0000] {dag.py:3096} INFO - Sync 1 DAGs
[2026-05-05T14:45:35.320+0000] {logging_mixin.py:188} INFO - [2026-05-05T14:45:35.320+0000] {dag.py:3954} INFO - Setting next_dagrun for ecommerce_pipeline to 2026-05-05 00:00:00+00:00, run_after=2026-05-06 00:00:00+00:00
[2026-05-05T14:45:35.349+0000] {processor.py:183} INFO - Processing /opt/airflow/dags/pipeline_dag.py took 0.173 seconds
[2026-05-05T14:46:06.455+0000] {processor.py:161} INFO - Started process (PID=1302) to work on /opt/airflow/dags/pipeline_dag.py
[2026-05-05T14:46:06.457+0000] {processor.py:830} INFO - Processing file /opt/airflow/dags/pipeline_dag.py for tasks to queue
[2026-05-05T14:46:06.459+0000] {logging_mixin.py:188} INFO - [2026-05-05T14:46:06.459+0000] {dagbag.py:545} INFO - Filling up the DagBag from /opt/airflow/dags/pipeline_dag.py
[2026-05-05T14:46:06.488+0000] {processor.py:840} INFO - DAG(s) 'ecommerce_pipeline' retrieved from /opt/airflow/dags/pipeline_dag.py
[2026-05-05T14:46:06.530+0000] {logging_mixin.py:188} INFO - [2026-05-05T14:46:06.530+0000] {dag.py:3096} INFO - Sync 1 DAGs
[2026-05-05T14:46:06.558+0000] {logging_mixin.py:188} INFO - [2026-05-05T14:46:06.558+0000] {dag.py:3954} INFO - Setting next_dagrun for ecommerce_pipeline to 2026-05-05 00:00:00+00:00, run_after=2026-05-06 00:00:00+00:00
[2026-05-05T14:46:06.600+0000] {processor.py:183} INFO - Processing /opt/airflow/dags/pipeline_dag.py took 0.154 seconds
[2026-05-05T14:46:37.904+0000] {processor.py:161} INFO - Started process (PID=1307) to work on /opt/airflow/dags/pipeline_dag.py
[2026-05-05T14:46:37.905+0000] {processor.py:830} INFO - Processing file /opt/airflow/dags/pipeline_dag.py for tasks to queue
[2026-05-05T14:46:37.907+0000] {logging_mixin.py:188} INFO - [2026-05-05T14:46:37.906+0000] {dagbag.py:545} INFO - Filling up the DagBag from /opt/airflow/dags/pipeline_dag.py
[2026-05-05T14:46:37.930+0000] {processor.py:840} INFO - DAG(s) 'ecommerce_pipeline' retrieved from /opt/airflow/dags/pipeline_dag.py
[2026-05-05T14:46:37.971+0000] {logging_mixin.py:188} INFO - [2026-05-05T14:46:37.970+0000] {dag.py:3096} INFO - Sync 1 DAGs
[2026-05-05T14:46:37.992+0000] {logging_mixin.py:188} INFO - [2026-05-05T14:46:37.992+0000] {dag.py:3954} INFO - Setting next_dagrun for ecommerce_pipeline to 2026-05-05 00:00:00+00:00, run_after=2026-05-06 00:00:00+00:00
[2026-05-05T14:46:38.014+0000] {processor.py:183} INFO - Processing /opt/airflow/dags/pipeline_dag.py took 0.116 seconds
[2026-05-05T14:47:08.222+0000] {processor.py:161} INFO - Started process (PID=1312) to work on /opt/airflow/dags/pipeline_dag.py
[2026-05-05T14:47:08.227+0000] {processor.py:830} INFO - Processing file /opt/airflow/dags/pipeline_dag.py for tasks to queue
[2026-05-05T14:47:08.230+0000] {logging_mixin.py:188} INFO - [2026-05-05T14:47:08.230+0000] {dagbag.py:545} INFO - Filling up the DagBag from /opt/airflow/dags/pipeline_dag.py
[2026-05-05T14:47:08.276+0000] {processor.py:840} INFO - DAG(s) 'ecommerce_pipeline' retrieved from /opt/airflow/dags/pipeline_dag.py
[2026-05-05T14:47:08.347+0000] {logging_mixin.py:188} INFO - [2026-05-05T14:47:08.347+0000] {dag.py:3096} INFO - Sync 1 DAGs
[2026-05-05T14:47:08.381+0000] {logging_mixin.py:188} INFO - [2026-05-05T14:47:08.380+0000] {dag.py:3954} INFO - Setting next_dagrun for ecommerce_pipeline to 2026-05-05 00:00:00+00:00, run_after=2026-05-06 00:00:00+00:00
[2026-05-05T14:47:08.418+0000] {processor.py:183} INFO - Processing /opt/airflow/dags/pipeline_dag.py took 0.204 seconds
[2026-05-05T14:47:39.545+0000] {processor.py:161} INFO - Started process (PID=1317) to work on /opt/airflow/dags/pipeline_dag.py
[2026-05-05T14:47:39.548+0000] {processor.py:830} INFO - Processing file /opt/airflow/dags/pipeline_dag.py for tasks to queue
[2026-05-05T14:47:39.553+0000] {logging_mixin.py:188} INFO - [2026-05-05T14:47:39.551+0000] {dagbag.py:545} INFO - Filling up the DagBag from /opt/airflow/dags/pipeline_dag.py
[2026-05-05T14:47:39.605+0000] {processor.py:840} INFO - DAG(s) 'ecommerce_pipeline' retrieved from /opt/airflow/dags/pipeline_dag.py
[2026-05-05T14:47:39.671+0000] {logging_mixin.py:188} INFO - [2026-05-05T14:47:39.670+0000] {dag.py:3096} INFO - Sync 1 DAGs
[2026-05-05T14:47:39.705+0000] {logging_mixin.py:188} INFO - [2026-05-05T14:47:39.705+0000] {dag.py:3954} INFO - Setting next_dagrun for ecommerce_pipeline to 2026-05-05 00:00:00+00:00, run_after=2026-05-06 00:00:00+00:00
[2026-05-05T14:47:39.738+0000] {processor.py:183} INFO - Processing /opt/airflow/dags/pipeline_dag.py took 0.207 seconds
[2026-05-05T14:48:11.124+0000] {processor.py:161} INFO - Started process (PID=1322) to work on /opt/airflow/dags/pipeline_dag.py
[2026-05-05T14:48:11.127+0000] {processor.py:830} INFO - Processing file /opt/airflow/dags/pipeline_dag.py for tasks to queue
[2026-05-05T14:48:11.135+0000] {logging_mixin.py:188} INFO - [2026-05-05T14:48:11.134+0000] {dagbag.py:545} INFO - Filling up the DagBag from /opt/airflow/dags/pipeline_dag.py
[2026-05-05T14:48:11.200+0000] {processor.py:840} INFO - DAG(s) 'ecommerce_pipeline' retrieved from /opt/airflow/dags/pipeline_dag.py
[2026-05-05T14:48:11.290+0000] {logging_mixin.py:188} INFO - [2026-05-05T14:48:11.289+0000] {dag.py:3096} INFO - Sync 1 DAGs
[2026-05-05T14:48:11.336+0000] {logging_mixin.py:188} INFO - [2026-05-05T14:48:11.335+0000] {dag.py:3954} INFO - Setting next_dagrun for ecommerce_pipeline to 2026-05-05 00:00:00+00:00, run_after=2026-05-06 00:00:00+00:00
[2026-05-05T14:48:11.376+0000] {processor.py:183} INFO - Processing /opt/airflow/dags/pipeline_dag.py took 0.274 seconds
[2026-05-05T14:48:41.591+0000] {processor.py:161} INFO - Started process (PID=1327) to work on /opt/airflow/dags/pipeline_dag.py
[2026-05-05T14:48:41.592+0000] {processor.py:830} INFO - Processing file /opt/airflow/dags/pipeline_dag.py for tasks to queue
[2026-05-05T14:48:41.594+0000] {logging_mixin.py:188} INFO - [2026-05-05T14:48:41.594+0000] {dagbag.py:545} INFO - Filling up the DagBag from /opt/airflow/dags/pipeline_dag.py
[2026-05-05T14:48:41.618+0000] {processor.py:840} INFO - DAG(s) 'ecommerce_pipeline' retrieved from /opt/airflow/dags/pipeline_dag.py
[2026-05-05T14:48:41.672+0000] {logging_mixin.py:188} INFO - [2026-05-05T14:48:41.672+0000] {dag.py:3096} INFO - Sync 1 DAGs
[2026-05-05T14:48:41.697+0000] {logging_mixin.py:188} INFO - [2026-05-05T14:48:41.697+0000] {dag.py:3954} INFO - Setting next_dagrun for ecommerce_pipeline to 2026-05-05 00:00:00+00:00, run_after=2026-05-06 00:00:00+00:00
[2026-05-05T14:48:41.726+0000] {processor.py:183} INFO - Processing /opt/airflow/dags/pipeline_dag.py took 0.142 seconds
[2026-05-05T14:49:12.853+0000] {processor.py:161} INFO - Started process (PID=1332) to work on /opt/airflow/dags/pipeline_dag.py
[2026-05-05T14:49:12.854+0000] {processor.py:830} INFO - Processing file /opt/airflow/dags/pipeline_dag.py for tasks to queue
[2026-05-05T14:49:12.856+0000] {logging_mixin.py:188} INFO - [2026-05-05T14:49:12.856+0000] {dagbag.py:545} INFO - Filling up the DagBag from /opt/airflow/dags/pipeline_dag.py
[2026-05-05T14:49:12.877+0000] {processor.py:840} INFO - DAG(s) 'ecommerce_pipeline' retrieved from /opt/airflow/dags/pipeline_dag.py
[2026-05-05T14:49:12.918+0000] {logging_mixin.py:188} INFO - [2026-05-05T14:49:12.918+0000] {dag.py:3096} INFO - Sync 1 DAGs
[2026-05-05T14:49:12.942+0000] {logging_mixin.py:188} INFO - [2026-05-05T14:49:12.941+0000] {dag.py:3954} INFO - Setting next_dagrun for ecommerce_pipeline to 2026-05-05 00:00:00+00:00, run_after=2026-05-06 00:00:00+00:00
[2026-05-05T14:49:12.970+0000] {processor.py:183} INFO - Processing /opt/airflow/dags/pipeline_dag.py took 0.124 seconds
[2026-05-05T14:49:44.211+0000] {processor.py:161} INFO - Started process (PID=1337) to work on /opt/airflow/dags/pipeline_dag.py
[2026-05-05T14:49:44.212+0000] {processor.py:830} INFO - Processing file /opt/airflow/dags/pipeline_dag.py for tasks to queue
[2026-05-05T14:49:44.214+0000] {logging_mixin.py:188} INFO - [2026-05-05T14:49:44.214+0000] {dagbag.py:545} INFO - Filling up the DagBag from /opt/airflow/dags/pipeline_dag.py
[2026-05-05T14:49:44.236+0000] {processor.py:840} INFO - DAG(s) 'ecommerce_pipeline' retrieved from /opt/airflow/dags/pipeline_dag.py
[2026-05-05T14:49:44.276+0000] {logging_mixin.py:188} INFO - [2026-05-05T14:49:44.275+0000] {dag.py:3096} INFO - Sync 1 DAGs
[2026-05-05T14:49:44.299+0000] {logging_mixin.py:188} INFO - [2026-05-05T14:49:44.298+0000] {dag.py:3954} INFO - Setting next_dagrun for ecommerce_pipeline to 2026-05-05 00:00:00+00:00, run_after=2026-05-06 00:00:00+00:00
[2026-05-05T14:49:44.326+0000] {processor.py:183} INFO - Processing /opt/airflow/dags/pipeline_dag.py took 0.121 seconds
[2026-05-05T14:50:15.480+0000] {processor.py:161} INFO - Started process (PID=1342) to work on /opt/airflow/dags/pipeline_dag.py
[2026-05-05T14:50:15.487+0000] {processor.py:830} INFO - Processing file /opt/airflow/dags/pipeline_dag.py for tasks to queue
[2026-05-05T14:50:15.503+0000] {logging_mixin.py:188} INFO - [2026-05-05T14:50:15.502+0000] {dagbag.py:545} INFO - Filling up the DagBag from /opt/airflow/dags/pipeline_dag.py
[2026-05-05T14:50:15.594+0000] {processor.py:840} INFO - DAG(s) 'ecommerce_pipeline' retrieved from /opt/airflow/dags/pipeline_dag.py
[2026-05-05T14:50:15.661+0000] {logging_mixin.py:188} INFO - [2026-05-05T14:50:15.660+0000] {dag.py:3096} INFO - Sync 1 DAGs
[2026-05-05T14:50:15.716+0000] {logging_mixin.py:188} INFO - [2026-05-05T14:50:15.716+0000] {dag.py:3954} INFO - Setting next_dagrun for ecommerce_pipeline to 2026-05-05 00:00:00+00:00, run_after=2026-05-06 00:00:00+00:00
[2026-05-05T14:50:15.751+0000] {processor.py:183} INFO - Processing /opt/airflow/dags/pipeline_dag.py took 0.285 seconds
[2026-05-05T14:50:45.899+0000] {processor.py:161} INFO - Started process (PID=1347) to work on /opt/airflow/dags/pipeline_dag.py
[2026-05-05T14:50:45.902+0000] {processor.py:830} INFO - Processing file /opt/airflow/dags/pipeline_dag.py for tasks to queue
[2026-05-05T14:50:45.906+0000] {logging_mixin.py:188} INFO - [2026-05-05T14:50:45.905+0000] {dagbag.py:545} INFO - Filling up the DagBag from /opt/airflow/dags/pipeline_dag.py
[2026-05-05T14:50:45.951+0000] {processor.py:840} INFO - DAG(s) 'ecommerce_pipeline' retrieved from /opt/airflow/dags/pipeline_dag.py
[2026-05-05T14:50:46.031+0000] {logging_mixin.py:188} INFO - [2026-05-05T14:50:46.031+0000] {dag.py:3096} INFO - Sync 1 DAGs
[2026-05-05T14:50:46.067+0000] {logging_mixin.py:188} INFO - [2026-05-05T14:50:46.067+0000] {dag.py:3954} INFO - Setting next_dagrun for ecommerce_pipeline to 2026-05-05 00:00:00+00:00, run_after=2026-05-06 00:00:00+00:00
[2026-05-05T14:50:46.111+0000] {processor.py:183} INFO - Processing /opt/airflow/dags/pipeline_dag.py took 0.228 seconds
[2026-05-05T14:51:17.290+0000] {processor.py:161} INFO - Started process (PID=1352) to work on /opt/airflow/dags/pipeline_dag.py
[2026-05-05T14:51:17.292+0000] {processor.py:830} INFO - Processing file /opt/airflow/dags/pipeline_dag.py for tasks to queue
[2026-05-05T14:51:17.294+0000] {logging_mixin.py:188} INFO - [2026-05-05T14:51:17.294+0000] {dagbag.py:545} INFO - Filling up the DagBag from /opt/airflow/dags/pipeline_dag.py
[2026-05-05T14:51:17.317+0000] {processor.py:840} INFO - DAG(s) 'ecommerce_pipeline' retrieved from /opt/airflow/dags/pipeline_dag.py
[2026-05-05T14:51:17.356+0000] {logging_mixin.py:188} INFO - [2026-05-05T14:51:17.356+0000] {dag.py:3096} INFO - Sync 1 DAGs
[2026-05-05T14:51:17.381+0000] {logging_mixin.py:188} INFO - [2026-05-05T14:51:17.381+0000] {dag.py:3954} INFO - Setting next_dagrun for ecommerce_pipeline to 2026-05-05 00:00:00+00:00, run_after=2026-05-06 00:00:00+00:00
[2026-05-05T14:51:17.402+0000] {processor.py:183} INFO - Processing /opt/airflow/dags/pipeline_dag.py took 0.118 seconds
[2026-05-05T14:51:48.601+0000] {processor.py:161} INFO - Started process (PID=1357) to work on /opt/airflow/dags/pipeline_dag.py
[2026-05-05T14:51:48.602+0000] {processor.py:830} INFO - Processing file /opt/airflow/dags/pipeline_dag.py for tasks to queue
[2026-05-05T14:51:48.604+0000] {logging_mixin.py:188} INFO - [2026-05-05T14:51:48.604+0000] {dagbag.py:545} INFO - Filling up the DagBag from /opt/airflow/dags/pipeline_dag.py
[2026-05-05T14:51:48.627+0000] {processor.py:840} INFO - DAG(s) 'ecommerce_pipeline' retrieved from /opt/airflow/dags/pipeline_dag.py
[2026-05-05T14:51:48.679+0000] {logging_mixin.py:188} INFO - [2026-05-05T14:51:48.679+0000] {dag.py:3096} INFO - Sync 1 DAGs
[2026-05-05T14:51:48.713+0000] {logging_mixin.py:188} INFO - [2026-05-05T14:51:48.712+0000] {dag.py:3954} INFO - Setting next_dagrun for ecommerce_pipeline to 2026-05-05 00:00:00+00:00, run_after=2026-05-06 00:00:00+00:00
[2026-05-05T14:51:48.739+0000] {processor.py:183} INFO - Processing /opt/airflow/dags/pipeline_dag.py took 0.144 seconds
[2026-05-05T14:52:20.010+0000] {processor.py:161} INFO - Started process (PID=1362) to work on /opt/airflow/dags/pipeline_dag.py
[2026-05-05T14:52:20.013+0000] {processor.py:830} INFO - Processing file /opt/airflow/dags/pipeline_dag.py for tasks to queue
[2026-05-05T14:52:20.015+0000] {logging_mixin.py:188} INFO - [2026-05-05T14:52:20.014+0000] {dagbag.py:545} INFO - Filling up the DagBag from /opt/airflow/dags/pipeline_dag.py
[2026-05-05T14:52:20.040+0000] {processor.py:840} INFO - DAG(s) 'ecommerce_pipeline' retrieved from /opt/airflow/dags/pipeline_dag.py
[2026-05-05T14:52:20.090+0000] {logging_mixin.py:188} INFO - [2026-05-05T14:52:20.090+0000] {dag.py:3096} INFO - Sync 1 DAGs
[2026-05-05T14:52:20.114+0000] {logging_mixin.py:188} INFO - [2026-05-05T14:52:20.114+0000] {dag.py:3954} INFO - Setting next_dagrun for ecommerce_pipeline to 2026-05-05 00:00:00+00:00, run_after=2026-05-06 00:00:00+00:00
[2026-05-05T14:52:20.139+0000] {processor.py:183} INFO - Processing /opt/airflow/dags/pipeline_dag.py took 0.135 seconds
[2026-05-05T14:52:50.652+0000] {processor.py:161} INFO - Started process (PID=1367) to work on /opt/airflow/dags/pipeline_dag.py
[2026-05-05T14:52:50.654+0000] {processor.py:830} INFO - Processing file /opt/airflow/dags/pipeline_dag.py for tasks to queue
[2026-05-05T14:52:50.656+0000] {logging_mixin.py:188} INFO - [2026-05-05T14:52:50.655+0000] {dagbag.py:545} INFO - Filling up the DagBag from /opt/airflow/dags/pipeline_dag.py
[2026-05-05T14:52:50.682+0000] {processor.py:840} INFO - DAG(s) 'ecommerce_pipeline' retrieved from /opt/airflow/dags/pipeline_dag.py
[2026-05-05T14:52:50.734+0000] {logging_mixin.py:188} INFO - [2026-05-05T14:52:50.734+0000] {dag.py:3096} INFO - Sync 1 DAGs
[2026-05-05T14:52:50.762+0000] {logging_mixin.py:188} INFO - [2026-05-05T14:52:50.761+0000] {dag.py:3954} INFO - Setting next_dagrun for ecommerce_pipeline to 2026-05-05 00:00:00+00:00, run_after=2026-05-06 00:00:00+00:00
[2026-05-05T14:52:50.793+0000] {processor.py:183} INFO - Processing /opt/airflow/dags/pipeline_dag.py took 0.147 seconds
[2026-05-05T14:53:21.553+0000] {processor.py:161} INFO - Started process (PID=1372) to work on /opt/airflow/dags/pipeline_dag.py
[2026-05-05T14:53:21.554+0000] {processor.py:830} INFO - Processing file /opt/airflow/dags/pipeline_dag.py for tasks to queue
[2026-05-05T14:53:21.556+0000] {logging_mixin.py:188} INFO - [2026-05-05T14:53:21.556+0000] {dagbag.py:545} INFO - Filling up the DagBag from /opt/airflow/dags/pipeline_dag.py
[2026-05-05T14:53:21.578+0000] {processor.py:840} INFO - DAG(s) 'ecommerce_pipeline' retrieved from /opt/airflow/dags/pipeline_dag.py
[2026-05-05T14:53:21.620+0000] {logging_mixin.py:188} INFO - [2026-05-05T14:53:21.620+0000] {dag.py:3096} INFO - Sync 1 DAGs
[2026-05-05T14:53:21.641+0000] {logging_mixin.py:188} INFO - [2026-05-05T14:53:21.641+0000] {dag.py:3954} INFO - Setting next_dagrun for ecommerce_pipeline to 2026-05-05 00:00:00+00:00, run_after=2026-05-06 00:00:00+00:00
[2026-05-05T14:53:21.663+0000] {processor.py:183} INFO - Processing /opt/airflow/dags/pipeline_dag.py took 0.116 seconds
[2026-05-05T14:53:53.049+0000] {processor.py:161} INFO - Started process (PID=1377) to work on /opt/airflow/dags/pipeline_dag.py
[2026-05-05T14:53:53.050+0000] {processor.py:830} INFO - Processing file /opt/airflow/dags/pipeline_dag.py for tasks to queue
[2026-05-05T14:53:53.055+0000] {logging_mixin.py:188} INFO - [2026-05-05T14:53:53.054+0000] {dagbag.py:545} INFO - Filling up the DagBag from /opt/airflow/dags/pipeline_dag.py
[2026-05-05T14:53:53.090+0000] {processor.py:840} INFO - DAG(s) 'ecommerce_pipeline' retrieved from /opt/airflow/dags/pipeline_dag.py
[2026-05-05T14:53:53.146+0000] {logging_mixin.py:188} INFO - [2026-05-05T14:53:53.146+0000] {dag.py:3096} INFO - Sync 1 DAGs
[2026-05-05T14:53:53.175+0000] {logging_mixin.py:188} INFO - [2026-05-05T14:53:53.175+0000] {dag.py:3954} INFO - Setting next_dagrun for ecommerce_pipeline to 2026-05-05 00:00:00+00:00, run_after=2026-05-06 00:00:00+00:00
[2026-05-05T14:53:53.210+0000] {processor.py:183} INFO - Processing /opt/airflow/dags/pipeline_dag.py took 0.172 seconds
[2026-05-05T14:54:23.484+0000] {processor.py:161} INFO - Started process (PID=1382) to work on /opt/airflow/dags/pipeline_dag.py
[2026-05-05T14:54:23.485+0000] {processor.py:830} INFO - Processing file /opt/airflow/dags/pipeline_dag.py for tasks to queue
[2026-05-05T14:54:23.487+0000] {logging_mixin.py:188} INFO - [2026-05-05T14:54:23.487+0000] {dagbag.py:545} INFO - Filling up the DagBag from /opt/airflow/dags/pipeline_dag.py
[2026-05-05T14:54:23.510+0000] {processor.py:840} INFO - DAG(s) 'ecommerce_pipeline' retrieved from /opt/airflow/dags/pipeline_dag.py
[2026-05-05T14:54:23.559+0000] {logging_mixin.py:188} INFO - [2026-05-05T14:54:23.558+0000] {dag.py:3096} INFO - Sync 1 DAGs
[2026-05-05T14:54:23.587+0000] {logging_mixin.py:188} INFO - [2026-05-05T14:54:23.587+0000] {dag.py:3954} INFO - Setting next_dagrun for ecommerce_pipeline to 2026-05-05 00:00:00+00:00, run_after=2026-05-06 00:00:00+00:00
[2026-05-05T14:54:23.611+0000] {processor.py:183} INFO - Processing /opt/airflow/dags/pipeline_dag.py took 0.133 seconds
[2026-05-05T14:54:54.735+0000] {processor.py:161} INFO - Started process (PID=1387) to work on /opt/airflow/dags/pipeline_dag.py
[2026-05-05T14:54:54.736+0000] {processor.py:830} INFO - Processing file /opt/airflow/dags/pipeline_dag.py for tasks to queue
[2026-05-05T14:54:54.738+0000] {logging_mixin.py:188} INFO - [2026-05-05T14:54:54.738+0000] {dagbag.py:545} INFO - Filling up the DagBag from /opt/airflow/dags/pipeline_dag.py
[2026-05-05T14:54:54.758+0000] {processor.py:840} INFO - DAG(s) 'ecommerce_pipeline' retrieved from /opt/airflow/dags/pipeline_dag.py
[2026-05-05T14:54:54.795+0000] {logging_mixin.py:188} INFO - [2026-05-05T14:54:54.795+0000] {dag.py:3096} INFO - Sync 1 DAGs
[2026-05-05T14:54:54.817+0000] {logging_mixin.py:188} INFO - [2026-05-05T14:54:54.817+0000] {dag.py:3954} INFO - Setting next_dagrun for ecommerce_pipeline to 2026-05-05 00:00:00+00:00, run_after=2026-05-06 00:00:00+00:00
[2026-05-05T14:54:54.840+0000] {processor.py:183} INFO - Processing /opt/airflow/dags/pipeline_dag.py took 0.110 seconds
[2026-05-05T14:55:25.962+0000] {processor.py:161} INFO - Started process (PID=1392) to work on /opt/airflow/dags/pipeline_dag.py
[2026-05-05T14:55:25.963+0000] {processor.py:830} INFO - Processing file /opt/airflow/dags/pipeline_dag.py for tasks to queue
[2026-05-05T14:55:25.965+0000] {logging_mixin.py:188} INFO - [2026-05-05T14:55:25.965+0000] {dagbag.py:545} INFO - Filling up the DagBag from /opt/airflow/dags/pipeline_dag.py
[2026-05-05T14:55:25.990+0000] {processor.py:840} INFO - DAG(s) 'ecommerce_pipeline' retrieved from /opt/airflow/dags/pipeline_dag.py
[2026-05-05T14:55:26.032+0000] {logging_mixin.py:188} INFO - [2026-05-05T14:55:26.032+0000] {dag.py:3096} INFO - Sync 1 DAGs
[2026-05-05T14:55:26.055+0000] {logging_mixin.py:188} INFO - [2026-05-05T14:55:26.054+0000] {dag.py:3954} INFO - Setting next_dagrun for ecommerce_pipeline to 2026-05-05 00:00:00+00:00, run_after=2026-05-06 00:00:00+00:00
[2026-05-05T14:55:26.076+0000] {processor.py:183} INFO - Processing /opt/airflow/dags/pipeline_dag.py took 0.120 seconds
[2026-05-05T14:55:57.321+0000] {processor.py:161} INFO - Started process (PID=1397) to work on /opt/airflow/dags/pipeline_dag.py
[2026-05-05T14:55:57.323+0000] {processor.py:830} INFO - Processing file /opt/airflow/dags/pipeline_dag.py for tasks to queue
[2026-05-05T14:55:57.325+0000] {logging_mixin.py:188} INFO - [2026-05-05T14:55:57.324+0000] {dagbag.py:545} INFO - Filling up the DagBag from /opt/airflow/dags/pipeline_dag.py
[2026-05-05T14:55:57.346+0000] {processor.py:840} INFO - DAG(s) 'ecommerce_pipeline' retrieved from /opt/airflow/dags/pipeline_dag.py
[2026-05-05T14:55:57.382+0000] {logging_mixin.py:188} INFO - [2026-05-05T14:55:57.382+0000] {dag.py:3096} INFO - Sync 1 DAGs
[2026-05-05T14:55:57.403+0000] {logging_mixin.py:188} INFO - [2026-05-05T14:55:57.403+0000] {dag.py:3954} INFO - Setting next_dagrun for ecommerce_pipeline to 2026-05-05 00:00:00+00:00, run_after=2026-05-06 00:00:00+00:00
[2026-05-05T14:55:57.427+0000] {processor.py:183} INFO - Processing /opt/airflow/dags/pipeline_dag.py took 0.111 seconds
[2026-05-05T14:56:28.596+0000] {processor.py:161} INFO - Started process (PID=1402) to work on /opt/airflow/dags/pipeline_dag.py
[2026-05-05T14:56:28.597+0000] {processor.py:830} INFO - Processing file /opt/airflow/dags/pipeline_dag.py for tasks to queue
[2026-05-05T14:56:28.599+0000] {logging_mixin.py:188} INFO - [2026-05-05T14:56:28.598+0000] {dagbag.py:545} INFO - Filling up the DagBag from /opt/airflow/dags/pipeline_dag.py
[2026-05-05T14:56:28.620+0000] {processor.py:840} INFO - DAG(s) 'ecommerce_pipeline' retrieved from /opt/airflow/dags/pipeline_dag.py
[2026-05-05T14:56:28.656+0000] {logging_mixin.py:188} INFO - [2026-05-05T14:56:28.656+0000] {dag.py:3096} INFO - Sync 1 DAGs
[2026-05-05T14:56:28.678+0000] {logging_mixin.py:188} INFO - [2026-05-05T14:56:28.678+0000] {dag.py:3954} INFO - Setting next_dagrun for ecommerce_pipeline to 2026-05-05 00:00:00+00:00, run_after=2026-05-06 00:00:00+00:00
[2026-05-05T14:56:28.700+0000] {processor.py:183} INFO - Processing /opt/airflow/dags/pipeline_dag.py took 0.110 seconds
[2026-05-05T14:56:58.925+0000] {processor.py:161} INFO - Started process (PID=1407) to work on /opt/airflow/dags/pipeline_dag.py
[2026-05-05T14:56:58.926+0000] {processor.py:830} INFO - Processing file /opt/airflow/dags/pipeline_dag.py for tasks to queue
[2026-05-05T14:56:58.928+0000] {logging_mixin.py:188} INFO - [2026-05-05T14:56:58.928+0000] {dagbag.py:545} INFO - Filling up the DagBag from /opt/airflow/dags/pipeline_dag.py
[2026-05-05T14:56:58.952+0000] {processor.py:840} INFO - DAG(s) 'ecommerce_pipeline' retrieved from /opt/airflow/dags/pipeline_dag.py
[2026-05-05T14:56:58.996+0000] {logging_mixin.py:188} INFO - [2026-05-05T14:56:58.996+0000] {dag.py:3096} INFO - Sync 1 DAGs
[2026-05-05T14:56:59.022+0000] {logging_mixin.py:188} INFO - [2026-05-05T14:56:59.021+0000] {dag.py:3954} INFO - Setting next_dagrun for ecommerce_pipeline to 2026-05-05 00:00:00+00:00, run_after=2026-05-06 00:00:00+00:00
[2026-05-05T14:56:59.045+0000] {processor.py:183} INFO - Processing /opt/airflow/dags/pipeline_dag.py took 0.126 seconds
[2026-05-05T14:57:30.236+0000] {processor.py:161} INFO - Started process (PID=1412) to work on /opt/airflow/dags/pipeline_dag.py
[2026-05-05T14:57:30.238+0000] {processor.py:830} INFO - Processing file /opt/airflow/dags/pipeline_dag.py for tasks to queue
[2026-05-05T14:57:30.240+0000] {logging_mixin.py:188} INFO - [2026-05-05T14:57:30.240+0000] {dagbag.py:545} INFO - Filling up the DagBag from /opt/airflow/dags/pipeline_dag.py
[2026-05-05T14:57:30.262+0000] {processor.py:840} INFO - DAG(s) 'ecommerce_pipeline' retrieved from /opt/airflow/dags/pipeline_dag.py
[2026-05-05T14:57:30.305+0000] {logging_mixin.py:188} INFO - [2026-05-05T14:57:30.305+0000] {dag.py:3096} INFO - Sync 1 DAGs
[2026-05-05T14:57:30.330+0000] {logging_mixin.py:188} INFO - [2026-05-05T14:57:30.330+0000] {dag.py:3954} INFO - Setting next_dagrun for ecommerce_pipeline to 2026-05-05 00:00:00+00:00, run_after=2026-05-06 00:00:00+00:00
[2026-05-05T14:57:30.353+0000] {processor.py:183} INFO - Processing /opt/airflow/dags/pipeline_dag.py took 0.122 seconds
[2026-05-05T14:58:01.685+0000] {processor.py:161} INFO - Started process (PID=1417) to work on /opt/airflow/dags/pipeline_dag.py
[2026-05-05T14:58:01.686+0000] {processor.py:830} INFO - Processing file /opt/airflow/dags/pipeline_dag.py for tasks to queue
[2026-05-05T14:58:01.688+0000] {logging_mixin.py:188} INFO - [2026-05-05T14:58:01.688+0000] {dagbag.py:545} INFO - Filling up the DagBag from /opt/airflow/dags/pipeline_dag.py
[2026-05-05T14:58:01.717+0000] {processor.py:840} INFO - DAG(s) 'ecommerce_pipeline' retrieved from /opt/airflow/dags/pipeline_dag.py
[2026-05-05T14:58:01.761+0000] {logging_mixin.py:188} INFO - [2026-05-05T14:58:01.761+0000] {dag.py:3096} INFO - Sync 1 DAGs
[2026-05-05T14:58:01.786+0000] {logging_mixin.py:188} INFO - [2026-05-05T14:58:01.786+0000] {dag.py:3954} INFO - Setting next_dagrun for ecommerce_pipeline to 2026-05-05 00:00:00+00:00, run_after=2026-05-06 00:00:00+00:00
[2026-05-05T14:58:01.812+0000] {processor.py:183} INFO - Processing /opt/airflow/dags/pipeline_dag.py took 0.134 seconds
[2026-05-05T14:58:32.968+0000] {processor.py:161} INFO - Started process (PID=1422) to work on /opt/airflow/dags/pipeline_dag.py
[2026-05-05T14:58:32.969+0000] {processor.py:830} INFO - Processing file /opt/airflow/dags/pipeline_dag.py for tasks to queue
[2026-05-05T14:58:32.972+0000] {logging_mixin.py:188} INFO - [2026-05-05T14:58:32.971+0000] {dagbag.py:545} INFO - Filling up the DagBag from /opt/airflow/dags/pipeline_dag.py
[2026-05-05T14:58:32.997+0000] {processor.py:840} INFO - DAG(s) 'ecommerce_pipeline' retrieved from /opt/airflow/dags/pipeline_dag.py
[2026-05-05T14:58:33.038+0000] {logging_mixin.py:188} INFO - [2026-05-05T14:58:33.037+0000] {dag.py:3096} INFO - Sync 1 DAGs
[2026-05-05T14:58:33.061+0000] {logging_mixin.py:188} INFO - [2026-05-05T14:58:33.061+0000] {dag.py:3954} INFO - Setting next_dagrun for ecommerce_pipeline to 2026-05-05 00:00:00+00:00, run_after=2026-05-06 00:00:00+00:00
[2026-05-05T14:58:33.083+0000] {processor.py:183} INFO - Processing /opt/airflow/dags/pipeline_dag.py took 0.123 seconds
[2026-05-05T14:59:03.377+0000] {processor.py:161} INFO - Started process (PID=1427) to work on /opt/airflow/dags/pipeline_dag.py
[2026-05-05T14:59:03.379+0000] {processor.py:830} INFO - Processing file /opt/airflow/dags/pipeline_dag.py for tasks to queue
[2026-05-05T14:59:03.383+0000] {logging_mixin.py:188} INFO - [2026-05-05T14:59:03.382+0000] {dagbag.py:545} INFO - Filling up the DagBag from /opt/airflow/dags/pipeline_dag.py
[2026-05-05T14:59:03.409+0000] {processor.py:840} INFO - DAG(s) 'ecommerce_pipeline' retrieved from /opt/airflow/dags/pipeline_dag.py
[2026-05-05T14:59:03.458+0000] {logging_mixin.py:188} INFO - [2026-05-05T14:59:03.458+0000] {dag.py:3096} INFO - Sync 1 DAGs
[2026-05-05T14:59:03.493+0000] {logging_mixin.py:188} INFO - [2026-05-05T14:59:03.493+0000] {dag.py:3954} INFO - Setting next_dagrun for ecommerce_pipeline to 2026-05-05 00:00:00+00:00, run_after=2026-05-06 00:00:00+00:00
[2026-05-05T14:59:03.518+0000] {processor.py:183} INFO - Processing /opt/airflow/dags/pipeline_dag.py took 0.148 seconds
[2026-05-05T14:59:34.675+0000] {processor.py:161} INFO - Started process (PID=1432) to work on /opt/airflow/dags/pipeline_dag.py
[2026-05-05T14:59:34.677+0000] {processor.py:830} INFO - Processing file /opt/airflow/dags/pipeline_dag.py for tasks to queue
[2026-05-05T14:59:34.680+0000] {logging_mixin.py:188} INFO - [2026-05-05T14:59:34.679+0000] {dagbag.py:545} INFO - Filling up the DagBag from /opt/airflow/dags/pipeline_dag.py
[2026-05-05T14:59:34.704+0000] {processor.py:840} INFO - DAG(s) 'ecommerce_pipeline' retrieved from /opt/airflow/dags/pipeline_dag.py
[2026-05-05T14:59:34.749+0000] {logging_mixin.py:188} INFO - [2026-05-05T14:59:34.749+0000] {dag.py:3096} INFO - Sync 1 DAGs
[2026-05-05T14:59:34.771+0000] {logging_mixin.py:188} INFO - [2026-05-05T14:59:34.771+0000] {dag.py:3954} INFO - Setting next_dagrun for ecommerce_pipeline to 2026-05-05 00:00:00+00:00, run_after=2026-05-06 00:00:00+00:00
[2026-05-05T14:59:34.793+0000] {processor.py:183} INFO - Processing /opt/airflow/dags/pipeline_dag.py took 0.126 seconds
[2026-05-05T15:00:06.123+0000] {processor.py:161} INFO - Started process (PID=1437) to work on /opt/airflow/dags/pipeline_dag.py
[2026-05-05T15:00:06.124+0000] {processor.py:830} INFO - Processing file /opt/airflow/dags/pipeline_dag.py for tasks to queue
[2026-05-05T15:00:06.126+0000] {logging_mixin.py:188} INFO - [2026-05-05T15:00:06.126+0000] {dagbag.py:545} INFO - Filling up the DagBag from /opt/airflow/dags/pipeline_dag.py
[2026-05-05T15:00:06.147+0000] {processor.py:840} INFO - DAG(s) 'ecommerce_pipeline' retrieved from /opt/airflow/dags/pipeline_dag.py
[2026-05-05T15:00:06.188+0000] {logging_mixin.py:188} INFO - [2026-05-05T15:00:06.188+0000] {dag.py:3096} INFO - Sync 1 DAGs
[2026-05-05T15:00:06.210+0000] {logging_mixin.py:188} INFO - [2026-05-05T15:00:06.210+0000] {dag.py:3954} INFO - Setting next_dagrun for ecommerce_pipeline to 2026-05-05 00:00:00+00:00, run_after=2026-05-06 00:00:00+00:00
[2026-05-05T15:00:06.233+0000] {processor.py:183} INFO - Processing /opt/airflow/dags/pipeline_dag.py took 0.116 seconds
[2026-05-05T15:00:37.529+0000] {processor.py:161} INFO - Started process (PID=1442) to work on /opt/airflow/dags/pipeline_dag.py
[2026-05-05T15:00:37.532+0000] {processor.py:830} INFO - Processing file /opt/airflow/dags/pipeline_dag.py for tasks to queue
[2026-05-05T15:00:37.539+0000] {logging_mixin.py:188} INFO - [2026-05-05T15:00:37.537+0000] {dagbag.py:545} INFO - Filling up the DagBag from /opt/airflow/dags/pipeline_dag.py
[2026-05-05T15:00:37.581+0000] {processor.py:840} INFO - DAG(s) 'ecommerce_pipeline' retrieved from /opt/airflow/dags/pipeline_dag.py
[2026-05-05T15:00:37.661+0000] {logging_mixin.py:188} INFO - [2026-05-05T15:00:37.661+0000] {dag.py:3096} INFO - Sync 1 DAGs
[2026-05-05T15:00:37.723+0000] {logging_mixin.py:188} INFO - [2026-05-05T15:00:37.722+0000] {dag.py:3954} INFO - Setting next_dagrun for ecommerce_pipeline to 2026-05-05 00:00:00+00:00, run_after=2026-05-06 00:00:00+00:00
[2026-05-05T15:00:37.774+0000] {processor.py:183} INFO - Processing /opt/airflow/dags/pipeline_dag.py took 0.263 seconds
[2026-05-05T15:01:08.049+0000] {processor.py:161} INFO - Started process (PID=1447) to work on /opt/airflow/dags/pipeline_dag.py
[2026-05-05T15:01:08.051+0000] {processor.py:830} INFO - Processing file /opt/airflow/dags/pipeline_dag.py for tasks to queue
[2026-05-05T15:01:08.054+0000] {logging_mixin.py:188} INFO - [2026-05-05T15:01:08.054+0000] {dagbag.py:545} INFO - Filling up the DagBag from /opt/airflow/dags/pipeline_dag.py
[2026-05-05T15:01:08.077+0000] {processor.py:840} INFO - DAG(s) 'ecommerce_pipeline' retrieved from /opt/airflow/dags/pipeline_dag.py
[2026-05-05T15:01:08.118+0000] {logging_mixin.py:188} INFO - [2026-05-05T15:01:08.118+0000] {dag.py:3096} INFO - Sync 1 DAGs
[2026-05-05T15:01:08.140+0000] {logging_mixin.py:188} INFO - [2026-05-05T15:01:08.140+0000] {dag.py:3954} INFO - Setting next_dagrun for ecommerce_pipeline to 2026-05-05 00:00:00+00:00, run_after=2026-05-06 00:00:00+00:00
[2026-05-05T15:01:08.163+0000] {processor.py:183} INFO - Processing /opt/airflow/dags/pipeline_dag.py took 0.120 seconds
[2026-05-05T15:01:39.365+0000] {processor.py:161} INFO - Started process (PID=1452) to work on /opt/airflow/dags/pipeline_dag.py
[2026-05-05T15:01:39.366+0000] {processor.py:830} INFO - Processing file /opt/airflow/dags/pipeline_dag.py for tasks to queue
[2026-05-05T15:01:39.369+0000] {logging_mixin.py:188} INFO - [2026-05-05T15:01:39.368+0000] {dagbag.py:545} INFO - Filling up the DagBag from /opt/airflow/dags/pipeline_dag.py
[2026-05-05T15:01:39.389+0000] {processor.py:840} INFO - DAG(s) 'ecommerce_pipeline' retrieved from /opt/airflow/dags/pipeline_dag.py
[2026-05-05T15:01:39.428+0000] {logging_mixin.py:188} INFO - [2026-05-05T15:01:39.427+0000] {dag.py:3096} INFO - Sync 1 DAGs
[2026-05-05T15:01:39.478+0000] {logging_mixin.py:188} INFO - [2026-05-05T15:01:39.478+0000] {dag.py:3954} INFO - Setting next_dagrun for ecommerce_pipeline to 2026-05-05 00:00:00+00:00, run_after=2026-05-06 00:00:00+00:00
[2026-05-05T15:01:39.549+0000] {processor.py:183} INFO - Processing /opt/airflow/dags/pipeline_dag.py took 0.190 seconds
[2026-05-05T15:02:10.861+0000] {processor.py:161} INFO - Started process (PID=1457) to work on /opt/airflow/dags/pipeline_dag.py
[2026-05-05T15:02:10.863+0000] {processor.py:830} INFO - Processing file /opt/airflow/dags/pipeline_dag.py for tasks to queue
[2026-05-05T15:02:10.865+0000] {logging_mixin.py:188} INFO - [2026-05-05T15:02:10.865+0000] {dagbag.py:545} INFO - Filling up the DagBag from /opt/airflow/dags/pipeline_dag.py
[2026-05-05T15:02:10.888+0000] {processor.py:840} INFO - DAG(s) 'ecommerce_pipeline' retrieved from /opt/airflow/dags/pipeline_dag.py
[2026-05-05T15:02:10.926+0000] {logging_mixin.py:188} INFO - [2026-05-05T15:02:10.926+0000] {dag.py:3096} INFO - Sync 1 DAGs
[2026-05-05T15:02:10.953+0000] {logging_mixin.py:188} INFO - [2026-05-05T15:02:10.953+0000] {dag.py:3954} INFO - Setting next_dagrun for ecommerce_pipeline to 2026-05-05 00:00:00+00:00, run_after=2026-05-06 00:00:00+00:00
[2026-05-05T15:02:10.976+0000] {processor.py:183} INFO - Processing /opt/airflow/dags/pipeline_dag.py took 0.122 seconds
[2026-05-05T15:02:41.182+0000] {processor.py:161} INFO - Started process (PID=1462) to work on /opt/airflow/dags/pipeline_dag.py
[2026-05-05T15:02:41.185+0000] {processor.py:830} INFO - Processing file /opt/airflow/dags/pipeline_dag.py for tasks to queue
[2026-05-05T15:02:41.189+0000] {logging_mixin.py:188} INFO - [2026-05-05T15:02:41.189+0000] {dagbag.py:545} INFO - Filling up the DagBag from /opt/airflow/dags/pipeline_dag.py
[2026-05-05T15:02:41.247+0000] {processor.py:840} INFO - DAG(s) 'ecommerce_pipeline' retrieved from /opt/airflow/dags/pipeline_dag.py
[2026-05-05T15:02:41.315+0000] {logging_mixin.py:188} INFO - [2026-05-05T15:02:41.314+0000] {dag.py:3096} INFO - Sync 1 DAGs
[2026-05-05T15:02:41.357+0000] {logging_mixin.py:188} INFO - [2026-05-05T15:02:41.356+0000] {dag.py:3954} INFO - Setting next_dagrun for ecommerce_pipeline to 2026-05-05 00:00:00+00:00, run_after=2026-05-06 00:00:00+00:00
[2026-05-05T15:02:41.390+0000] {processor.py:183} INFO - Processing /opt/airflow/dags/pipeline_dag.py took 0.225 seconds
[2026-05-05T15:03:11.861+0000] {processor.py:161} INFO - Started process (PID=1467) to work on /opt/airflow/dags/pipeline_dag.py
[2026-05-05T15:03:11.862+0000] {processor.py:830} INFO - Processing file /opt/airflow/dags/pipeline_dag.py for tasks to queue
[2026-05-05T15:03:11.865+0000] {logging_mixin.py:188} INFO - [2026-05-05T15:03:11.865+0000] {dagbag.py:545} INFO - Filling up the DagBag from /opt/airflow/dags/pipeline_dag.py
[2026-05-05T15:03:11.890+0000] {processor.py:840} INFO - DAG(s) 'ecommerce_pipeline' retrieved from /opt/airflow/dags/pipeline_dag.py
[2026-05-05T15:03:11.935+0000] {logging_mixin.py:188} INFO - [2026-05-05T15:03:11.935+0000] {dag.py:3096} INFO - Sync 1 DAGs
[2026-05-05T15:03:11.960+0000] {logging_mixin.py:188} INFO - [2026-05-05T15:03:11.960+0000] {dag.py:3954} INFO - Setting next_dagrun for ecommerce_pipeline to 2026-05-05 00:00:00+00:00, run_after=2026-05-06 00:00:00+00:00
[2026-05-05T15:03:11.992+0000] {processor.py:183} INFO - Processing /opt/airflow/dags/pipeline_dag.py took 0.138 seconds
[2026-05-05T15:03:42.219+0000] {processor.py:161} INFO - Started process (PID=1472) to work on /opt/airflow/dags/pipeline_dag.py
[2026-05-05T15:03:42.221+0000] {processor.py:830} INFO - Processing file /opt/airflow/dags/pipeline_dag.py for tasks to queue
[2026-05-05T15:03:42.223+0000] {logging_mixin.py:188} INFO - [2026-05-05T15:03:42.222+0000] {dagbag.py:545} INFO - Filling up the DagBag from /opt/airflow/dags/pipeline_dag.py
[2026-05-05T15:03:42.248+0000] {processor.py:840} INFO - DAG(s) 'ecommerce_pipeline' retrieved from /opt/airflow/dags/pipeline_dag.py
[2026-05-05T15:03:42.297+0000] {logging_mixin.py:188} INFO - [2026-05-05T15:03:42.296+0000] {dag.py:3096} INFO - Sync 1 DAGs
[2026-05-05T15:03:42.321+0000] {logging_mixin.py:188} INFO - [2026-05-05T15:03:42.320+0000] {dag.py:3954} INFO - Setting next_dagrun for ecommerce_pipeline to 2026-05-05 00:00:00+00:00, run_after=2026-05-06 00:00:00+00:00
[2026-05-05T15:03:42.344+0000] {processor.py:183} INFO - Processing /opt/airflow/dags/pipeline_dag.py took 0.134 seconds
[2026-05-05T15:04:13.093+0000] {processor.py:161} INFO - Started process (PID=1477) to work on /opt/airflow/dags/pipeline_dag.py
[2026-05-05T15:04:13.095+0000] {processor.py:830} INFO - Processing file /opt/airflow/dags/pipeline_dag.py for tasks to queue
[2026-05-05T15:04:13.099+0000] {logging_mixin.py:188} INFO - [2026-05-05T15:04:13.098+0000] {dagbag.py:545} INFO - Filling up the DagBag from /opt/airflow/dags/pipeline_dag.py
[2026-05-05T15:04:13.138+0000] {processor.py:840} INFO - DAG(s) 'ecommerce_pipeline' retrieved from /opt/airflow/dags/pipeline_dag.py
[2026-05-05T15:04:13.802+0000] {logging_mixin.py:188} INFO - [2026-05-05T15:04:13.801+0000] {dag.py:3096} INFO - Sync 1 DAGs
[2026-05-05T15:04:13.836+0000] {logging_mixin.py:188} INFO - [2026-05-05T15:04:13.836+0000] {dag.py:3954} INFO - Setting next_dagrun for ecommerce_pipeline to 2026-05-05 00:00:00+00:00, run_after=2026-05-06 00:00:00+00:00
[2026-05-05T15:04:13.867+0000] {processor.py:183} INFO - Processing /opt/airflow/dags/pipeline_dag.py took 0.198 seconds
[2026-05-05T15:04:44.968+0000] {processor.py:161} INFO - Started process (PID=1482) to work on /opt/airflow/dags/pipeline_dag.py
[2026-05-05T15:04:44.970+0000] {processor.py:830} INFO - Processing file /opt/airflow/dags/pipeline_dag.py for tasks to queue
[2026-05-05T15:04:45.581+0000] {logging_mixin.py:188} INFO - [2026-05-05T15:04:45.580+0000] {dagbag.py:545} INFO - Filling up the DagBag from /opt/airflow/dags/pipeline_dag.py
[2026-05-05T15:04:45.605+0000] {processor.py:840} INFO - DAG(s) 'ecommerce_pipeline' retrieved from /opt/airflow/dags/pipeline_dag.py
[2026-05-05T15:04:45.644+0000] {logging_mixin.py:188} INFO - [2026-05-05T15:04:45.644+0000] {dag.py:3096} INFO - Sync 1 DAGs
[2026-05-05T15:04:45.666+0000] {logging_mixin.py:188} INFO - [2026-05-05T15:04:45.665+0000] {dag.py:3954} INFO - Setting next_dagrun for ecommerce_pipeline to 2026-05-05 00:00:00+00:00, run_after=2026-05-06 00:00:00+00:00
[2026-05-05T15:04:45.687+0000] {processor.py:183} INFO - Processing /opt/airflow/dags/pipeline_dag.py took 0.119 seconds
[2026-05-05T15:05:16.880+0000] {processor.py:161} INFO - Started process (PID=1487) to work on /opt/airflow/dags/pipeline_dag.py
[2026-05-05T15:05:16.881+0000] {processor.py:830} INFO - Processing file /opt/airflow/dags/pipeline_dag.py for tasks to queue
[2026-05-05T15:05:16.883+0000] {logging_mixin.py:188} INFO - [2026-05-05T15:05:16.883+0000] {dagbag.py:545} INFO - Filling up the DagBag from /opt/airflow/dags/pipeline_dag.py
[2026-05-05T15:05:16.904+0000] {processor.py:840} INFO - DAG(s) 'ecommerce_pipeline' retrieved from /opt/airflow/dags/pipeline_dag.py
[2026-05-05T15:05:16.943+0000] {logging_mixin.py:188} INFO - [2026-05-05T15:05:16.943+0000] {dag.py:3096} INFO - Sync 1 DAGs
[2026-05-05T15:05:16.967+0000] {logging_mixin.py:188} INFO - [2026-05-05T15:05:16.967+0000] {dag.py:3954} INFO - Setting next_dagrun for ecommerce_pipeline to 2026-05-05 00:00:00+00:00, run_after=2026-05-06 00:00:00+00:00
[2026-05-05T15:05:16.991+0000] {processor.py:183} INFO - Processing /opt/airflow/dags/pipeline_dag.py took 0.118 seconds
[2026-05-05T15:05:48.213+0000] {processor.py:161} INFO - Started process (PID=1492) to work on /opt/airflow/dags/pipeline_dag.py
[2026-05-05T15:05:48.214+0000] {processor.py:830} INFO - Processing file /opt/airflow/dags/pipeline_dag.py for tasks to queue
[2026-05-05T15:05:48.216+0000] {logging_mixin.py:188} INFO - [2026-05-05T15:05:48.215+0000] {dagbag.py:545} INFO - Filling up the DagBag from /opt/airflow/dags/pipeline_dag.py
[2026-05-05T15:05:48.239+0000] {processor.py:840} INFO - DAG(s) 'ecommerce_pipeline' retrieved from /opt/airflow/dags/pipeline_dag.py
[2026-05-05T15:05:48.280+0000] {logging_mixin.py:188} INFO - [2026-05-05T15:05:48.279+0000] {dag.py:3096} INFO - Sync 1 DAGs
[2026-05-05T15:05:48.303+0000] {logging_mixin.py:188} INFO - [2026-05-05T15:05:48.303+0000] {dag.py:3954} INFO - Setting next_dagrun for ecommerce_pipeline to 2026-05-05 00:00:00+00:00, run_after=2026-05-06 00:00:00+00:00
[2026-05-05T15:05:48.327+0000] {processor.py:183} INFO - Processing /opt/airflow/dags/pipeline_dag.py took 0.120 seconds
[2026-05-05T15:06:22.432+0000] {processor.py:161} INFO - Started process (PID=1497) to work on /opt/airflow/dags/pipeline_dag.py
[2026-05-05T15:06:22.486+0000] {processor.py:830} INFO - Processing file /opt/airflow/dags/pipeline_dag.py for tasks to queue
[2026-05-05T15:06:22.559+0000] {logging_mixin.py:188} INFO - [2026-05-05T15:06:22.547+0000] {dagbag.py:545} INFO - Filling up the DagBag from /opt/airflow/dags/pipeline_dag.py
[2026-05-05T15:06:22.837+0000] {processor.py:840} INFO - DAG(s) 'ecommerce_pipeline' retrieved from /opt/airflow/dags/pipeline_dag.py
[2026-05-05T15:06:23.070+0000] {logging_mixin.py:188} INFO - [2026-05-05T15:06:23.069+0000] {dag.py:3096} INFO - Sync 1 DAGs
[2026-05-05T15:06:23.222+0000] {logging_mixin.py:188} INFO - [2026-05-05T15:06:23.215+0000] {dag.py:3954} INFO - Setting next_dagrun for ecommerce_pipeline to 2026-05-05 00:00:00+00:00, run_after=2026-05-06 00:00:00+00:00
[2026-05-05T15:06:23.320+0000] {processor.py:183} INFO - Processing /opt/airflow/dags/pipeline_dag.py took 1.673 seconds
[2026-05-05T15:06:53.669+0000] {processor.py:161} INFO - Started process (PID=1502) to work on /opt/airflow/dags/pipeline_dag.py
[2026-05-05T15:06:53.670+0000] {processor.py:830} INFO - Processing file /opt/airflow/dags/pipeline_dag.py for tasks to queue
[2026-05-05T15:06:53.673+0000] {logging_mixin.py:188} INFO - [2026-05-05T15:06:53.673+0000] {dagbag.py:545} INFO - Filling up the DagBag from /opt/airflow/dags/pipeline_dag.py
[2026-05-05T15:06:53.707+0000] {processor.py:840} INFO - DAG(s) 'ecommerce_pipeline' retrieved from /opt/airflow/dags/pipeline_dag.py
[2026-05-05T15:06:53.772+0000] {logging_mixin.py:188} INFO - [2026-05-05T15:06:53.771+0000] {dag.py:3096} INFO - Sync 1 DAGs
[2026-05-05T15:06:53.886+0000] {logging_mixin.py:188} INFO - [2026-05-05T15:06:53.886+0000] {dag.py:3954} INFO - Setting next_dagrun for ecommerce_pipeline to 2026-05-05 00:00:00+00:00, run_after=2026-05-06 00:00:00+00:00
[2026-05-05T15:06:53.918+0000] {processor.py:183} INFO - Processing /opt/airflow/dags/pipeline_dag.py took 0.257 seconds
[2026-05-05T15:07:24.246+0000] {processor.py:161} INFO - Started process (PID=1507) to work on /opt/airflow/dags/pipeline_dag.py
[2026-05-05T15:07:24.247+0000] {processor.py:830} INFO - Processing file /opt/airflow/dags/pipeline_dag.py for tasks to queue
[2026-05-05T15:07:24.249+0000] {logging_mixin.py:188} INFO - [2026-05-05T15:07:24.249+0000] {dagbag.py:545} INFO - Filling up the DagBag from /opt/airflow/dags/pipeline_dag.py
[2026-05-05T15:07:24.289+0000] {processor.py:840} INFO - DAG(s) 'ecommerce_pipeline' retrieved from /opt/airflow/dags/pipeline_dag.py
[2026-05-05T15:07:24.406+0000] {logging_mixin.py:188} INFO - [2026-05-05T15:07:24.406+0000] {dag.py:3096} INFO - Sync 1 DAGs
[2026-05-05T15:07:24.954+0000] {logging_mixin.py:188} INFO - [2026-05-05T15:07:24.954+0000] {dag.py:3954} INFO - Setting next_dagrun for ecommerce_pipeline to 2026-05-05 00:00:00+00:00, run_after=2026-05-06 00:00:00+00:00
[2026-05-05T15:07:24.979+0000] {processor.py:183} INFO - Processing /opt/airflow/dags/pipeline_dag.py took 0.739 seconds
[2026-05-05T15:07:55.422+0000] {processor.py:161} INFO - Started process (PID=1512) to work on /opt/airflow/dags/pipeline_dag.py
[2026-05-05T15:07:55.424+0000] {processor.py:830} INFO - Processing file /opt/airflow/dags/pipeline_dag.py for tasks to queue
[2026-05-05T15:07:55.429+0000] {logging_mixin.py:188} INFO - [2026-05-05T15:07:55.428+0000] {dagbag.py:545} INFO - Filling up the DagBag from /opt/airflow/dags/pipeline_dag.py
[2026-05-05T15:07:55.460+0000] {processor.py:840} INFO - DAG(s) 'ecommerce_pipeline' retrieved from /opt/airflow/dags/pipeline_dag.py
[2026-05-05T15:07:55.531+0000] {logging_mixin.py:188} INFO - [2026-05-05T15:07:55.530+0000] {dag.py:3096} INFO - Sync 1 DAGs
[2026-05-05T15:07:55.556+0000] {logging_mixin.py:188} INFO - [2026-05-05T15:07:55.555+0000] {dag.py:3954} INFO - Setting next_dagrun for ecommerce_pipeline to 2026-05-05 00:00:00+00:00, run_after=2026-05-06 00:00:00+00:00
[2026-05-05T15:07:55.598+0000] {processor.py:183} INFO - Processing /opt/airflow/dags/pipeline_dag.py took 0.185 seconds
[2026-05-05T15:08:26.701+0000] {processor.py:161} INFO - Started process (PID=1517) to work on /opt/airflow/dags/pipeline_dag.py
[2026-05-05T15:08:26.703+0000] {processor.py:830} INFO - Processing file /opt/airflow/dags/pipeline_dag.py for tasks to queue
[2026-05-05T15:08:26.709+0000] {logging_mixin.py:188} INFO - [2026-05-05T15:08:26.706+0000] {dagbag.py:545} INFO - Filling up the DagBag from /opt/airflow/dags/pipeline_dag.py
[2026-05-05T15:08:26.733+0000] {processor.py:840} INFO - DAG(s) 'ecommerce_pipeline' retrieved from /opt/airflow/dags/pipeline_dag.py
[2026-05-05T15:08:26.770+0000] {logging_mixin.py:188} INFO - [2026-05-05T15:08:26.770+0000] {dag.py:3096} INFO - Sync 1 DAGs
[2026-05-05T15:08:26.798+0000] {logging_mixin.py:188} INFO - [2026-05-05T15:08:26.797+0000] {dag.py:3954} INFO - Setting next_dagrun for ecommerce_pipeline to 2026-05-05 00:00:00+00:00, run_after=2026-05-06 00:00:00+00:00
[2026-05-05T15:08:26.833+0000] {processor.py:183} INFO - Processing /opt/airflow/dags/pipeline_dag.py took 0.137 seconds
[2026-05-05T15:08:59.040+0000] {processor.py:161} INFO - Started process (PID=1522) to work on /opt/airflow/dags/pipeline_dag.py
[2026-05-05T15:08:59.041+0000] {processor.py:830} INFO - Processing file /opt/airflow/dags/pipeline_dag.py for tasks to queue
[2026-05-05T15:08:59.043+0000] {logging_mixin.py:188} INFO - [2026-05-05T15:08:59.042+0000] {dagbag.py:545} INFO - Filling up the DagBag from /opt/airflow/dags/pipeline_dag.py
[2026-05-05T15:08:59.064+0000] {processor.py:840} INFO - DAG(s) 'ecommerce_pipeline' retrieved from /opt/airflow/dags/pipeline_dag.py
[2026-05-05T15:08:59.102+0000] {logging_mixin.py:188} INFO - [2026-05-05T15:08:59.102+0000] {dag.py:3096} INFO - Sync 1 DAGs
[2026-05-05T15:08:59.144+0000] {logging_mixin.py:188} INFO - [2026-05-05T15:08:59.144+0000] {dag.py:3954} INFO - Setting next_dagrun for ecommerce_pipeline to 2026-05-05 00:00:00+00:00, run_after=2026-05-06 00:00:00+00:00
[2026-05-05T15:08:59.168+0000] {processor.py:183} INFO - Processing /opt/airflow/dags/pipeline_dag.py took 0.135 seconds
[2026-05-05T15:09:30.415+0000] {processor.py:161} INFO - Started process (PID=1527) to work on /opt/airflow/dags/pipeline_dag.py
[2026-05-05T15:09:30.416+0000] {processor.py:830} INFO - Processing file /opt/airflow/dags/pipeline_dag.py for tasks to queue
[2026-05-05T15:09:30.417+0000] {logging_mixin.py:188} INFO - [2026-05-05T15:09:30.417+0000] {dagbag.py:545} INFO - Filling up the DagBag from /opt/airflow/dags/pipeline_dag.py
[2026-05-05T15:09:30.437+0000] {processor.py:840} INFO - DAG(s) 'ecommerce_pipeline' retrieved from /opt/airflow/dags/pipeline_dag.py
[2026-05-05T15:09:30.472+0000] {logging_mixin.py:188} INFO - [2026-05-05T15:09:30.472+0000] {dag.py:3096} INFO - Sync 1 DAGs
[2026-05-05T15:09:30.492+0000] {logging_mixin.py:188} INFO - [2026-05-05T15:09:30.492+0000] {dag.py:3954} INFO - Setting next_dagrun for ecommerce_pipeline to 2026-05-05 00:00:00+00:00, run_after=2026-05-06 00:00:00+00:00
[2026-05-05T15:09:30.516+0000] {processor.py:183} INFO - Processing /opt/airflow/dags/pipeline_dag.py took 0.108 seconds
[2026-05-05T15:20:45.928+0000] {processor.py:161} INFO - Started process (PID=1532) to work on /opt/airflow/dags/pipeline_dag.py
[2026-05-05T15:20:45.930+0000] {processor.py:830} INFO - Processing file /opt/airflow/dags/pipeline_dag.py for tasks to queue
[2026-05-05T15:20:45.932+0000] {logging_mixin.py:188} INFO - [2026-05-05T15:20:45.932+0000] {dagbag.py:545} INFO - Filling up the DagBag from /opt/airflow/dags/pipeline_dag.py
[2026-05-05T15:20:45.954+0000] {processor.py:840} INFO - DAG(s) 'ecommerce_pipeline' retrieved from /opt/airflow/dags/pipeline_dag.py
[2026-05-05T15:20:45.999+0000] {logging_mixin.py:188} INFO - [2026-05-05T15:20:45.999+0000] {dag.py:3096} INFO - Sync 1 DAGs
[2026-05-05T15:20:46.029+0000] {logging_mixin.py:188} INFO - [2026-05-05T15:20:46.028+0000] {dag.py:3954} INFO - Setting next_dagrun for ecommerce_pipeline to 2026-05-05 00:00:00+00:00, run_after=2026-05-06 00:00:00+00:00
[2026-05-05T15:20:46.057+0000] {processor.py:183} INFO - Processing /opt/airflow/dags/pipeline_dag.py took 0.136 seconds
[2026-05-05T15:21:16.153+0000] {processor.py:161} INFO - Started process (PID=1537) to work on /opt/airflow/dags/pipeline_dag.py
[2026-05-05T15:21:16.155+0000] {processor.py:830} INFO - Processing file /opt/airflow/dags/pipeline_dag.py for tasks to queue
[2026-05-05T15:21:16.156+0000] {logging_mixin.py:188} INFO - [2026-05-05T15:21:16.156+0000] {dagbag.py:545} INFO - Filling up the DagBag from /opt/airflow/dags/pipeline_dag.py
[2026-05-05T15:21:16.178+0000] {processor.py:840} INFO - DAG(s) 'ecommerce_pipeline' retrieved from /opt/airflow/dags/pipeline_dag.py
[2026-05-05T15:21:16.217+0000] {logging_mixin.py:188} INFO - [2026-05-05T15:21:16.217+0000] {dag.py:3096} INFO - Sync 1 DAGs
[2026-05-05T15:21:16.239+0000] {logging_mixin.py:188} INFO - [2026-05-05T15:21:16.238+0000] {dag.py:3954} INFO - Setting next_dagrun for ecommerce_pipeline to 2026-05-05 00:00:00+00:00, run_after=2026-05-06 00:00:00+00:00
[2026-05-05T15:21:16.262+0000] {processor.py:183} INFO - Processing /opt/airflow/dags/pipeline_dag.py took 0.114 seconds
[2026-05-05T15:21:46.506+0000] {processor.py:161} INFO - Started process (PID=1542) to work on /opt/airflow/dags/pipeline_dag.py
[2026-05-05T15:21:46.507+0000] {processor.py:830} INFO - Processing file /opt/airflow/dags/pipeline_dag.py for tasks to queue
[2026-05-05T15:21:46.510+0000] {logging_mixin.py:188} INFO - [2026-05-05T15:21:46.509+0000] {dagbag.py:545} INFO - Filling up the DagBag from /opt/airflow/dags/pipeline_dag.py
[2026-05-05T15:21:46.533+0000] {processor.py:840} INFO - DAG(s) 'ecommerce_pipeline' retrieved from /opt/airflow/dags/pipeline_dag.py
[2026-05-05T15:21:46.901+0000] {logging_mixin.py:188} INFO - [2026-05-05T15:21:46.901+0000] {dag.py:3096} INFO - Sync 1 DAGs
[2026-05-05T15:21:46.924+0000] {logging_mixin.py:188} INFO - [2026-05-05T15:21:46.923+0000] {dag.py:3954} INFO - Setting next_dagrun for ecommerce_pipeline to 2026-05-05 00:00:00+00:00, run_after=2026-05-06 00:00:00+00:00
[2026-05-05T15:21:47.083+0000] {processor.py:183} INFO - Processing /opt/airflow/dags/pipeline_dag.py took 0.584 seconds
[2026-05-05T15:22:17.481+0000] {processor.py:161} INFO - Started process (PID=1547) to work on /opt/airflow/dags/pipeline_dag.py
[2026-05-05T15:22:17.482+0000] {processor.py:830} INFO - Processing file /opt/airflow/dags/pipeline_dag.py for tasks to queue
[2026-05-05T15:22:17.484+0000] {logging_mixin.py:188} INFO - [2026-05-05T15:22:17.484+0000] {dagbag.py:545} INFO - Filling up the DagBag from /opt/airflow/dags/pipeline_dag.py
[2026-05-05T15:22:17.502+0000] {processor.py:840} INFO - DAG(s) 'ecommerce_pipeline' retrieved from /opt/airflow/dags/pipeline_dag.py
[2026-05-05T15:22:17.542+0000] {logging_mixin.py:188} INFO - [2026-05-05T15:22:17.542+0000] {dag.py:3096} INFO - Sync 1 DAGs
[2026-05-05T15:22:17.565+0000] {logging_mixin.py:188} INFO - [2026-05-05T15:22:17.564+0000] {dag.py:3954} INFO - Setting next_dagrun for ecommerce_pipeline to 2026-05-05 00:00:00+00:00, run_after=2026-05-06 00:00:00+00:00
[2026-05-05T15:22:17.587+0000] {processor.py:183} INFO - Processing /opt/airflow/dags/pipeline_dag.py took 0.113 seconds
[2026-05-05T15:22:47.883+0000] {processor.py:161} INFO - Started process (PID=1552) to work on /opt/airflow/dags/pipeline_dag.py
[2026-05-05T15:22:47.884+0000] {processor.py:830} INFO - Processing file /opt/airflow/dags/pipeline_dag.py for tasks to queue
[2026-05-05T15:22:47.886+0000] {logging_mixin.py:188} INFO - [2026-05-05T15:22:47.886+0000] {dagbag.py:545} INFO - Filling up the DagBag from /opt/airflow/dags/pipeline_dag.py
[2026-05-05T15:22:47.906+0000] {processor.py:840} INFO - DAG(s) 'ecommerce_pipeline' retrieved from /opt/airflow/dags/pipeline_dag.py
[2026-05-05T15:22:47.944+0000] {logging_mixin.py:188} INFO - [2026-05-05T15:22:47.944+0000] {dag.py:3096} INFO - Sync 1 DAGs
[2026-05-05T15:22:47.970+0000] {logging_mixin.py:188} INFO - [2026-05-05T15:22:47.970+0000] {dag.py:3954} INFO - Setting next_dagrun for ecommerce_pipeline to 2026-05-05 00:00:00+00:00, run_after=2026-05-06 00:00:00+00:00
[2026-05-05T15:22:47.998+0000] {processor.py:183} INFO - Processing /opt/airflow/dags/pipeline_dag.py took 0.121 seconds
[2026-05-05T15:23:18.231+0000] {processor.py:161} INFO - Started process (PID=1557) to work on /opt/airflow/dags/pipeline_dag.py
[2026-05-05T15:23:18.233+0000] {processor.py:830} INFO - Processing file /opt/airflow/dags/pipeline_dag.py for tasks to queue
[2026-05-05T15:23:18.235+0000] {logging_mixin.py:188} INFO - [2026-05-05T15:23:18.235+0000] {dagbag.py:545} INFO - Filling up the DagBag from /opt/airflow/dags/pipeline_dag.py
[2026-05-05T15:23:18.260+0000] {processor.py:840} INFO - DAG(s) 'ecommerce_pipeline' retrieved from /opt/airflow/dags/pipeline_dag.py
[2026-05-05T15:23:18.303+0000] {logging_mixin.py:188} INFO - [2026-05-05T15:23:18.303+0000] {dag.py:3096} INFO - Sync 1 DAGs
[2026-05-05T15:23:18.327+0000] {logging_mixin.py:188} INFO - [2026-05-05T15:23:18.327+0000] {dag.py:3954} INFO - Setting next_dagrun for ecommerce_pipeline to 2026-05-05 00:00:00+00:00, run_after=2026-05-06 00:00:00+00:00
[2026-05-05T15:23:18.352+0000] {processor.py:183} INFO - Processing /opt/airflow/dags/pipeline_dag.py took 0.128 seconds
[2026-05-05T15:23:48.681+0000] {processor.py:161} INFO - Started process (PID=1562) to work on /opt/airflow/dags/pipeline_dag.py
[2026-05-05T15:23:48.683+0000] {processor.py:830} INFO - Processing file /opt/airflow/dags/pipeline_dag.py for tasks to queue
[2026-05-05T15:23:48.685+0000] {logging_mixin.py:188} INFO - [2026-05-05T15:23:48.685+0000] {dagbag.py:545} INFO - Filling up the DagBag from /opt/airflow/dags/pipeline_dag.py
[2026-05-05T15:23:48.715+0000] {processor.py:840} INFO - DAG(s) 'ecommerce_pipeline' retrieved from /opt/airflow/dags/pipeline_dag.py
[2026-05-05T15:23:48.756+0000] {logging_mixin.py:188} INFO - [2026-05-05T15:23:48.756+0000] {dag.py:3096} INFO - Sync 1 DAGs
[2026-05-05T15:23:48.781+0000] {logging_mixin.py:188} INFO - [2026-05-05T15:23:48.781+0000] {dag.py:3954} INFO - Setting next_dagrun for ecommerce_pipeline to 2026-05-05 00:00:00+00:00, run_after=2026-05-06 00:00:00+00:00
[2026-05-05T15:23:48.807+0000] {processor.py:183} INFO - Processing /opt/airflow/dags/pipeline_dag.py took 0.132 seconds
[2026-05-05T15:24:18.933+0000] {processor.py:161} INFO - Started process (PID=1567) to work on /opt/airflow/dags/pipeline_dag.py
[2026-05-05T15:24:18.935+0000] {processor.py:830} INFO - Processing file /opt/airflow/dags/pipeline_dag.py for tasks to queue
[2026-05-05T15:24:18.938+0000] {logging_mixin.py:188} INFO - [2026-05-05T15:24:18.937+0000] {dagbag.py:545} INFO - Filling up the DagBag from /opt/airflow/dags/pipeline_dag.py
[2026-05-05T15:24:18.963+0000] {processor.py:840} INFO - DAG(s) 'ecommerce_pipeline' retrieved from /opt/airflow/dags/pipeline_dag.py
[2026-05-05T15:24:19.008+0000] {logging_mixin.py:188} INFO - [2026-05-05T15:24:19.008+0000] {dag.py:3096} INFO - Sync 1 DAGs
[2026-05-05T15:24:19.040+0000] {logging_mixin.py:188} INFO - [2026-05-05T15:24:19.039+0000] {dag.py:3954} INFO - Setting next_dagrun for ecommerce_pipeline to 2026-05-05 00:00:00+00:00, run_after=2026-05-06 00:00:00+00:00
[2026-05-05T15:24:19.070+0000] {processor.py:183} INFO - Processing /opt/airflow/dags/pipeline_dag.py took 0.143 seconds
[2026-05-05T15:24:49.396+0000] {processor.py:161} INFO - Started process (PID=1572) to work on /opt/airflow/dags/pipeline_dag.py
[2026-05-05T15:24:49.398+0000] {processor.py:830} INFO - Processing file /opt/airflow/dags/pipeline_dag.py for tasks to queue
[2026-05-05T15:24:49.401+0000] {logging_mixin.py:188} INFO - [2026-05-05T15:24:49.400+0000] {dagbag.py:545} INFO - Filling up the DagBag from /opt/airflow/dags/pipeline_dag.py
[2026-05-05T15:24:49.433+0000] {processor.py:840} INFO - DAG(s) 'ecommerce_pipeline' retrieved from /opt/airflow/dags/pipeline_dag.py
[2026-05-05T15:24:49.497+0000] {logging_mixin.py:188} INFO - [2026-05-05T15:24:49.496+0000] {dag.py:3096} INFO - Sync 1 DAGs
[2026-05-05T15:24:49.527+0000] {logging_mixin.py:188} INFO - [2026-05-05T15:24:49.527+0000] {dag.py:3954} INFO - Setting next_dagrun for ecommerce_pipeline to 2026-05-05 00:00:00+00:00, run_after=2026-05-06 00:00:00+00:00
[2026-05-05T15:24:49.579+0000] {processor.py:183} INFO - Processing /opt/airflow/dags/pipeline_dag.py took 0.189 seconds
[2026-05-05T15:25:19.735+0000] {processor.py:161} INFO - Started process (PID=1577) to work on /opt/airflow/dags/pipeline_dag.py
[2026-05-05T15:25:19.736+0000] {processor.py:830} INFO - Processing file /opt/airflow/dags/pipeline_dag.py for tasks to queue
[2026-05-05T15:25:19.739+0000] {logging_mixin.py:188} INFO - [2026-05-05T15:25:19.738+0000] {dagbag.py:545} INFO - Filling up the DagBag from /opt/airflow/dags/pipeline_dag.py
[2026-05-05T15:25:19.770+0000] {processor.py:840} INFO - DAG(s) 'ecommerce_pipeline' retrieved from /opt/airflow/dags/pipeline_dag.py
[2026-05-05T15:25:19.813+0000] {logging_mixin.py:188} INFO - [2026-05-05T15:25:19.812+0000] {dag.py:3096} INFO - Sync 1 DAGs
[2026-05-05T15:25:19.841+0000] {logging_mixin.py:188} INFO - [2026-05-05T15:25:19.840+0000] {dag.py:3954} INFO - Setting next_dagrun for ecommerce_pipeline to 2026-05-05 00:00:00+00:00, run_after=2026-05-06 00:00:00+00:00
[2026-05-05T15:25:19.870+0000] {processor.py:183} INFO - Processing /opt/airflow/dags/pipeline_dag.py took 0.142 seconds
[2026-05-05T15:25:50.203+0000] {processor.py:161} INFO - Started process (PID=1582) to work on /opt/airflow/dags/pipeline_dag.py
[2026-05-05T15:25:50.207+0000] {processor.py:830} INFO - Processing file /opt/airflow/dags/pipeline_dag.py for tasks to queue
[2026-05-05T15:25:50.218+0000] {logging_mixin.py:188} INFO - [2026-05-05T15:25:50.217+0000] {dagbag.py:545} INFO - Filling up the DagBag from /opt/airflow/dags/pipeline_dag.py
[2026-05-05T15:25:50.329+0000] {processor.py:840} INFO - DAG(s) 'ecommerce_pipeline' retrieved from /opt/airflow/dags/pipeline_dag.py
[2026-05-05T15:25:50.390+0000] {logging_mixin.py:188} INFO - [2026-05-05T15:25:50.389+0000] {dag.py:3096} INFO - Sync 1 DAGs
[2026-05-05T15:25:50.422+0000] {logging_mixin.py:188} INFO - [2026-05-05T15:25:50.422+0000] {dag.py:3954} INFO - Setting next_dagrun for ecommerce_pipeline to 2026-05-05 00:00:00+00:00, run_after=2026-05-06 00:00:00+00:00
[2026-05-05T15:25:50.454+0000] {processor.py:183} INFO - Processing /opt/airflow/dags/pipeline_dag.py took 0.270 seconds
[2026-05-05T15:26:20.583+0000] {processor.py:161} INFO - Started process (PID=1587) to work on /opt/airflow/dags/pipeline_dag.py
[2026-05-05T15:26:20.584+0000] {processor.py:830} INFO - Processing file /opt/airflow/dags/pipeline_dag.py for tasks to queue
[2026-05-05T15:26:20.587+0000] {logging_mixin.py:188} INFO - [2026-05-05T15:26:20.587+0000] {dagbag.py:545} INFO - Filling up the DagBag from /opt/airflow/dags/pipeline_dag.py
[2026-05-05T15:26:20.607+0000] {processor.py:840} INFO - DAG(s) 'ecommerce_pipeline' retrieved from /opt/airflow/dags/pipeline_dag.py
[2026-05-05T15:26:20.652+0000] {logging_mixin.py:188} INFO - [2026-05-05T15:26:20.652+0000] {dag.py:3096} INFO - Sync 1 DAGs
[2026-05-05T15:26:20.676+0000] {logging_mixin.py:188} INFO - [2026-05-05T15:26:20.675+0000] {dag.py:3954} INFO - Setting next_dagrun for ecommerce_pipeline to 2026-05-05 00:00:00+00:00, run_after=2026-05-06 00:00:00+00:00
[2026-05-05T15:26:20.702+0000] {processor.py:183} INFO - Processing /opt/airflow/dags/pipeline_dag.py took 0.127 seconds
[2026-05-05T15:26:50.877+0000] {processor.py:161} INFO - Started process (PID=1592) to work on /opt/airflow/dags/pipeline_dag.py
[2026-05-05T15:26:50.878+0000] {processor.py:830} INFO - Processing file /opt/airflow/dags/pipeline_dag.py for tasks to queue
[2026-05-05T15:26:50.881+0000] {logging_mixin.py:188} INFO - [2026-05-05T15:26:50.880+0000] {dagbag.py:545} INFO - Filling up the DagBag from /opt/airflow/dags/pipeline_dag.py
[2026-05-05T15:26:50.910+0000] {processor.py:840} INFO - DAG(s) 'ecommerce_pipeline' retrieved from /opt/airflow/dags/pipeline_dag.py
[2026-05-05T15:26:50.973+0000] {logging_mixin.py:188} INFO - [2026-05-05T15:26:50.973+0000] {dag.py:3096} INFO - Sync 1 DAGs
[2026-05-05T15:26:51.003+0000] {logging_mixin.py:188} INFO - [2026-05-05T15:26:51.003+0000] {dag.py:3954} INFO - Setting next_dagrun for ecommerce_pipeline to 2026-05-05 00:00:00+00:00, run_after=2026-05-06 00:00:00+00:00
[2026-05-05T15:26:51.025+0000] {processor.py:183} INFO - Processing /opt/airflow/dags/pipeline_dag.py took 0.155 seconds
[2026-05-05T15:27:21.338+0000] {processor.py:161} INFO - Started process (PID=1597) to work on /opt/airflow/dags/pipeline_dag.py
[2026-05-05T15:27:21.340+0000] {processor.py:830} INFO - Processing file /opt/airflow/dags/pipeline_dag.py for tasks to queue
[2026-05-05T15:27:21.343+0000] {logging_mixin.py:188} INFO - [2026-05-05T15:27:21.343+0000] {dagbag.py:545} INFO - Filling up the DagBag from /opt/airflow/dags/pipeline_dag.py
[2026-05-05T15:27:21.375+0000] {processor.py:840} INFO - DAG(s) 'ecommerce_pipeline' retrieved from /opt/airflow/dags/pipeline_dag.py
[2026-05-05T15:27:21.575+0000] {logging_mixin.py:188} INFO - [2026-05-05T15:27:21.574+0000] {dag.py:3096} INFO - Sync 1 DAGs
[2026-05-05T15:27:21.621+0000] {logging_mixin.py:188} INFO - [2026-05-05T15:27:21.621+0000] {dag.py:3954} INFO - Setting next_dagrun for ecommerce_pipeline to 2026-05-05 00:00:00+00:00, run_after=2026-05-06 00:00:00+00:00
[2026-05-05T15:27:21.978+0000] {processor.py:183} INFO - Processing /opt/airflow/dags/pipeline_dag.py took 0.647 seconds
[2026-05-05T15:27:52.389+0000] {processor.py:161} INFO - Started process (PID=1602) to work on /opt/airflow/dags/pipeline_dag.py
[2026-05-05T15:27:52.392+0000] {processor.py:830} INFO - Processing file /opt/airflow/dags/pipeline_dag.py for tasks to queue
[2026-05-05T15:27:52.397+0000] {logging_mixin.py:188} INFO - [2026-05-05T15:27:52.396+0000] {dagbag.py:545} INFO - Filling up the DagBag from /opt/airflow/dags/pipeline_dag.py
[2026-05-05T15:27:52.433+0000] {processor.py:840} INFO - DAG(s) 'ecommerce_pipeline' retrieved from /opt/airflow/dags/pipeline_dag.py
[2026-05-05T15:27:52.513+0000] {logging_mixin.py:188} INFO - [2026-05-05T15:27:52.512+0000] {dag.py:3096} INFO - Sync 1 DAGs
[2026-05-05T15:27:52.539+0000] {logging_mixin.py:188} INFO - [2026-05-05T15:27:52.538+0000] {dag.py:3954} INFO - Setting next_dagrun for ecommerce_pipeline to 2026-05-05 00:00:00+00:00, run_after=2026-05-06 00:00:00+00:00
[2026-05-05T15:27:52.571+0000] {processor.py:183} INFO - Processing /opt/airflow/dags/pipeline_dag.py took 0.194 seconds
[2026-05-05T15:28:23.252+0000] {processor.py:161} INFO - Started process (PID=1607) to work on /opt/airflow/dags/pipeline_dag.py
[2026-05-05T15:28:23.255+0000] {processor.py:830} INFO - Processing file /opt/airflow/dags/pipeline_dag.py for tasks to queue
[2026-05-05T15:28:23.265+0000] {logging_mixin.py:188} INFO - [2026-05-05T15:28:23.262+0000] {dagbag.py:545} INFO - Filling up the DagBag from /opt/airflow/dags/pipeline_dag.py
[2026-05-05T15:28:23.311+0000] {processor.py:840} INFO - DAG(s) 'ecommerce_pipeline' retrieved from /opt/airflow/dags/pipeline_dag.py
[2026-05-05T15:28:23.363+0000] {logging_mixin.py:188} INFO - [2026-05-05T15:28:23.362+0000] {dag.py:3096} INFO - Sync 1 DAGs
[2026-05-05T15:28:23.398+0000] {logging_mixin.py:188} INFO - [2026-05-05T15:28:23.397+0000] {dag.py:3954} INFO - Setting next_dagrun for ecommerce_pipeline to 2026-05-05 00:00:00+00:00, run_after=2026-05-06 00:00:00+00:00
[2026-05-05T15:28:23.428+0000] {processor.py:183} INFO - Processing /opt/airflow/dags/pipeline_dag.py took 0.201 seconds
[2026-05-05T15:28:53.988+0000] {processor.py:161} INFO - Started process (PID=1612) to work on /opt/airflow/dags/pipeline_dag.py
[2026-05-05T15:28:53.992+0000] {processor.py:830} INFO - Processing file /opt/airflow/dags/pipeline_dag.py for tasks to queue
[2026-05-05T15:28:54.003+0000] {logging_mixin.py:188} INFO - [2026-05-05T15:28:54.001+0000] {dagbag.py:545} INFO - Filling up the DagBag from /opt/airflow/dags/pipeline_dag.py
[2026-05-05T15:28:54.051+0000] {processor.py:840} INFO - DAG(s) 'ecommerce_pipeline' retrieved from /opt/airflow/dags/pipeline_dag.py
[2026-05-05T15:28:54.378+0000] {logging_mixin.py:188} INFO - [2026-05-05T15:28:54.378+0000] {dag.py:3096} INFO - Sync 1 DAGs
[2026-05-05T15:28:54.423+0000] {logging_mixin.py:188} INFO - [2026-05-05T15:28:54.423+0000] {dag.py:3954} INFO - Setting next_dagrun for ecommerce_pipeline to 2026-05-05 00:00:00+00:00, run_after=2026-05-06 00:00:00+00:00
[2026-05-05T15:28:54.467+0000] {processor.py:183} INFO - Processing /opt/airflow/dags/pipeline_dag.py took 0.509 seconds
[2026-05-05T15:29:24.870+0000] {processor.py:161} INFO - Started process (PID=1617) to work on /opt/airflow/dags/pipeline_dag.py
[2026-05-05T15:29:24.871+0000] {processor.py:830} INFO - Processing file /opt/airflow/dags/pipeline_dag.py for tasks to queue
[2026-05-05T15:29:24.873+0000] {logging_mixin.py:188} INFO - [2026-05-05T15:29:24.873+0000] {dagbag.py:545} INFO - Filling up the DagBag from /opt/airflow/dags/pipeline_dag.py
[2026-05-05T15:29:24.894+0000] {processor.py:840} INFO - DAG(s) 'ecommerce_pipeline' retrieved from /opt/airflow/dags/pipeline_dag.py
[2026-05-05T15:29:24.937+0000] {logging_mixin.py:188} INFO - [2026-05-05T15:29:24.936+0000] {dag.py:3096} INFO - Sync 1 DAGs
[2026-05-05T15:29:24.959+0000] {logging_mixin.py:188} INFO - [2026-05-05T15:29:24.959+0000] {dag.py:3954} INFO - Setting next_dagrun for ecommerce_pipeline to 2026-05-05 00:00:00+00:00, run_after=2026-05-06 00:00:00+00:00
[2026-05-05T15:29:24.984+0000] {processor.py:183} INFO - Processing /opt/airflow/dags/pipeline_dag.py took 0.121 seconds
[2026-05-05T15:29:55.226+0000] {processor.py:161} INFO - Started process (PID=1622) to work on /opt/airflow/dags/pipeline_dag.py
[2026-05-05T15:29:55.228+0000] {processor.py:830} INFO - Processing file /opt/airflow/dags/pipeline_dag.py for tasks to queue
[2026-05-05T15:29:55.230+0000] {logging_mixin.py:188} INFO - [2026-05-05T15:29:55.230+0000] {dagbag.py:545} INFO - Filling up the DagBag from /opt/airflow/dags/pipeline_dag.py
[2026-05-05T15:29:55.252+0000] {processor.py:840} INFO - DAG(s) 'ecommerce_pipeline' retrieved from /opt/airflow/dags/pipeline_dag.py
[2026-05-05T15:29:55.305+0000] {logging_mixin.py:188} INFO - [2026-05-05T15:29:55.305+0000] {dag.py:3096} INFO - Sync 1 DAGs
[2026-05-05T15:29:55.345+0000] {logging_mixin.py:188} INFO - [2026-05-05T15:29:55.344+0000] {dag.py:3954} INFO - Setting next_dagrun for ecommerce_pipeline to 2026-05-05 00:00:00+00:00, run_after=2026-05-06 00:00:00+00:00
[2026-05-05T15:29:55.376+0000] {processor.py:183} INFO - Processing /opt/airflow/dags/pipeline_dag.py took 0.157 seconds
[2026-05-05T15:30:25.488+0000] {processor.py:161} INFO - Started process (PID=1627) to work on /opt/airflow/dags/pipeline_dag.py
[2026-05-05T15:30:25.489+0000] {processor.py:830} INFO - Processing file /opt/airflow/dags/pipeline_dag.py for tasks to queue
[2026-05-05T15:30:25.491+0000] {logging_mixin.py:188} INFO - [2026-05-05T15:30:25.491+0000] {dagbag.py:545} INFO - Filling up the DagBag from /opt/airflow/dags/pipeline_dag.py
[2026-05-05T15:30:25.516+0000] {processor.py:840} INFO - DAG(s) 'ecommerce_pipeline' retrieved from /opt/airflow/dags/pipeline_dag.py
[2026-05-05T15:30:25.561+0000] {logging_mixin.py:188} INFO - [2026-05-05T15:30:25.561+0000] {dag.py:3096} INFO - Sync 1 DAGs
[2026-05-05T15:30:25.586+0000] {logging_mixin.py:188} INFO - [2026-05-05T15:30:25.586+0000] {dag.py:3954} INFO - Setting next_dagrun for ecommerce_pipeline to 2026-05-05 00:00:00+00:00, run_after=2026-05-06 00:00:00+00:00
[2026-05-05T15:30:25.614+0000] {processor.py:183} INFO - Processing /opt/airflow/dags/pipeline_dag.py took 0.135 seconds
[2026-05-05T15:30:56.070+0000] {processor.py:161} INFO - Started process (PID=1632) to work on /opt/airflow/dags/pipeline_dag.py
[2026-05-05T15:30:56.072+0000] {processor.py:830} INFO - Processing file /opt/airflow/dags/pipeline_dag.py for tasks to queue
[2026-05-05T15:30:56.082+0000] {logging_mixin.py:188} INFO - [2026-05-05T15:30:56.080+0000] {dagbag.py:545} INFO - Filling up the DagBag from /opt/airflow/dags/pipeline_dag.py
[2026-05-05T15:30:56.153+0000] {processor.py:840} INFO - DAG(s) 'ecommerce_pipeline' retrieved from /opt/airflow/dags/pipeline_dag.py
[2026-05-05T15:30:56.260+0000] {logging_mixin.py:188} INFO - [2026-05-05T15:30:56.259+0000] {dag.py:3096} INFO - Sync 1 DAGs
[2026-05-05T15:30:56.309+0000] {logging_mixin.py:188} INFO - [2026-05-05T15:30:56.308+0000] {dag.py:3954} INFO - Setting next_dagrun for ecommerce_pipeline to 2026-05-05 00:00:00+00:00, run_after=2026-05-06 00:00:00+00:00
[2026-05-05T15:30:56.339+0000] {processor.py:183} INFO - Processing /opt/airflow/dags/pipeline_dag.py took 0.293 seconds
[2026-05-05T15:31:26.661+0000] {processor.py:161} INFO - Started process (PID=1637) to work on /opt/airflow/dags/pipeline_dag.py
[2026-05-05T15:31:26.663+0000] {processor.py:830} INFO - Processing file /opt/airflow/dags/pipeline_dag.py for tasks to queue
[2026-05-05T15:31:26.666+0000] {logging_mixin.py:188} INFO - [2026-05-05T15:31:26.665+0000] {dagbag.py:545} INFO - Filling up the DagBag from /opt/airflow/dags/pipeline_dag.py
[2026-05-05T15:31:26.692+0000] {processor.py:840} INFO - DAG(s) 'ecommerce_pipeline' retrieved from /opt/airflow/dags/pipeline_dag.py
[2026-05-05T15:31:26.747+0000] {logging_mixin.py:188} INFO - [2026-05-05T15:31:26.747+0000] {dag.py:3096} INFO - Sync 1 DAGs
[2026-05-05T15:31:26.776+0000] {logging_mixin.py:188} INFO - [2026-05-05T15:31:26.776+0000] {dag.py:3954} INFO - Setting next_dagrun for ecommerce_pipeline to 2026-05-05 00:00:00+00:00, run_after=2026-05-06 00:00:00+00:00
[2026-05-05T15:31:26.804+0000] {processor.py:183} INFO - Processing /opt/airflow/dags/pipeline_dag.py took 0.151 seconds
[2026-05-05T15:31:56.975+0000] {processor.py:161} INFO - Started process (PID=1642) to work on /opt/airflow/dags/pipeline_dag.py
[2026-05-05T15:31:56.978+0000] {processor.py:830} INFO - Processing file /opt/airflow/dags/pipeline_dag.py for tasks to queue
[2026-05-05T15:31:56.983+0000] {logging_mixin.py:188} INFO - [2026-05-05T15:31:56.982+0000] {dagbag.py:545} INFO - Filling up the DagBag from /opt/airflow/dags/pipeline_dag.py
[2026-05-05T15:31:57.046+0000] {processor.py:840} INFO - DAG(s) 'ecommerce_pipeline' retrieved from /opt/airflow/dags/pipeline_dag.py
[2026-05-05T15:31:57.131+0000] {logging_mixin.py:188} INFO - [2026-05-05T15:31:57.130+0000] {dag.py:3096} INFO - Sync 1 DAGs
[2026-05-05T15:31:57.170+0000] {logging_mixin.py:188} INFO - [2026-05-05T15:31:57.170+0000] {dag.py:3954} INFO - Setting next_dagrun for ecommerce_pipeline to 2026-05-05 00:00:00+00:00, run_after=2026-05-06 00:00:00+00:00
[2026-05-05T15:31:57.201+0000] {processor.py:183} INFO - Processing /opt/airflow/dags/pipeline_dag.py took 0.241 seconds
[2026-05-05T15:32:27.499+0000] {processor.py:161} INFO - Started process (PID=1647) to work on /opt/airflow/dags/pipeline_dag.py
[2026-05-05T15:32:27.501+0000] {processor.py:830} INFO - Processing file /opt/airflow/dags/pipeline_dag.py for tasks to queue
[2026-05-05T15:32:27.507+0000] {logging_mixin.py:188} INFO - [2026-05-05T15:32:27.505+0000] {dagbag.py:545} INFO - Filling up the DagBag from /opt/airflow/dags/pipeline_dag.py
[2026-05-05T15:32:27.540+0000] {processor.py:840} INFO - DAG(s) 'ecommerce_pipeline' retrieved from /opt/airflow/dags/pipeline_dag.py
[2026-05-05T15:32:27.589+0000] {logging_mixin.py:188} INFO - [2026-05-05T15:32:27.588+0000] {dag.py:3096} INFO - Sync 1 DAGs
[2026-05-05T15:32:27.614+0000] {logging_mixin.py:188} INFO - [2026-05-05T15:32:27.614+0000] {dag.py:3954} INFO - Setting next_dagrun for ecommerce_pipeline to 2026-05-05 00:00:00+00:00, run_after=2026-05-06 00:00:00+00:00
[2026-05-05T15:32:27.635+0000] {processor.py:183} INFO - Processing /opt/airflow/dags/pipeline_dag.py took 0.146 seconds
[2026-05-05T15:32:57.955+0000] {processor.py:161} INFO - Started process (PID=1652) to work on /opt/airflow/dags/pipeline_dag.py
[2026-05-05T15:32:57.957+0000] {processor.py:830} INFO - Processing file /opt/airflow/dags/pipeline_dag.py for tasks to queue
[2026-05-05T15:32:57.959+0000] {logging_mixin.py:188} INFO - [2026-05-05T15:32:57.959+0000] {dagbag.py:545} INFO - Filling up the DagBag from /opt/airflow/dags/pipeline_dag.py
[2026-05-05T15:32:57.986+0000] {processor.py:840} INFO - DAG(s) 'ecommerce_pipeline' retrieved from /opt/airflow/dags/pipeline_dag.py
[2026-05-05T15:32:58.039+0000] {logging_mixin.py:188} INFO - [2026-05-05T15:32:58.039+0000] {dag.py:3096} INFO - Sync 1 DAGs
[2026-05-05T15:32:58.072+0000] {logging_mixin.py:188} INFO - [2026-05-05T15:32:58.072+0000] {dag.py:3954} INFO - Setting next_dagrun for ecommerce_pipeline to 2026-05-05 00:00:00+00:00, run_after=2026-05-06 00:00:00+00:00
[2026-05-05T15:32:58.097+0000] {processor.py:183} INFO - Processing /opt/airflow/dags/pipeline_dag.py took 0.149 seconds
[2026-05-05T15:33:28.397+0000] {processor.py:161} INFO - Started process (PID=1657) to work on /opt/airflow/dags/pipeline_dag.py
[2026-05-05T15:33:28.401+0000] {processor.py:830} INFO - Processing file /opt/airflow/dags/pipeline_dag.py for tasks to queue
[2026-05-05T15:33:28.406+0000] {logging_mixin.py:188} INFO - [2026-05-05T15:33:28.405+0000] {dagbag.py:545} INFO - Filling up the DagBag from /opt/airflow/dags/pipeline_dag.py
[2026-05-05T15:33:28.448+0000] {processor.py:840} INFO - DAG(s) 'ecommerce_pipeline' retrieved from /opt/airflow/dags/pipeline_dag.py
[2026-05-05T15:33:28.520+0000] {logging_mixin.py:188} INFO - [2026-05-05T15:33:28.519+0000] {dag.py:3096} INFO - Sync 1 DAGs
[2026-05-05T15:33:28.565+0000] {logging_mixin.py:188} INFO - [2026-05-05T15:33:28.565+0000] {dag.py:3954} INFO - Setting next_dagrun for ecommerce_pipeline to 2026-05-05 00:00:00+00:00, run_after=2026-05-06 00:00:00+00:00
[2026-05-05T15:33:28.598+0000] {processor.py:183} INFO - Processing /opt/airflow/dags/pipeline_dag.py took 0.212 seconds
[2026-05-05T15:33:58.688+0000] {processor.py:161} INFO - Started process (PID=1662) to work on /opt/airflow/dags/pipeline_dag.py
[2026-05-05T15:33:58.689+0000] {processor.py:830} INFO - Processing file /opt/airflow/dags/pipeline_dag.py for tasks to queue
[2026-05-05T15:33:58.692+0000] {logging_mixin.py:188} INFO - [2026-05-05T15:33:58.691+0000] {dagbag.py:545} INFO - Filling up the DagBag from /opt/airflow/dags/pipeline_dag.py
[2026-05-05T15:33:58.717+0000] {processor.py:840} INFO - DAG(s) 'ecommerce_pipeline' retrieved from /opt/airflow/dags/pipeline_dag.py
[2026-05-05T15:33:58.758+0000] {logging_mixin.py:188} INFO - [2026-05-05T15:33:58.758+0000] {dag.py:3096} INFO - Sync 1 DAGs
[2026-05-05T15:33:58.784+0000] {logging_mixin.py:188} INFO - [2026-05-05T15:33:58.783+0000] {dag.py:3954} INFO - Setting next_dagrun for ecommerce_pipeline to 2026-05-05 00:00:00+00:00, run_after=2026-05-06 00:00:00+00:00
[2026-05-05T15:33:58.809+0000] {processor.py:183} INFO - Processing /opt/airflow/dags/pipeline_dag.py took 0.128 seconds
[2026-05-05T15:34:29.631+0000] {processor.py:161} INFO - Started process (PID=1667) to work on /opt/airflow/dags/pipeline_dag.py
[2026-05-05T15:34:29.635+0000] {processor.py:830} INFO - Processing file /opt/airflow/dags/pipeline_dag.py for tasks to queue
[2026-05-05T15:34:29.643+0000] {logging_mixin.py:188} INFO - [2026-05-05T15:34:29.641+0000] {dagbag.py:545} INFO - Filling up the DagBag from /opt/airflow/dags/pipeline_dag.py
[2026-05-05T15:34:29.705+0000] {processor.py:840} INFO - DAG(s) 'ecommerce_pipeline' retrieved from /opt/airflow/dags/pipeline_dag.py
[2026-05-05T15:34:29.802+0000] {logging_mixin.py:188} INFO - [2026-05-05T15:34:29.802+0000] {dag.py:3096} INFO - Sync 1 DAGs
[2026-05-05T15:34:29.855+0000] {logging_mixin.py:188} INFO - [2026-05-05T15:34:29.854+0000] {dag.py:3954} INFO - Setting next_dagrun for ecommerce_pipeline to 2026-05-05 00:00:00+00:00, run_after=2026-05-06 00:00:00+00:00
[2026-05-05T15:34:29.887+0000] {processor.py:183} INFO - Processing /opt/airflow/dags/pipeline_dag.py took 0.281 seconds
[2026-05-05T15:35:00.485+0000] {processor.py:161} INFO - Started process (PID=1672) to work on /opt/airflow/dags/pipeline_dag.py
[2026-05-05T15:35:00.486+0000] {processor.py:830} INFO - Processing file /opt/airflow/dags/pipeline_dag.py for tasks to queue
[2026-05-05T15:35:00.488+0000] {logging_mixin.py:188} INFO - [2026-05-05T15:35:00.488+0000] {dagbag.py:545} INFO - Filling up the DagBag from /opt/airflow/dags/pipeline_dag.py
[2026-05-05T15:35:00.511+0000] {processor.py:840} INFO - DAG(s) 'ecommerce_pipeline' retrieved from /opt/airflow/dags/pipeline_dag.py
[2026-05-05T15:35:00.562+0000] {logging_mixin.py:188} INFO - [2026-05-05T15:35:00.562+0000] {dag.py:3096} INFO - Sync 1 DAGs
[2026-05-05T15:35:00.587+0000] {logging_mixin.py:188} INFO - [2026-05-05T15:35:00.586+0000] {dag.py:3954} INFO - Setting next_dagrun for ecommerce_pipeline to 2026-05-05 00:00:00+00:00, run_after=2026-05-06 00:00:00+00:00
[2026-05-05T15:35:00.613+0000] {processor.py:183} INFO - Processing /opt/airflow/dags/pipeline_dag.py took 0.139 seconds
[2026-05-05T15:35:30.925+0000] {processor.py:161} INFO - Started process (PID=1677) to work on /opt/airflow/dags/pipeline_dag.py
[2026-05-05T15:35:30.927+0000] {processor.py:830} INFO - Processing file /opt/airflow/dags/pipeline_dag.py for tasks to queue
[2026-05-05T15:35:30.931+0000] {logging_mixin.py:188} INFO - [2026-05-05T15:35:30.929+0000] {dagbag.py:545} INFO - Filling up the DagBag from /opt/airflow/dags/pipeline_dag.py
[2026-05-05T15:35:30.964+0000] {processor.py:840} INFO - DAG(s) 'ecommerce_pipeline' retrieved from /opt/airflow/dags/pipeline_dag.py
[2026-05-05T15:35:31.016+0000] {logging_mixin.py:188} INFO - [2026-05-05T15:35:31.016+0000] {dag.py:3096} INFO - Sync 1 DAGs
[2026-05-05T15:35:31.051+0000] {logging_mixin.py:188} INFO - [2026-05-05T15:35:31.050+0000] {dag.py:3954} INFO - Setting next_dagrun for ecommerce_pipeline to 2026-05-05 00:00:00+00:00, run_after=2026-05-06 00:00:00+00:00
[2026-05-05T15:35:31.078+0000] {processor.py:183} INFO - Processing /opt/airflow/dags/pipeline_dag.py took 0.163 seconds
[2026-05-05T15:36:01.345+0000] {processor.py:161} INFO - Started process (PID=1682) to work on /opt/airflow/dags/pipeline_dag.py
[2026-05-05T15:36:01.346+0000] {processor.py:830} INFO - Processing file /opt/airflow/dags/pipeline_dag.py for tasks to queue
[2026-05-05T15:36:01.348+0000] {logging_mixin.py:188} INFO - [2026-05-05T15:36:01.348+0000] {dagbag.py:545} INFO - Filling up the DagBag from /opt/airflow/dags/pipeline_dag.py
[2026-05-05T15:36:01.373+0000] {processor.py:840} INFO - DAG(s) 'ecommerce_pipeline' retrieved from /opt/airflow/dags/pipeline_dag.py
[2026-05-05T15:36:01.415+0000] {logging_mixin.py:188} INFO - [2026-05-05T15:36:01.414+0000] {dag.py:3096} INFO - Sync 1 DAGs
[2026-05-05T15:36:01.439+0000] {logging_mixin.py:188} INFO - [2026-05-05T15:36:01.439+0000] {dag.py:3954} INFO - Setting next_dagrun for ecommerce_pipeline to 2026-05-05 00:00:00+00:00, run_after=2026-05-06 00:00:00+00:00
[2026-05-05T15:36:01.459+0000] {processor.py:183} INFO - Processing /opt/airflow/dags/pipeline_dag.py took 0.121 seconds
[2026-05-05T15:36:31.666+0000] {processor.py:161} INFO - Started process (PID=1687) to work on /opt/airflow/dags/pipeline_dag.py
[2026-05-05T15:36:31.668+0000] {processor.py:830} INFO - Processing file /opt/airflow/dags/pipeline_dag.py for tasks to queue
[2026-05-05T15:36:31.672+0000] {logging_mixin.py:188} INFO - [2026-05-05T15:36:31.671+0000] {dagbag.py:545} INFO - Filling up the DagBag from /opt/airflow/dags/pipeline_dag.py
[2026-05-05T15:36:31.705+0000] {processor.py:840} INFO - DAG(s) 'ecommerce_pipeline' retrieved from /opt/airflow/dags/pipeline_dag.py
[2026-05-05T15:36:31.750+0000] {logging_mixin.py:188} INFO - [2026-05-05T15:36:31.750+0000] {dag.py:3096} INFO - Sync 1 DAGs
[2026-05-05T15:36:31.770+0000] {logging_mixin.py:188} INFO - [2026-05-05T15:36:31.770+0000] {dag.py:3954} INFO - Setting next_dagrun for ecommerce_pipeline to 2026-05-05 00:00:00+00:00, run_after=2026-05-06 00:00:00+00:00
[2026-05-05T15:36:31.799+0000] {processor.py:183} INFO - Processing /opt/airflow/dags/pipeline_dag.py took 0.141 seconds
[2026-05-05T15:37:02.154+0000] {processor.py:161} INFO - Started process (PID=1692) to work on /opt/airflow/dags/pipeline_dag.py
[2026-05-05T15:37:02.156+0000] {processor.py:830} INFO - Processing file /opt/airflow/dags/pipeline_dag.py for tasks to queue
[2026-05-05T15:37:02.158+0000] {logging_mixin.py:188} INFO - [2026-05-05T15:37:02.158+0000] {dagbag.py:545} INFO - Filling up the DagBag from /opt/airflow/dags/pipeline_dag.py
[2026-05-05T15:37:02.187+0000] {processor.py:840} INFO - DAG(s) 'ecommerce_pipeline' retrieved from /opt/airflow/dags/pipeline_dag.py
[2026-05-05T15:37:02.234+0000] {logging_mixin.py:188} INFO - [2026-05-05T15:37:02.233+0000] {dag.py:3096} INFO - Sync 1 DAGs
[2026-05-05T15:37:02.256+0000] {logging_mixin.py:188} INFO - [2026-05-05T15:37:02.256+0000] {dag.py:3954} INFO - Setting next_dagrun for ecommerce_pipeline to 2026-05-05 00:00:00+00:00, run_after=2026-05-06 00:00:00+00:00
[2026-05-05T15:37:02.287+0000] {processor.py:183} INFO - Processing /opt/airflow/dags/pipeline_dag.py took 0.140 seconds
[2026-05-05T15:37:32.499+0000] {processor.py:161} INFO - Started process (PID=1697) to work on /opt/airflow/dags/pipeline_dag.py
[2026-05-05T15:37:32.500+0000] {processor.py:830} INFO - Processing file /opt/airflow/dags/pipeline_dag.py for tasks to queue
[2026-05-05T15:37:32.503+0000] {logging_mixin.py:188} INFO - [2026-05-05T15:37:32.502+0000] {dagbag.py:545} INFO - Filling up the DagBag from /opt/airflow/dags/pipeline_dag.py
[2026-05-05T15:37:32.532+0000] {processor.py:840} INFO - DAG(s) 'ecommerce_pipeline' retrieved from /opt/airflow/dags/pipeline_dag.py
[2026-05-05T15:37:32.578+0000] {logging_mixin.py:188} INFO - [2026-05-05T15:37:32.578+0000] {dag.py:3096} INFO - Sync 1 DAGs
[2026-05-05T15:37:32.609+0000] {logging_mixin.py:188} INFO - [2026-05-05T15:37:32.608+0000] {dag.py:3954} INFO - Setting next_dagrun for ecommerce_pipeline to 2026-05-05 00:00:00+00:00, run_after=2026-05-06 00:00:00+00:00
[2026-05-05T15:37:32.640+0000] {processor.py:183} INFO - Processing /opt/airflow/dags/pipeline_dag.py took 0.148 seconds
[2026-05-05T15:38:02.889+0000] {processor.py:161} INFO - Started process (PID=1702) to work on /opt/airflow/dags/pipeline_dag.py
[2026-05-05T15:38:02.891+0000] {processor.py:830} INFO - Processing file /opt/airflow/dags/pipeline_dag.py for tasks to queue
[2026-05-05T15:38:02.893+0000] {logging_mixin.py:188} INFO - [2026-05-05T15:38:02.893+0000] {dagbag.py:545} INFO - Filling up the DagBag from /opt/airflow/dags/pipeline_dag.py
[2026-05-05T15:38:02.917+0000] {processor.py:840} INFO - DAG(s) 'ecommerce_pipeline' retrieved from /opt/airflow/dags/pipeline_dag.py
[2026-05-05T15:38:02.966+0000] {logging_mixin.py:188} INFO - [2026-05-05T15:38:02.966+0000] {dag.py:3096} INFO - Sync 1 DAGs
[2026-05-05T15:38:02.989+0000] {logging_mixin.py:188} INFO - [2026-05-05T15:38:02.989+0000] {dag.py:3954} INFO - Setting next_dagrun for ecommerce_pipeline to 2026-05-05 00:00:00+00:00, run_after=2026-05-06 00:00:00+00:00
[2026-05-05T15:38:03.013+0000] {processor.py:183} INFO - Processing /opt/airflow/dags/pipeline_dag.py took 0.129 seconds
[2026-05-05T15:38:33.213+0000] {processor.py:161} INFO - Started process (PID=1707) to work on /opt/airflow/dags/pipeline_dag.py
[2026-05-05T15:38:33.215+0000] {processor.py:830} INFO - Processing file /opt/airflow/dags/pipeline_dag.py for tasks to queue
[2026-05-05T15:38:33.218+0000] {logging_mixin.py:188} INFO - [2026-05-05T15:38:33.217+0000] {dagbag.py:545} INFO - Filling up the DagBag from /opt/airflow/dags/pipeline_dag.py
[2026-05-05T15:38:33.244+0000] {processor.py:840} INFO - DAG(s) 'ecommerce_pipeline' retrieved from /opt/airflow/dags/pipeline_dag.py
[2026-05-05T15:38:33.284+0000] {logging_mixin.py:188} INFO - [2026-05-05T15:38:33.284+0000] {dag.py:3096} INFO - Sync 1 DAGs
[2026-05-05T15:38:33.368+0000] {logging_mixin.py:188} INFO - [2026-05-05T15:38:33.367+0000] {dag.py:3954} INFO - Setting next_dagrun for ecommerce_pipeline to 2026-05-05 00:00:00+00:00, run_after=2026-05-06 00:00:00+00:00
[2026-05-05T15:38:33.449+0000] {processor.py:183} INFO - Processing /opt/airflow/dags/pipeline_dag.py took 0.244 seconds
[2026-05-05T15:39:03.691+0000] {processor.py:161} INFO - Started process (PID=1712) to work on /opt/airflow/dags/pipeline_dag.py
[2026-05-05T15:39:03.692+0000] {processor.py:830} INFO - Processing file /opt/airflow/dags/pipeline_dag.py for tasks to queue
[2026-05-05T15:39:03.695+0000] {logging_mixin.py:188} INFO - [2026-05-05T15:39:03.695+0000] {dagbag.py:545} INFO - Filling up the DagBag from /opt/airflow/dags/pipeline_dag.py
[2026-05-05T15:39:03.723+0000] {processor.py:840} INFO - DAG(s) 'ecommerce_pipeline' retrieved from /opt/airflow/dags/pipeline_dag.py
[2026-05-05T15:39:03.762+0000] {logging_mixin.py:188} INFO - [2026-05-05T15:39:03.761+0000] {dag.py:3096} INFO - Sync 1 DAGs
[2026-05-05T15:39:03.783+0000] {logging_mixin.py:188} INFO - [2026-05-05T15:39:03.783+0000] {dag.py:3954} INFO - Setting next_dagrun for ecommerce_pipeline to 2026-05-05 00:00:00+00:00, run_after=2026-05-06 00:00:00+00:00
[2026-05-05T15:39:03.815+0000] {processor.py:183} INFO - Processing /opt/airflow/dags/pipeline_dag.py took 0.132 seconds
[2026-05-05T15:39:34.036+0000] {processor.py:161} INFO - Started process (PID=1717) to work on /opt/airflow/dags/pipeline_dag.py
[2026-05-05T15:39:34.038+0000] {processor.py:830} INFO - Processing file /opt/airflow/dags/pipeline_dag.py for tasks to queue
[2026-05-05T15:39:34.041+0000] {logging_mixin.py:188} INFO - [2026-05-05T15:39:34.040+0000] {dagbag.py:545} INFO - Filling up the DagBag from /opt/airflow/dags/pipeline_dag.py
[2026-05-05T15:39:34.066+0000] {processor.py:840} INFO - DAG(s) 'ecommerce_pipeline' retrieved from /opt/airflow/dags/pipeline_dag.py
[2026-05-05T15:39:34.110+0000] {logging_mixin.py:188} INFO - [2026-05-05T15:39:34.110+0000] {dag.py:3096} INFO - Sync 1 DAGs
[2026-05-05T15:39:34.136+0000] {logging_mixin.py:188} INFO - [2026-05-05T15:39:34.135+0000] {dag.py:3954} INFO - Setting next_dagrun for ecommerce_pipeline to 2026-05-05 00:00:00+00:00, run_after=2026-05-06 00:00:00+00:00
[2026-05-05T15:39:34.165+0000] {processor.py:183} INFO - Processing /opt/airflow/dags/pipeline_dag.py took 0.137 seconds
[2026-05-05T15:40:04.448+0000] {processor.py:161} INFO - Started process (PID=1722) to work on /opt/airflow/dags/pipeline_dag.py
[2026-05-05T15:40:04.449+0000] {processor.py:830} INFO - Processing file /opt/airflow/dags/pipeline_dag.py for tasks to queue
[2026-05-05T15:40:04.452+0000] {logging_mixin.py:188} INFO - [2026-05-05T15:40:04.451+0000] {dagbag.py:545} INFO - Filling up the DagBag from /opt/airflow/dags/pipeline_dag.py
[2026-05-05T15:40:04.484+0000] {processor.py:840} INFO - DAG(s) 'ecommerce_pipeline' retrieved from /opt/airflow/dags/pipeline_dag.py
[2026-05-05T15:40:04.543+0000] {logging_mixin.py:188} INFO - [2026-05-05T15:40:04.543+0000] {dag.py:3096} INFO - Sync 1 DAGs
[2026-05-05T15:40:04.575+0000] {logging_mixin.py:188} INFO - [2026-05-05T15:40:04.575+0000] {dag.py:3954} INFO - Setting next_dagrun for ecommerce_pipeline to 2026-05-05 00:00:00+00:00, run_after=2026-05-06 00:00:00+00:00
[2026-05-05T15:40:04.607+0000] {processor.py:183} INFO - Processing /opt/airflow/dags/pipeline_dag.py took 0.167 seconds
[2026-05-05T15:40:34.740+0000] {processor.py:161} INFO - Started process (PID=1727) to work on /opt/airflow/dags/pipeline_dag.py
[2026-05-05T15:40:34.741+0000] {processor.py:830} INFO - Processing file /opt/airflow/dags/pipeline_dag.py for tasks to queue
[2026-05-05T15:40:34.743+0000] {logging_mixin.py:188} INFO - [2026-05-05T15:40:34.742+0000] {dagbag.py:545} INFO - Filling up the DagBag from /opt/airflow/dags/pipeline_dag.py
[2026-05-05T15:40:34.762+0000] {processor.py:840} INFO - DAG(s) 'ecommerce_pipeline' retrieved from /opt/airflow/dags/pipeline_dag.py
[2026-05-05T15:40:34.796+0000] {logging_mixin.py:188} INFO - [2026-05-05T15:40:34.796+0000] {dag.py:3096} INFO - Sync 1 DAGs
[2026-05-05T15:40:34.818+0000] {logging_mixin.py:188} INFO - [2026-05-05T15:40:34.818+0000] {dag.py:3954} INFO - Setting next_dagrun for ecommerce_pipeline to 2026-05-05 00:00:00+00:00, run_after=2026-05-06 00:00:00+00:00
[2026-05-05T15:40:34.840+0000] {processor.py:183} INFO - Processing /opt/airflow/dags/pipeline_dag.py took 0.107 seconds
[2026-05-05T15:41:05.146+0000] {processor.py:161} INFO - Started process (PID=1732) to work on /opt/airflow/dags/pipeline_dag.py
[2026-05-05T15:41:05.147+0000] {processor.py:830} INFO - Processing file /opt/airflow/dags/pipeline_dag.py for tasks to queue
[2026-05-05T15:41:05.149+0000] {logging_mixin.py:188} INFO - [2026-05-05T15:41:05.149+0000] {dagbag.py:545} INFO - Filling up the DagBag from /opt/airflow/dags/pipeline_dag.py
[2026-05-05T15:41:05.174+0000] {processor.py:840} INFO - DAG(s) 'ecommerce_pipeline' retrieved from /opt/airflow/dags/pipeline_dag.py
[2026-05-05T15:41:05.213+0000] {logging_mixin.py:188} INFO - [2026-05-05T15:41:05.212+0000] {dag.py:3096} INFO - Sync 1 DAGs
[2026-05-05T15:41:05.234+0000] {logging_mixin.py:188} INFO - [2026-05-05T15:41:05.234+0000] {dag.py:3954} INFO - Setting next_dagrun for ecommerce_pipeline to 2026-05-05 00:00:00+00:00, run_after=2026-05-06 00:00:00+00:00
[2026-05-05T15:41:05.259+0000] {processor.py:183} INFO - Processing /opt/airflow/dags/pipeline_dag.py took 0.118 seconds
[2026-05-05T15:41:35.419+0000] {processor.py:161} INFO - Started process (PID=1737) to work on /opt/airflow/dags/pipeline_dag.py
[2026-05-05T15:41:35.420+0000] {processor.py:830} INFO - Processing file /opt/airflow/dags/pipeline_dag.py for tasks to queue
[2026-05-05T15:41:35.422+0000] {logging_mixin.py:188} INFO - [2026-05-05T15:41:35.421+0000] {dagbag.py:545} INFO - Filling up the DagBag from /opt/airflow/dags/pipeline_dag.py
[2026-05-05T15:41:35.445+0000] {processor.py:840} INFO - DAG(s) 'ecommerce_pipeline' retrieved from /opt/airflow/dags/pipeline_dag.py
[2026-05-05T15:41:35.480+0000] {logging_mixin.py:188} INFO - [2026-05-05T15:41:35.480+0000] {dag.py:3096} INFO - Sync 1 DAGs
[2026-05-05T15:41:35.504+0000] {logging_mixin.py:188} INFO - [2026-05-05T15:41:35.504+0000] {dag.py:3954} INFO - Setting next_dagrun for ecommerce_pipeline to 2026-05-05 00:00:00+00:00, run_after=2026-05-06 00:00:00+00:00
[2026-05-05T15:41:35.530+0000] {processor.py:183} INFO - Processing /opt/airflow/dags/pipeline_dag.py took 0.118 seconds
[2026-05-05T15:42:05.812+0000] {processor.py:161} INFO - Started process (PID=1742) to work on /opt/airflow/dags/pipeline_dag.py
[2026-05-05T15:42:05.812+0000] {processor.py:830} INFO - Processing file /opt/airflow/dags/pipeline_dag.py for tasks to queue
[2026-05-05T15:42:05.814+0000] {logging_mixin.py:188} INFO - [2026-05-05T15:42:05.814+0000] {dagbag.py:545} INFO - Filling up the DagBag from /opt/airflow/dags/pipeline_dag.py
[2026-05-05T15:42:05.837+0000] {processor.py:840} INFO - DAG(s) 'ecommerce_pipeline' retrieved from /opt/airflow/dags/pipeline_dag.py
[2026-05-05T15:42:05.873+0000] {logging_mixin.py:188} INFO - [2026-05-05T15:42:05.873+0000] {dag.py:3096} INFO - Sync 1 DAGs
[2026-05-05T15:42:05.895+0000] {logging_mixin.py:188} INFO - [2026-05-05T15:42:05.895+0000] {dag.py:3954} INFO - Setting next_dagrun for ecommerce_pipeline to 2026-05-05 00:00:00+00:00, run_after=2026-05-06 00:00:00+00:00
[2026-05-05T15:42:05.917+0000] {processor.py:183} INFO - Processing /opt/airflow/dags/pipeline_dag.py took 0.112 seconds
[2026-05-05T15:42:36.137+0000] {processor.py:161} INFO - Started process (PID=1747) to work on /opt/airflow/dags/pipeline_dag.py
[2026-05-05T15:42:36.139+0000] {processor.py:830} INFO - Processing file /opt/airflow/dags/pipeline_dag.py for tasks to queue
[2026-05-05T15:42:36.141+0000] {logging_mixin.py:188} INFO - [2026-05-05T15:42:36.140+0000] {dagbag.py:545} INFO - Filling up the DagBag from /opt/airflow/dags/pipeline_dag.py
[2026-05-05T15:42:36.160+0000] {processor.py:840} INFO - DAG(s) 'ecommerce_pipeline' retrieved from /opt/airflow/dags/pipeline_dag.py
[2026-05-05T15:42:36.198+0000] {logging_mixin.py:188} INFO - [2026-05-05T15:42:36.198+0000] {dag.py:3096} INFO - Sync 1 DAGs
[2026-05-05T15:42:36.221+0000] {logging_mixin.py:188} INFO - [2026-05-05T15:42:36.220+0000] {dag.py:3954} INFO - Setting next_dagrun for ecommerce_pipeline to 2026-05-05 00:00:00+00:00, run_after=2026-05-06 00:00:00+00:00
[2026-05-05T15:42:36.243+0000] {processor.py:183} INFO - Processing /opt/airflow/dags/pipeline_dag.py took 0.112 seconds
[2026-05-05T15:43:06.552+0000] {processor.py:161} INFO - Started process (PID=1752) to work on /opt/airflow/dags/pipeline_dag.py
[2026-05-05T15:43:06.553+0000] {processor.py:830} INFO - Processing file /opt/airflow/dags/pipeline_dag.py for tasks to queue
[2026-05-05T15:43:06.555+0000] {logging_mixin.py:188} INFO - [2026-05-05T15:43:06.554+0000] {dagbag.py:545} INFO - Filling up the DagBag from /opt/airflow/dags/pipeline_dag.py
[2026-05-05T15:43:06.584+0000] {processor.py:840} INFO - DAG(s) 'ecommerce_pipeline' retrieved from /opt/airflow/dags/pipeline_dag.py
[2026-05-05T15:43:06.635+0000] {logging_mixin.py:188} INFO - [2026-05-05T15:43:06.634+0000] {dag.py:3096} INFO - Sync 1 DAGs
[2026-05-05T15:43:06.675+0000] {logging_mixin.py:188} INFO - [2026-05-05T15:43:06.674+0000] {dag.py:3954} INFO - Setting next_dagrun for ecommerce_pipeline to 2026-05-05 00:00:00+00:00, run_after=2026-05-06 00:00:00+00:00
[2026-05-05T15:43:06.706+0000] {processor.py:183} INFO - Processing /opt/airflow/dags/pipeline_dag.py took 0.161 seconds
[2026-05-05T15:43:36.838+0000] {processor.py:161} INFO - Started process (PID=1757) to work on /opt/airflow/dags/pipeline_dag.py
[2026-05-05T15:43:36.840+0000] {processor.py:830} INFO - Processing file /opt/airflow/dags/pipeline_dag.py for tasks to queue
[2026-05-05T15:43:36.842+0000] {logging_mixin.py:188} INFO - [2026-05-05T15:43:36.842+0000] {dagbag.py:545} INFO - Filling up the DagBag from /opt/airflow/dags/pipeline_dag.py
[2026-05-05T15:43:36.871+0000] {processor.py:840} INFO - DAG(s) 'ecommerce_pipeline' retrieved from /opt/airflow/dags/pipeline_dag.py
[2026-05-05T15:43:36.916+0000] {logging_mixin.py:188} INFO - [2026-05-05T15:43:36.915+0000] {dag.py:3096} INFO - Sync 1 DAGs
[2026-05-05T15:43:36.944+0000] {logging_mixin.py:188} INFO - [2026-05-05T15:43:36.944+0000] {dag.py:3954} INFO - Setting next_dagrun for ecommerce_pipeline to 2026-05-05 00:00:00+00:00, run_after=2026-05-06 00:00:00+00:00
[2026-05-05T15:43:36.971+0000] {processor.py:183} INFO - Processing /opt/airflow/dags/pipeline_dag.py took 0.143 seconds
[2026-05-05T15:44:08.173+0000] {processor.py:161} INFO - Started process (PID=1762) to work on /opt/airflow/dags/pipeline_dag.py
[2026-05-05T15:44:08.174+0000] {processor.py:830} INFO - Processing file /opt/airflow/dags/pipeline_dag.py for tasks to queue
[2026-05-05T15:44:08.176+0000] {logging_mixin.py:188} INFO - [2026-05-05T15:44:08.176+0000] {dagbag.py:545} INFO - Filling up the DagBag from /opt/airflow/dags/pipeline_dag.py
[2026-05-05T15:44:08.196+0000] {processor.py:840} INFO - DAG(s) 'ecommerce_pipeline' retrieved from /opt/airflow/dags/pipeline_dag.py
[2026-05-05T15:44:08.235+0000] {logging_mixin.py:188} INFO - [2026-05-05T15:44:08.235+0000] {dag.py:3096} INFO - Sync 1 DAGs
[2026-05-05T15:44:08.258+0000] {logging_mixin.py:188} INFO - [2026-05-05T15:44:08.258+0000] {dag.py:3954} INFO - Setting next_dagrun for ecommerce_pipeline to 2026-05-05 00:00:00+00:00, run_after=2026-05-06 00:00:00+00:00
[2026-05-05T15:44:08.283+0000] {processor.py:183} INFO - Processing /opt/airflow/dags/pipeline_dag.py took 0.117 seconds
[2026-05-05T15:44:39.489+0000] {processor.py:161} INFO - Started process (PID=1767) to work on /opt/airflow/dags/pipeline_dag.py
[2026-05-05T15:44:39.491+0000] {processor.py:830} INFO - Processing file /opt/airflow/dags/pipeline_dag.py for tasks to queue
[2026-05-05T15:44:39.494+0000] {logging_mixin.py:188} INFO - [2026-05-05T15:44:39.493+0000] {dagbag.py:545} INFO - Filling up the DagBag from /opt/airflow/dags/pipeline_dag.py
[2026-05-05T15:44:39.520+0000] {processor.py:840} INFO - DAG(s) 'ecommerce_pipeline' retrieved from /opt/airflow/dags/pipeline_dag.py
[2026-05-05T15:44:39.574+0000] {logging_mixin.py:188} INFO - [2026-05-05T15:44:39.573+0000] {dag.py:3096} INFO - Sync 1 DAGs
[2026-05-05T15:44:39.605+0000] {logging_mixin.py:188} INFO - [2026-05-05T15:44:39.604+0000] {dag.py:3954} INFO - Setting next_dagrun for ecommerce_pipeline to 2026-05-05 00:00:00+00:00, run_after=2026-05-06 00:00:00+00:00
[2026-05-05T15:44:39.642+0000] {processor.py:183} INFO - Processing /opt/airflow/dags/pipeline_dag.py took 0.162 seconds
[2026-05-05T15:45:10.960+0000] {processor.py:161} INFO - Started process (PID=1772) to work on /opt/airflow/dags/pipeline_dag.py
[2026-05-05T15:45:10.961+0000] {processor.py:830} INFO - Processing file /opt/airflow/dags/pipeline_dag.py for tasks to queue
[2026-05-05T15:45:10.964+0000] {logging_mixin.py:188} INFO - [2026-05-05T15:45:10.963+0000] {dagbag.py:545} INFO - Filling up the DagBag from /opt/airflow/dags/pipeline_dag.py
[2026-05-05T15:45:10.990+0000] {processor.py:840} INFO - DAG(s) 'ecommerce_pipeline' retrieved from /opt/airflow/dags/pipeline_dag.py
[2026-05-05T15:45:11.028+0000] {logging_mixin.py:188} INFO - [2026-05-05T15:45:11.028+0000] {dag.py:3096} INFO - Sync 1 DAGs
[2026-05-05T15:45:11.050+0000] {logging_mixin.py:188} INFO - [2026-05-05T15:45:11.050+0000] {dag.py:3954} INFO - Setting next_dagrun for ecommerce_pipeline to 2026-05-05 00:00:00+00:00, run_after=2026-05-06 00:00:00+00:00
[2026-05-05T15:45:11.072+0000] {processor.py:183} INFO - Processing /opt/airflow/dags/pipeline_dag.py took 0.119 seconds
[2026-05-05T15:45:41.369+0000] {processor.py:161} INFO - Started process (PID=1777) to work on /opt/airflow/dags/pipeline_dag.py
[2026-05-05T15:45:41.370+0000] {processor.py:830} INFO - Processing file /opt/airflow/dags/pipeline_dag.py for tasks to queue
[2026-05-05T15:45:41.372+0000] {logging_mixin.py:188} INFO - [2026-05-05T15:45:41.372+0000] {dagbag.py:545} INFO - Filling up the DagBag from /opt/airflow/dags/pipeline_dag.py
[2026-05-05T15:45:41.393+0000] {processor.py:840} INFO - DAG(s) 'ecommerce_pipeline' retrieved from /opt/airflow/dags/pipeline_dag.py
[2026-05-05T15:45:41.428+0000] {logging_mixin.py:188} INFO - [2026-05-05T15:45:41.428+0000] {dag.py:3096} INFO - Sync 1 DAGs
[2026-05-05T15:45:41.451+0000] {logging_mixin.py:188} INFO - [2026-05-05T15:45:41.451+0000] {dag.py:3954} INFO - Setting next_dagrun for ecommerce_pipeline to 2026-05-05 00:00:00+00:00, run_after=2026-05-06 00:00:00+00:00
[2026-05-05T15:45:41.473+0000] {processor.py:183} INFO - Processing /opt/airflow/dags/pipeline_dag.py took 0.110 seconds
[2026-05-05T15:46:12.740+0000] {processor.py:161} INFO - Started process (PID=1782) to work on /opt/airflow/dags/pipeline_dag.py
[2026-05-05T15:46:12.741+0000] {processor.py:830} INFO - Processing file /opt/airflow/dags/pipeline_dag.py for tasks to queue
[2026-05-05T15:46:12.743+0000] {logging_mixin.py:188} INFO - [2026-05-05T15:46:12.743+0000] {dagbag.py:545} INFO - Filling up the DagBag from /opt/airflow/dags/pipeline_dag.py
[2026-05-05T15:46:12.765+0000] {processor.py:840} INFO - DAG(s) 'ecommerce_pipeline' retrieved from /opt/airflow/dags/pipeline_dag.py
[2026-05-05T15:46:12.802+0000] {logging_mixin.py:188} INFO - [2026-05-05T15:46:12.802+0000] {dag.py:3096} INFO - Sync 1 DAGs
[2026-05-05T15:46:12.823+0000] {logging_mixin.py:188} INFO - [2026-05-05T15:46:12.823+0000] {dag.py:3954} INFO - Setting next_dagrun for ecommerce_pipeline to 2026-05-05 00:00:00+00:00, run_after=2026-05-06 00:00:00+00:00
[2026-05-05T15:46:12.845+0000] {processor.py:183} INFO - Processing /opt/airflow/dags/pipeline_dag.py took 0.112 seconds
[2026-05-05T15:46:44.084+0000] {processor.py:161} INFO - Started process (PID=1787) to work on /opt/airflow/dags/pipeline_dag.py
[2026-05-05T15:46:44.086+0000] {processor.py:830} INFO - Processing file /opt/airflow/dags/pipeline_dag.py for tasks to queue
[2026-05-05T15:46:44.088+0000] {logging_mixin.py:188} INFO - [2026-05-05T15:46:44.088+0000] {dagbag.py:545} INFO - Filling up the DagBag from /opt/airflow/dags/pipeline_dag.py
[2026-05-05T15:46:44.112+0000] {processor.py:840} INFO - DAG(s) 'ecommerce_pipeline' retrieved from /opt/airflow/dags/pipeline_dag.py
[2026-05-05T15:46:44.153+0000] {logging_mixin.py:188} INFO - [2026-05-05T15:46:44.152+0000] {dag.py:3096} INFO - Sync 1 DAGs
[2026-05-05T15:46:44.186+0000] {logging_mixin.py:188} INFO - [2026-05-05T15:46:44.185+0000] {dag.py:3954} INFO - Setting next_dagrun for ecommerce_pipeline to 2026-05-05 00:00:00+00:00, run_after=2026-05-06 00:00:00+00:00
[2026-05-05T15:46:44.213+0000] {processor.py:183} INFO - Processing /opt/airflow/dags/pipeline_dag.py took 0.141 seconds
[2026-05-05T15:47:14.797+0000] {processor.py:161} INFO - Started process (PID=1792) to work on /opt/airflow/dags/pipeline_dag.py
[2026-05-05T15:47:14.798+0000] {processor.py:830} INFO - Processing file /opt/airflow/dags/pipeline_dag.py for tasks to queue
[2026-05-05T15:47:14.801+0000] {logging_mixin.py:188} INFO - [2026-05-05T15:47:14.800+0000] {dagbag.py:545} INFO - Filling up the DagBag from /opt/airflow/dags/pipeline_dag.py
[2026-05-05T15:47:14.822+0000] {processor.py:840} INFO - DAG(s) 'ecommerce_pipeline' retrieved from /opt/airflow/dags/pipeline_dag.py
[2026-05-05T15:47:14.862+0000] {logging_mixin.py:188} INFO - [2026-05-05T15:47:14.862+0000] {dag.py:3096} INFO - Sync 1 DAGs
[2026-05-05T15:47:14.883+0000] {logging_mixin.py:188} INFO - [2026-05-05T15:47:14.882+0000] {dag.py:3954} INFO - Setting next_dagrun for ecommerce_pipeline to 2026-05-05 00:00:00+00:00, run_after=2026-05-06 00:00:00+00:00
[2026-05-05T15:47:14.904+0000] {processor.py:183} INFO - Processing /opt/airflow/dags/pipeline_dag.py took 0.112 seconds
[2026-05-05T15:47:45.793+0000] {processor.py:161} INFO - Started process (PID=1797) to work on /opt/airflow/dags/pipeline_dag.py
[2026-05-05T15:47:45.795+0000] {processor.py:830} INFO - Processing file /opt/airflow/dags/pipeline_dag.py for tasks to queue
[2026-05-05T15:47:45.797+0000] {logging_mixin.py:188} INFO - [2026-05-05T15:47:45.797+0000] {dagbag.py:545} INFO - Filling up the DagBag from /opt/airflow/dags/pipeline_dag.py
[2026-05-05T15:47:45.822+0000] {processor.py:840} INFO - DAG(s) 'ecommerce_pipeline' retrieved from /opt/airflow/dags/pipeline_dag.py
[2026-05-05T15:47:45.998+0000] {logging_mixin.py:188} INFO - [2026-05-05T15:47:45.998+0000] {dag.py:3096} INFO - Sync 1 DAGs
[2026-05-05T15:47:46.025+0000] {logging_mixin.py:188} INFO - [2026-05-05T15:47:46.025+0000] {dag.py:3954} INFO - Setting next_dagrun for ecommerce_pipeline to 2026-05-05 00:00:00+00:00, run_after=2026-05-06 00:00:00+00:00
[2026-05-05T15:47:46.233+0000] {processor.py:183} INFO - Processing /opt/airflow/dags/pipeline_dag.py took 0.446 seconds
[2026-05-05T15:48:16.402+0000] {processor.py:161} INFO - Started process (PID=1802) to work on /opt/airflow/dags/pipeline_dag.py
[2026-05-05T15:48:16.458+0000] {processor.py:830} INFO - Processing file /opt/airflow/dags/pipeline_dag.py for tasks to queue
[2026-05-05T15:48:16.464+0000] {logging_mixin.py:188} INFO - [2026-05-05T15:48:16.463+0000] {dagbag.py:545} INFO - Filling up the DagBag from /opt/airflow/dags/pipeline_dag.py
[2026-05-05T15:48:18.453+0000] {processor.py:840} INFO - DAG(s) 'ecommerce_pipeline' retrieved from /opt/airflow/dags/pipeline_dag.py
[2026-05-05T15:48:19.034+0000] {logging_mixin.py:188} INFO - [2026-05-05T15:48:19.034+0000] {dag.py:3096} INFO - Sync 1 DAGs
[2026-05-05T15:48:19.066+0000] {logging_mixin.py:188} INFO - [2026-05-05T15:48:19.065+0000] {dag.py:3954} INFO - Setting next_dagrun for ecommerce_pipeline to 2026-05-05 00:00:00+00:00, run_after=2026-05-06 00:00:00+00:00
[2026-05-05T15:48:19.623+0000] {processor.py:183} INFO - Processing /opt/airflow/dags/pipeline_dag.py took 1.607 seconds
[2026-05-05T15:48:50.404+0000] {processor.py:161} INFO - Started process (PID=1807) to work on /opt/airflow/dags/pipeline_dag.py
[2026-05-05T15:48:50.406+0000] {processor.py:830} INFO - Processing file /opt/airflow/dags/pipeline_dag.py for tasks to queue
[2026-05-05T15:48:50.410+0000] {logging_mixin.py:188} INFO - [2026-05-05T15:48:50.408+0000] {dagbag.py:545} INFO - Filling up the DagBag from /opt/airflow/dags/pipeline_dag.py
[2026-05-05T15:48:50.468+0000] {processor.py:840} INFO - DAG(s) 'ecommerce_pipeline' retrieved from /opt/airflow/dags/pipeline_dag.py
[2026-05-05T15:48:50.544+0000] {logging_mixin.py:188} INFO - [2026-05-05T15:48:50.544+0000] {dag.py:3096} INFO - Sync 1 DAGs
[2026-05-05T15:48:50.584+0000] {logging_mixin.py:188} INFO - [2026-05-05T15:48:50.584+0000] {dag.py:3954} INFO - Setting next_dagrun for ecommerce_pipeline to 2026-05-05 00:00:00+00:00, run_after=2026-05-06 00:00:00+00:00
[2026-05-05T15:48:50.629+0000] {processor.py:183} INFO - Processing /opt/airflow/dags/pipeline_dag.py took 0.242 seconds
[2026-05-05T15:49:20.969+0000] {processor.py:161} INFO - Started process (PID=1812) to work on /opt/airflow/dags/pipeline_dag.py
[2026-05-05T15:49:20.970+0000] {processor.py:830} INFO - Processing file /opt/airflow/dags/pipeline_dag.py for tasks to queue
[2026-05-05T15:49:20.972+0000] {logging_mixin.py:188} INFO - [2026-05-05T15:49:20.972+0000] {dagbag.py:545} INFO - Filling up the DagBag from /opt/airflow/dags/pipeline_dag.py
[2026-05-05T15:49:20.994+0000] {processor.py:840} INFO - DAG(s) 'ecommerce_pipeline' retrieved from /opt/airflow/dags/pipeline_dag.py
[2026-05-05T15:49:21.034+0000] {logging_mixin.py:188} INFO - [2026-05-05T15:49:21.034+0000] {dag.py:3096} INFO - Sync 1 DAGs
[2026-05-05T15:49:21.059+0000] {logging_mixin.py:188} INFO - [2026-05-05T15:49:21.058+0000] {dag.py:3954} INFO - Setting next_dagrun for ecommerce_pipeline to 2026-05-05 00:00:00+00:00, run_after=2026-05-06 00:00:00+00:00
[2026-05-05T15:49:21.084+0000] {processor.py:183} INFO - Processing /opt/airflow/dags/pipeline_dag.py took 0.123 seconds
[2026-05-05T15:49:52.241+0000] {processor.py:161} INFO - Started process (PID=1817) to work on /opt/airflow/dags/pipeline_dag.py
[2026-05-05T15:49:52.242+0000] {processor.py:830} INFO - Processing file /opt/airflow/dags/pipeline_dag.py for tasks to queue
[2026-05-05T15:49:52.244+0000] {logging_mixin.py:188} INFO - [2026-05-05T15:49:52.244+0000] {dagbag.py:545} INFO - Filling up the DagBag from /opt/airflow/dags/pipeline_dag.py
[2026-05-05T15:49:52.265+0000] {processor.py:840} INFO - DAG(s) 'ecommerce_pipeline' retrieved from /opt/airflow/dags/pipeline_dag.py
[2026-05-05T15:49:52.303+0000] {logging_mixin.py:188} INFO - [2026-05-05T15:49:52.302+0000] {dag.py:3096} INFO - Sync 1 DAGs
[2026-05-05T15:49:52.330+0000] {logging_mixin.py:188} INFO - [2026-05-05T15:49:52.329+0000] {dag.py:3954} INFO - Setting next_dagrun for ecommerce_pipeline to 2026-05-05 00:00:00+00:00, run_after=2026-05-06 00:00:00+00:00
[2026-05-05T15:49:52.358+0000] {processor.py:183} INFO - Processing /opt/airflow/dags/pipeline_dag.py took 0.124 seconds
[2026-05-05T15:50:23.370+0000] {processor.py:161} INFO - Started process (PID=1822) to work on /opt/airflow/dags/pipeline_dag.py
[2026-05-05T15:50:23.371+0000] {processor.py:830} INFO - Processing file /opt/airflow/dags/pipeline_dag.py for tasks to queue
[2026-05-05T15:50:23.374+0000] {logging_mixin.py:188} INFO - [2026-05-05T15:50:23.373+0000] {dagbag.py:545} INFO - Filling up the DagBag from /opt/airflow/dags/pipeline_dag.py
[2026-05-05T15:50:23.394+0000] {processor.py:840} INFO - DAG(s) 'ecommerce_pipeline' retrieved from /opt/airflow/dags/pipeline_dag.py
[2026-05-05T15:50:23.430+0000] {logging_mixin.py:188} INFO - [2026-05-05T15:50:23.430+0000] {dag.py:3096} INFO - Sync 1 DAGs
[2026-05-05T15:50:23.450+0000] {logging_mixin.py:188} INFO - [2026-05-05T15:50:23.450+0000] {dag.py:3954} INFO - Setting next_dagrun for ecommerce_pipeline to 2026-05-05 00:00:00+00:00, run_after=2026-05-06 00:00:00+00:00
[2026-05-05T15:50:23.473+0000] {processor.py:183} INFO - Processing /opt/airflow/dags/pipeline_dag.py took 0.108 seconds
[2026-05-05T15:50:53.895+0000] {processor.py:161} INFO - Started process (PID=1827) to work on /opt/airflow/dags/pipeline_dag.py
[2026-05-05T15:50:53.896+0000] {processor.py:830} INFO - Processing file /opt/airflow/dags/pipeline_dag.py for tasks to queue
[2026-05-05T15:50:53.898+0000] {logging_mixin.py:188} INFO - [2026-05-05T15:50:53.898+0000] {dagbag.py:545} INFO - Filling up the DagBag from /opt/airflow/dags/pipeline_dag.py
[2026-05-05T15:50:53.920+0000] {processor.py:840} INFO - DAG(s) 'ecommerce_pipeline' retrieved from /opt/airflow/dags/pipeline_dag.py
[2026-05-05T15:50:53.962+0000] {logging_mixin.py:188} INFO - [2026-05-05T15:50:53.961+0000] {dag.py:3096} INFO - Sync 1 DAGs
[2026-05-05T15:50:53.989+0000] {logging_mixin.py:188} INFO - [2026-05-05T15:50:53.989+0000] {dag.py:3954} INFO - Setting next_dagrun for ecommerce_pipeline to 2026-05-05 00:00:00+00:00, run_after=2026-05-06 00:00:00+00:00
[2026-05-05T15:50:54.025+0000] {processor.py:183} INFO - Processing /opt/airflow/dags/pipeline_dag.py took 0.136 seconds
[2026-05-05T15:51:25.152+0000] {processor.py:161} INFO - Started process (PID=1832) to work on /opt/airflow/dags/pipeline_dag.py
[2026-05-05T15:51:25.154+0000] {processor.py:830} INFO - Processing file /opt/airflow/dags/pipeline_dag.py for tasks to queue
[2026-05-05T15:51:25.156+0000] {logging_mixin.py:188} INFO - [2026-05-05T15:51:25.156+0000] {dagbag.py:545} INFO - Filling up the DagBag from /opt/airflow/dags/pipeline_dag.py
[2026-05-05T15:51:25.176+0000] {processor.py:840} INFO - DAG(s) 'ecommerce_pipeline' retrieved from /opt/airflow/dags/pipeline_dag.py
[2026-05-05T15:51:25.216+0000] {logging_mixin.py:188} INFO - [2026-05-05T15:51:25.216+0000] {dag.py:3096} INFO - Sync 1 DAGs
[2026-05-05T15:51:25.238+0000] {logging_mixin.py:188} INFO - [2026-05-05T15:51:25.238+0000] {dag.py:3954} INFO - Setting next_dagrun for ecommerce_pipeline to 2026-05-05 00:00:00+00:00, run_after=2026-05-06 00:00:00+00:00
[2026-05-05T15:51:25.260+0000] {processor.py:183} INFO - Processing /opt/airflow/dags/pipeline_dag.py took 0.117 seconds
[2026-05-05T15:51:55.985+0000] {processor.py:161} INFO - Started process (PID=1837) to work on /opt/airflow/dags/pipeline_dag.py
[2026-05-05T15:51:55.986+0000] {processor.py:830} INFO - Processing file /opt/airflow/dags/pipeline_dag.py for tasks to queue
[2026-05-05T15:51:55.988+0000] {logging_mixin.py:188} INFO - [2026-05-05T15:51:55.988+0000] {dagbag.py:545} INFO - Filling up the DagBag from /opt/airflow/dags/pipeline_dag.py
[2026-05-05T15:51:56.010+0000] {processor.py:840} INFO - DAG(s) 'ecommerce_pipeline' retrieved from /opt/airflow/dags/pipeline_dag.py
[2026-05-05T15:51:56.047+0000] {logging_mixin.py:188} INFO - [2026-05-05T15:51:56.047+0000] {dag.py:3096} INFO - Sync 1 DAGs
[2026-05-05T15:51:56.069+0000] {logging_mixin.py:188} INFO - [2026-05-05T15:51:56.069+0000] {dag.py:3954} INFO - Setting next_dagrun for ecommerce_pipeline to 2026-05-05 00:00:00+00:00, run_after=2026-05-06 00:00:00+00:00
[2026-05-05T15:51:56.093+0000] {processor.py:183} INFO - Processing /opt/airflow/dags/pipeline_dag.py took 0.113 seconds
[2026-05-05T16:08:29.490+0000] {processor.py:161} INFO - Started process (PID=1842) to work on /opt/airflow/dags/pipeline_dag.py
[2026-05-05T16:08:29.509+0000] {processor.py:830} INFO - Processing file /opt/airflow/dags/pipeline_dag.py for tasks to queue
[2026-05-05T16:08:29.531+0000] {logging_mixin.py:188} INFO - [2026-05-05T16:08:29.525+0000] {dagbag.py:545} INFO - Filling up the DagBag from /opt/airflow/dags/pipeline_dag.py
[2026-05-05T16:08:29.912+0000] {processor.py:840} INFO - DAG(s) 'ecommerce_pipeline' retrieved from /opt/airflow/dags/pipeline_dag.py
[2026-05-05T16:08:30.085+0000] {logging_mixin.py:188} INFO - [2026-05-05T16:08:30.084+0000] {dag.py:3096} INFO - Sync 1 DAGs
[2026-05-05T16:08:30.221+0000] {logging_mixin.py:188} INFO - [2026-05-05T16:08:30.221+0000] {dag.py:3954} INFO - Setting next_dagrun for ecommerce_pipeline to 2026-05-05 00:00:00+00:00, run_after=2026-05-06 00:00:00+00:00
[2026-05-05T16:08:30.332+0000] {processor.py:183} INFO - Processing /opt/airflow/dags/pipeline_dag.py took 0.966 seconds
[2026-05-05T16:09:00.889+0000] {processor.py:161} INFO - Started process (PID=1847) to work on /opt/airflow/dags/pipeline_dag.py
[2026-05-05T16:09:00.893+0000] {processor.py:830} INFO - Processing file /opt/airflow/dags/pipeline_dag.py for tasks to queue
[2026-05-05T16:09:01.354+0000] {logging_mixin.py:188} INFO - [2026-05-05T16:09:01.353+0000] {dagbag.py:545} INFO - Filling up the DagBag from /opt/airflow/dags/pipeline_dag.py
[2026-05-05T16:09:01.775+0000] {processor.py:840} INFO - DAG(s) 'ecommerce_pipeline' retrieved from /opt/airflow/dags/pipeline_dag.py
[2026-05-05T16:09:03.009+0000] {logging_mixin.py:188} INFO - [2026-05-05T16:09:03.009+0000] {dag.py:3096} INFO - Sync 1 DAGs
[2026-05-05T16:09:03.071+0000] {logging_mixin.py:188} INFO - [2026-05-05T16:09:03.071+0000] {dag.py:3954} INFO - Setting next_dagrun for ecommerce_pipeline to 2026-05-05 00:00:00+00:00, run_after=2026-05-06 00:00:00+00:00
[2026-05-05T16:09:03.107+0000] {processor.py:183} INFO - Processing /opt/airflow/dags/pipeline_dag.py took 2.241 seconds
[2026-05-05T16:09:33.256+0000] {processor.py:161} INFO - Started process (PID=1852) to work on /opt/airflow/dags/pipeline_dag.py
[2026-05-05T16:09:33.258+0000] {processor.py:830} INFO - Processing file /opt/airflow/dags/pipeline_dag.py for tasks to queue
[2026-05-05T16:09:33.260+0000] {logging_mixin.py:188} INFO - [2026-05-05T16:09:33.260+0000] {dagbag.py:545} INFO - Filling up the DagBag from /opt/airflow/dags/pipeline_dag.py
[2026-05-05T16:09:33.288+0000] {processor.py:840} INFO - DAG(s) 'ecommerce_pipeline' retrieved from /opt/airflow/dags/pipeline_dag.py
[2026-05-05T16:09:33.335+0000] {logging_mixin.py:188} INFO - [2026-05-05T16:09:33.335+0000] {dag.py:3096} INFO - Sync 1 DAGs
[2026-05-05T16:09:33.356+0000] {logging_mixin.py:188} INFO - [2026-05-05T16:09:33.356+0000] {dag.py:3954} INFO - Setting next_dagrun for ecommerce_pipeline to 2026-05-05 00:00:00+00:00, run_after=2026-05-06 00:00:00+00:00
[2026-05-05T16:09:33.380+0000] {processor.py:183} INFO - Processing /opt/airflow/dags/pipeline_dag.py took 0.131 seconds
[2026-05-05T16:10:03.629+0000] {processor.py:161} INFO - Started process (PID=1857) to work on /opt/airflow/dags/pipeline_dag.py
[2026-05-05T16:10:03.631+0000] {processor.py:830} INFO - Processing file /opt/airflow/dags/pipeline_dag.py for tasks to queue
[2026-05-05T16:10:03.633+0000] {logging_mixin.py:188} INFO - [2026-05-05T16:10:03.633+0000] {dagbag.py:545} INFO - Filling up the DagBag from /opt/airflow/dags/pipeline_dag.py
[2026-05-05T16:10:03.657+0000] {processor.py:840} INFO - DAG(s) 'ecommerce_pipeline' retrieved from /opt/airflow/dags/pipeline_dag.py
[2026-05-05T16:10:03.766+0000] {logging_mixin.py:188} INFO - [2026-05-05T16:10:03.766+0000] {dag.py:3096} INFO - Sync 1 DAGs
[2026-05-05T16:10:03.816+0000] {logging_mixin.py:188} INFO - [2026-05-05T16:10:03.816+0000] {dag.py:3954} INFO - Setting next_dagrun for ecommerce_pipeline to 2026-05-05 00:00:00+00:00, run_after=2026-05-06 00:00:00+00:00
[2026-05-05T16:10:03.848+0000] {processor.py:183} INFO - Processing /opt/airflow/dags/pipeline_dag.py took 0.226 seconds
[2026-05-05T16:10:34.086+0000] {processor.py:161} INFO - Started process (PID=1862) to work on /opt/airflow/dags/pipeline_dag.py
[2026-05-05T16:10:34.089+0000] {processor.py:830} INFO - Processing file /opt/airflow/dags/pipeline_dag.py for tasks to queue
[2026-05-05T16:10:34.098+0000] {logging_mixin.py:188} INFO - [2026-05-05T16:10:34.094+0000] {dagbag.py:545} INFO - Filling up the DagBag from /opt/airflow/dags/pipeline_dag.py
[2026-05-05T16:10:34.142+0000] {processor.py:840} INFO - DAG(s) 'ecommerce_pipeline' retrieved from /opt/airflow/dags/pipeline_dag.py
[2026-05-05T16:10:34.187+0000] {logging_mixin.py:188} INFO - [2026-05-05T16:10:34.187+0000] {dag.py:3096} INFO - Sync 1 DAGs
[2026-05-05T16:10:34.211+0000] {logging_mixin.py:188} INFO - [2026-05-05T16:10:34.210+0000] {dag.py:3954} INFO - Setting next_dagrun for ecommerce_pipeline to 2026-05-05 00:00:00+00:00, run_after=2026-05-06 00:00:00+00:00
[2026-05-05T16:10:34.234+0000] {processor.py:183} INFO - Processing /opt/airflow/dags/pipeline_dag.py took 0.162 seconds
[2026-05-05T16:11:04.482+0000] {processor.py:161} INFO - Started process (PID=1867) to work on /opt/airflow/dags/pipeline_dag.py
[2026-05-05T16:11:04.486+0000] {processor.py:830} INFO - Processing file /opt/airflow/dags/pipeline_dag.py for tasks to queue
[2026-05-05T16:11:04.489+0000] {logging_mixin.py:188} INFO - [2026-05-05T16:11:04.488+0000] {dagbag.py:545} INFO - Filling up the DagBag from /opt/airflow/dags/pipeline_dag.py
[2026-05-05T16:11:04.522+0000] {processor.py:840} INFO - DAG(s) 'ecommerce_pipeline' retrieved from /opt/airflow/dags/pipeline_dag.py
[2026-05-05T16:11:04.591+0000] {logging_mixin.py:188} INFO - [2026-05-05T16:11:04.590+0000] {dag.py:3096} INFO - Sync 1 DAGs
[2026-05-05T16:11:04.632+0000] {logging_mixin.py:188} INFO - [2026-05-05T16:11:04.632+0000] {dag.py:3954} INFO - Setting next_dagrun for ecommerce_pipeline to 2026-05-05 00:00:00+00:00, run_after=2026-05-06 00:00:00+00:00
[2026-05-05T16:11:04.664+0000] {processor.py:183} INFO - Processing /opt/airflow/dags/pipeline_dag.py took 0.191 seconds
[2026-05-05T16:11:34.984+0000] {processor.py:161} INFO - Started process (PID=1872) to work on /opt/airflow/dags/pipeline_dag.py
[2026-05-05T16:11:34.988+0000] {processor.py:830} INFO - Processing file /opt/airflow/dags/pipeline_dag.py for tasks to queue
[2026-05-05T16:11:34.991+0000] {logging_mixin.py:188} INFO - [2026-05-05T16:11:34.991+0000] {dagbag.py:545} INFO - Filling up the DagBag from /opt/airflow/dags/pipeline_dag.py
[2026-05-05T16:11:35.040+0000] {processor.py:840} INFO - DAG(s) 'ecommerce_pipeline' retrieved from /opt/airflow/dags/pipeline_dag.py
[2026-05-05T16:11:35.120+0000] {logging_mixin.py:188} INFO - [2026-05-05T16:11:35.120+0000] {dag.py:3096} INFO - Sync 1 DAGs
[2026-05-05T16:11:35.165+0000] {logging_mixin.py:188} INFO - [2026-05-05T16:11:35.165+0000] {dag.py:3954} INFO - Setting next_dagrun for ecommerce_pipeline to 2026-05-05 00:00:00+00:00, run_after=2026-05-06 00:00:00+00:00
[2026-05-05T16:11:35.212+0000] {processor.py:183} INFO - Processing /opt/airflow/dags/pipeline_dag.py took 0.236 seconds
[2026-05-05T16:12:05.694+0000] {processor.py:161} INFO - Started process (PID=1877) to work on /opt/airflow/dags/pipeline_dag.py
[2026-05-05T16:12:05.695+0000] {processor.py:830} INFO - Processing file /opt/airflow/dags/pipeline_dag.py for tasks to queue
[2026-05-05T16:12:05.701+0000] {logging_mixin.py:188} INFO - [2026-05-05T16:12:05.700+0000] {dagbag.py:545} INFO - Filling up the DagBag from /opt/airflow/dags/pipeline_dag.py
[2026-05-05T16:12:05.734+0000] {processor.py:840} INFO - DAG(s) 'ecommerce_pipeline' retrieved from /opt/airflow/dags/pipeline_dag.py
[2026-05-05T16:12:05.782+0000] {logging_mixin.py:188} INFO - [2026-05-05T16:12:05.782+0000] {dag.py:3096} INFO - Sync 1 DAGs
[2026-05-05T16:12:05.810+0000] {logging_mixin.py:188} INFO - [2026-05-05T16:12:05.810+0000] {dag.py:3954} INFO - Setting next_dagrun for ecommerce_pipeline to 2026-05-05 00:00:00+00:00, run_after=2026-05-06 00:00:00+00:00
[2026-05-05T16:12:05.837+0000] {processor.py:183} INFO - Processing /opt/airflow/dags/pipeline_dag.py took 0.151 seconds
[2026-05-05T16:12:36.166+0000] {processor.py:161} INFO - Started process (PID=1882) to work on /opt/airflow/dags/pipeline_dag.py
[2026-05-05T16:12:36.167+0000] {processor.py:830} INFO - Processing file /opt/airflow/dags/pipeline_dag.py for tasks to queue
[2026-05-05T16:12:36.174+0000] {logging_mixin.py:188} INFO - [2026-05-05T16:12:36.173+0000] {dagbag.py:545} INFO - Filling up the DagBag from /opt/airflow/dags/pipeline_dag.py
[2026-05-05T16:12:36.230+0000] {processor.py:840} INFO - DAG(s) 'ecommerce_pipeline' retrieved from /opt/airflow/dags/pipeline_dag.py
[2026-05-05T16:12:36.302+0000] {logging_mixin.py:188} INFO - [2026-05-05T16:12:36.301+0000] {dag.py:3096} INFO - Sync 1 DAGs
[2026-05-05T16:12:36.340+0000] {logging_mixin.py:188} INFO - [2026-05-05T16:12:36.340+0000] {dag.py:3954} INFO - Setting next_dagrun for ecommerce_pipeline to 2026-05-05 00:00:00+00:00, run_after=2026-05-06 00:00:00+00:00
[2026-05-05T16:12:36.373+0000] {processor.py:183} INFO - Processing /opt/airflow/dags/pipeline_dag.py took 0.222 seconds
[2026-05-05T16:13:06.769+0000] {processor.py:161} INFO - Started process (PID=1887) to work on /opt/airflow/dags/pipeline_dag.py
[2026-05-05T16:13:06.770+0000] {processor.py:830} INFO - Processing file /opt/airflow/dags/pipeline_dag.py for tasks to queue
[2026-05-05T16:13:06.772+0000] {logging_mixin.py:188} INFO - [2026-05-05T16:13:06.772+0000] {dagbag.py:545} INFO - Filling up the DagBag from /opt/airflow/dags/pipeline_dag.py
[2026-05-05T16:13:06.797+0000] {processor.py:840} INFO - DAG(s) 'ecommerce_pipeline' retrieved from /opt/airflow/dags/pipeline_dag.py
[2026-05-05T16:13:06.847+0000] {logging_mixin.py:188} INFO - [2026-05-05T16:13:06.847+0000] {dag.py:3096} INFO - Sync 1 DAGs
[2026-05-05T16:13:06.874+0000] {logging_mixin.py:188} INFO - [2026-05-05T16:13:06.873+0000] {dag.py:3954} INFO - Setting next_dagrun for ecommerce_pipeline to 2026-05-05 00:00:00+00:00, run_after=2026-05-06 00:00:00+00:00
[2026-05-05T16:13:06.907+0000] {processor.py:183} INFO - Processing /opt/airflow/dags/pipeline_dag.py took 0.148 seconds
[2026-05-05T16:13:37.497+0000] {processor.py:161} INFO - Started process (PID=1892) to work on /opt/airflow/dags/pipeline_dag.py
[2026-05-05T16:13:37.498+0000] {processor.py:830} INFO - Processing file /opt/airflow/dags/pipeline_dag.py for tasks to queue
[2026-05-05T16:13:37.500+0000] {logging_mixin.py:188} INFO - [2026-05-05T16:13:37.500+0000] {dagbag.py:545} INFO - Filling up the DagBag from /opt/airflow/dags/pipeline_dag.py
[2026-05-05T16:13:37.532+0000] {processor.py:840} INFO - DAG(s) 'ecommerce_pipeline' retrieved from /opt/airflow/dags/pipeline_dag.py
[2026-05-05T16:13:37.595+0000] {logging_mixin.py:188} INFO - [2026-05-05T16:13:37.595+0000] {dag.py:3096} INFO - Sync 1 DAGs
[2026-05-05T16:13:37.638+0000] {logging_mixin.py:188} INFO - [2026-05-05T16:13:37.637+0000] {dag.py:3954} INFO - Setting next_dagrun for ecommerce_pipeline to 2026-05-05 00:00:00+00:00, run_after=2026-05-06 00:00:00+00:00
[2026-05-05T16:13:37.689+0000] {processor.py:183} INFO - Processing /opt/airflow/dags/pipeline_dag.py took 0.201 seconds
[2026-05-05T16:14:08.711+0000] {processor.py:161} INFO - Started process (PID=1897) to work on /opt/airflow/dags/pipeline_dag.py
[2026-05-05T16:14:08.712+0000] {processor.py:830} INFO - Processing file /opt/airflow/dags/pipeline_dag.py for tasks to queue
[2026-05-05T16:14:08.715+0000] {logging_mixin.py:188} INFO - [2026-05-05T16:14:08.715+0000] {dagbag.py:545} INFO - Filling up the DagBag from /opt/airflow/dags/pipeline_dag.py
[2026-05-05T16:14:08.743+0000] {processor.py:840} INFO - DAG(s) 'ecommerce_pipeline' retrieved from /opt/airflow/dags/pipeline_dag.py
[2026-05-05T16:14:08.799+0000] {logging_mixin.py:188} INFO - [2026-05-05T16:14:08.799+0000] {dag.py:3096} INFO - Sync 1 DAGs
[2026-05-05T16:14:08.831+0000] {logging_mixin.py:188} INFO - [2026-05-05T16:14:08.830+0000] {dag.py:3954} INFO - Setting next_dagrun for ecommerce_pipeline to 2026-05-05 00:00:00+00:00, run_after=2026-05-06 00:00:00+00:00
[2026-05-05T16:14:08.858+0000] {processor.py:183} INFO - Processing /opt/airflow/dags/pipeline_dag.py took 0.156 seconds
[2026-05-05T16:14:39.181+0000] {processor.py:161} INFO - Started process (PID=1902) to work on /opt/airflow/dags/pipeline_dag.py
[2026-05-05T16:14:39.184+0000] {processor.py:830} INFO - Processing file /opt/airflow/dags/pipeline_dag.py for tasks to queue
[2026-05-05T16:14:39.188+0000] {logging_mixin.py:188} INFO - [2026-05-05T16:14:39.187+0000] {dagbag.py:545} INFO - Filling up the DagBag from /opt/airflow/dags/pipeline_dag.py
[2026-05-05T16:14:39.213+0000] {processor.py:840} INFO - DAG(s) 'ecommerce_pipeline' retrieved from /opt/airflow/dags/pipeline_dag.py
[2026-05-05T16:14:39.262+0000] {logging_mixin.py:188} INFO - [2026-05-05T16:14:39.262+0000] {dag.py:3096} INFO - Sync 1 DAGs
[2026-05-05T16:14:39.293+0000] {logging_mixin.py:188} INFO - [2026-05-05T16:14:39.293+0000] {dag.py:3954} INFO - Setting next_dagrun for ecommerce_pipeline to 2026-05-05 00:00:00+00:00, run_after=2026-05-06 00:00:00+00:00
[2026-05-05T16:14:39.323+0000] {processor.py:183} INFO - Processing /opt/airflow/dags/pipeline_dag.py took 0.158 seconds
[2026-05-05T16:15:10.486+0000] {processor.py:161} INFO - Started process (PID=1907) to work on /opt/airflow/dags/pipeline_dag.py
[2026-05-05T16:15:10.487+0000] {processor.py:830} INFO - Processing file /opt/airflow/dags/pipeline_dag.py for tasks to queue
[2026-05-05T16:15:10.489+0000] {logging_mixin.py:188} INFO - [2026-05-05T16:15:10.489+0000] {dagbag.py:545} INFO - Filling up the DagBag from /opt/airflow/dags/pipeline_dag.py
[2026-05-05T16:15:10.513+0000] {processor.py:840} INFO - DAG(s) 'ecommerce_pipeline' retrieved from /opt/airflow/dags/pipeline_dag.py
[2026-05-05T16:15:10.550+0000] {logging_mixin.py:188} INFO - [2026-05-05T16:15:10.549+0000] {dag.py:3096} INFO - Sync 1 DAGs
[2026-05-05T16:15:10.573+0000] {logging_mixin.py:188} INFO - [2026-05-05T16:15:10.573+0000] {dag.py:3954} INFO - Setting next_dagrun for ecommerce_pipeline to 2026-05-05 00:00:00+00:00, run_after=2026-05-06 00:00:00+00:00
[2026-05-05T16:15:10.594+0000] {processor.py:183} INFO - Processing /opt/airflow/dags/pipeline_dag.py took 0.115 seconds
[2026-05-05T16:15:41.936+0000] {processor.py:161} INFO - Started process (PID=1912) to work on /opt/airflow/dags/pipeline_dag.py
[2026-05-05T16:15:41.938+0000] {processor.py:830} INFO - Processing file /opt/airflow/dags/pipeline_dag.py for tasks to queue
[2026-05-05T16:15:41.939+0000] {logging_mixin.py:188} INFO - [2026-05-05T16:15:41.939+0000] {dagbag.py:545} INFO - Filling up the DagBag from /opt/airflow/dags/pipeline_dag.py
[2026-05-05T16:15:41.961+0000] {processor.py:840} INFO - DAG(s) 'ecommerce_pipeline' retrieved from /opt/airflow/dags/pipeline_dag.py
[2026-05-05T16:15:42.002+0000] {logging_mixin.py:188} INFO - [2026-05-05T16:15:42.002+0000] {dag.py:3096} INFO - Sync 1 DAGs
[2026-05-05T16:15:42.033+0000] {logging_mixin.py:188} INFO - [2026-05-05T16:15:42.033+0000] {dag.py:3954} INFO - Setting next_dagrun for ecommerce_pipeline to 2026-05-05 00:00:00+00:00, run_after=2026-05-06 00:00:00+00:00
[2026-05-05T16:15:42.056+0000] {processor.py:183} INFO - Processing /opt/airflow/dags/pipeline_dag.py took 0.126 seconds
[2026-05-05T16:16:13.350+0000] {processor.py:161} INFO - Started process (PID=1917) to work on /opt/airflow/dags/pipeline_dag.py
[2026-05-05T16:16:13.353+0000] {processor.py:830} INFO - Processing file /opt/airflow/dags/pipeline_dag.py for tasks to queue
[2026-05-05T16:16:13.356+0000] {logging_mixin.py:188} INFO - [2026-05-05T16:16:13.355+0000] {dagbag.py:545} INFO - Filling up the DagBag from /opt/airflow/dags/pipeline_dag.py
[2026-05-05T16:16:13.384+0000] {processor.py:840} INFO - DAG(s) 'ecommerce_pipeline' retrieved from /opt/airflow/dags/pipeline_dag.py
[2026-05-05T16:16:13.442+0000] {logging_mixin.py:188} INFO - [2026-05-05T16:16:13.441+0000] {dag.py:3096} INFO - Sync 1 DAGs
[2026-05-05T16:16:13.470+0000] {logging_mixin.py:188} INFO - [2026-05-05T16:16:13.469+0000] {dag.py:3954} INFO - Setting next_dagrun for ecommerce_pipeline to 2026-05-05 00:00:00+00:00, run_after=2026-05-06 00:00:00+00:00
[2026-05-05T16:16:13.499+0000] {processor.py:183} INFO - Processing /opt/airflow/dags/pipeline_dag.py took 0.156 seconds
[2026-05-05T16:16:43.894+0000] {processor.py:161} INFO - Started process (PID=1922) to work on /opt/airflow/dags/pipeline_dag.py
[2026-05-05T16:16:43.896+0000] {processor.py:830} INFO - Processing file /opt/airflow/dags/pipeline_dag.py for tasks to queue
[2026-05-05T16:16:43.898+0000] {logging_mixin.py:188} INFO - [2026-05-05T16:16:43.898+0000] {dagbag.py:545} INFO - Filling up the DagBag from /opt/airflow/dags/pipeline_dag.py
[2026-05-05T16:16:43.926+0000] {processor.py:840} INFO - DAG(s) 'ecommerce_pipeline' retrieved from /opt/airflow/dags/pipeline_dag.py
[2026-05-05T16:16:43.983+0000] {logging_mixin.py:188} INFO - [2026-05-05T16:16:43.982+0000] {dag.py:3096} INFO - Sync 1 DAGs
[2026-05-05T16:16:44.018+0000] {logging_mixin.py:188} INFO - [2026-05-05T16:16:44.017+0000] {dag.py:3954} INFO - Setting next_dagrun for ecommerce_pipeline to 2026-05-05 00:00:00+00:00, run_after=2026-05-06 00:00:00+00:00
[2026-05-05T16:16:44.043+0000] {processor.py:183} INFO - Processing /opt/airflow/dags/pipeline_dag.py took 0.158 seconds
[2026-05-05T16:17:15.372+0000] {processor.py:161} INFO - Started process (PID=1927) to work on /opt/airflow/dags/pipeline_dag.py
[2026-05-05T16:17:15.422+0000] {processor.py:830} INFO - Processing file /opt/airflow/dags/pipeline_dag.py for tasks to queue
[2026-05-05T16:17:15.432+0000] {logging_mixin.py:188} INFO - [2026-05-05T16:17:15.431+0000] {dagbag.py:545} INFO - Filling up the DagBag from /opt/airflow/dags/pipeline_dag.py
[2026-05-05T16:17:15.488+0000] {processor.py:840} INFO - DAG(s) 'ecommerce_pipeline' retrieved from /opt/airflow/dags/pipeline_dag.py
[2026-05-05T16:17:15.526+0000] {logging_mixin.py:188} INFO - [2026-05-05T16:17:15.526+0000] {dag.py:3096} INFO - Sync 1 DAGs
[2026-05-05T16:17:15.549+0000] {logging_mixin.py:188} INFO - [2026-05-05T16:17:15.549+0000] {dag.py:3954} INFO - Setting next_dagrun for ecommerce_pipeline to 2026-05-05 00:00:00+00:00, run_after=2026-05-06 00:00:00+00:00
[2026-05-05T16:17:15.571+0000] {processor.py:183} INFO - Processing /opt/airflow/dags/pipeline_dag.py took 0.211 seconds
[2026-05-05T16:17:46.196+0000] {processor.py:161} INFO - Started process (PID=1932) to work on /opt/airflow/dags/pipeline_dag.py
[2026-05-05T16:17:46.197+0000] {processor.py:830} INFO - Processing file /opt/airflow/dags/pipeline_dag.py for tasks to queue
[2026-05-05T16:17:46.199+0000] {logging_mixin.py:188} INFO - [2026-05-05T16:17:46.198+0000] {dagbag.py:545} INFO - Filling up the DagBag from /opt/airflow/dags/pipeline_dag.py
[2026-05-05T16:17:46.221+0000] {processor.py:840} INFO - DAG(s) 'ecommerce_pipeline' retrieved from /opt/airflow/dags/pipeline_dag.py
[2026-05-05T16:17:46.270+0000] {logging_mixin.py:188} INFO - [2026-05-05T16:17:46.270+0000] {dag.py:3096} INFO - Sync 1 DAGs
[2026-05-05T16:17:46.293+0000] {logging_mixin.py:188} INFO - [2026-05-05T16:17:46.292+0000] {dag.py:3954} INFO - Setting next_dagrun for ecommerce_pipeline to 2026-05-05 00:00:00+00:00, run_after=2026-05-06 00:00:00+00:00
[2026-05-05T16:17:46.315+0000] {processor.py:183} INFO - Processing /opt/airflow/dags/pipeline_dag.py took 0.126 seconds
[2026-05-05T16:18:17.510+0000] {processor.py:161} INFO - Started process (PID=1937) to work on /opt/airflow/dags/pipeline_dag.py
[2026-05-05T16:18:17.513+0000] {processor.py:830} INFO - Processing file /opt/airflow/dags/pipeline_dag.py for tasks to queue
[2026-05-05T16:18:17.517+0000] {logging_mixin.py:188} INFO - [2026-05-05T16:18:17.516+0000] {dagbag.py:545} INFO - Filling up the DagBag from /opt/airflow/dags/pipeline_dag.py
[2026-05-05T16:18:17.538+0000] {processor.py:840} INFO - DAG(s) 'ecommerce_pipeline' retrieved from /opt/airflow/dags/pipeline_dag.py
[2026-05-05T16:18:17.577+0000] {logging_mixin.py:188} INFO - [2026-05-05T16:18:17.577+0000] {dag.py:3096} INFO - Sync 1 DAGs
[2026-05-05T16:18:17.599+0000] {logging_mixin.py:188} INFO - [2026-05-05T16:18:17.599+0000] {dag.py:3954} INFO - Setting next_dagrun for ecommerce_pipeline to 2026-05-05 00:00:00+00:00, run_after=2026-05-06 00:00:00+00:00
[2026-05-05T16:18:17.623+0000] {processor.py:183} INFO - Processing /opt/airflow/dags/pipeline_dag.py took 0.119 seconds
[2026-05-05T16:18:49.421+0000] {processor.py:161} INFO - Started process (PID=1942) to work on /opt/airflow/dags/pipeline_dag.py
[2026-05-05T16:18:49.503+0000] {processor.py:830} INFO - Processing file /opt/airflow/dags/pipeline_dag.py for tasks to queue
[2026-05-05T16:18:49.525+0000] {logging_mixin.py:188} INFO - [2026-05-05T16:18:49.524+0000] {dagbag.py:545} INFO - Filling up the DagBag from /opt/airflow/dags/pipeline_dag.py
[2026-05-05T16:18:49.614+0000] {processor.py:840} INFO - DAG(s) 'ecommerce_pipeline' retrieved from /opt/airflow/dags/pipeline_dag.py
[2026-05-05T16:18:49.683+0000] {logging_mixin.py:188} INFO - [2026-05-05T16:18:49.682+0000] {dag.py:3096} INFO - Sync 1 DAGs
[2026-05-05T16:18:49.715+0000] {logging_mixin.py:188} INFO - [2026-05-05T16:18:49.715+0000] {dag.py:3954} INFO - Setting next_dagrun for ecommerce_pipeline to 2026-05-05 00:00:00+00:00, run_after=2026-05-06 00:00:00+00:00
[2026-05-05T16:18:49.744+0000] {processor.py:183} INFO - Processing /opt/airflow/dags/pipeline_dag.py took 0.362 seconds
[2026-05-05T16:19:20.146+0000] {processor.py:161} INFO - Started process (PID=1947) to work on /opt/airflow/dags/pipeline_dag.py
[2026-05-05T16:19:20.147+0000] {processor.py:830} INFO - Processing file /opt/airflow/dags/pipeline_dag.py for tasks to queue
[2026-05-05T16:19:20.152+0000] {logging_mixin.py:188} INFO - [2026-05-05T16:19:20.151+0000] {dagbag.py:545} INFO - Filling up the DagBag from /opt/airflow/dags/pipeline_dag.py
[2026-05-05T16:19:20.178+0000] {processor.py:840} INFO - DAG(s) 'ecommerce_pipeline' retrieved from /opt/airflow/dags/pipeline_dag.py
[2026-05-05T16:19:20.235+0000] {logging_mixin.py:188} INFO - [2026-05-05T16:19:20.234+0000] {dag.py:3096} INFO - Sync 1 DAGs
[2026-05-05T16:19:20.271+0000] {logging_mixin.py:188} INFO - [2026-05-05T16:19:20.270+0000] {dag.py:3954} INFO - Setting next_dagrun for ecommerce_pipeline to 2026-05-05 00:00:00+00:00, run_after=2026-05-06 00:00:00+00:00
[2026-05-05T16:19:20.300+0000] {processor.py:183} INFO - Processing /opt/airflow/dags/pipeline_dag.py took 0.163 seconds
[2026-05-05T16:19:50.615+0000] {processor.py:161} INFO - Started process (PID=1952) to work on /opt/airflow/dags/pipeline_dag.py
[2026-05-05T16:19:50.617+0000] {processor.py:830} INFO - Processing file /opt/airflow/dags/pipeline_dag.py for tasks to queue
[2026-05-05T16:19:50.619+0000] {logging_mixin.py:188} INFO - [2026-05-05T16:19:50.618+0000] {dagbag.py:545} INFO - Filling up the DagBag from /opt/airflow/dags/pipeline_dag.py
[2026-05-05T16:19:50.639+0000] {processor.py:840} INFO - DAG(s) 'ecommerce_pipeline' retrieved from /opt/airflow/dags/pipeline_dag.py
[2026-05-05T16:19:50.677+0000] {logging_mixin.py:188} INFO - [2026-05-05T16:19:50.677+0000] {dag.py:3096} INFO - Sync 1 DAGs
[2026-05-05T16:19:50.700+0000] {logging_mixin.py:188} INFO - [2026-05-05T16:19:50.700+0000] {dag.py:3954} INFO - Setting next_dagrun for ecommerce_pipeline to 2026-05-05 00:00:00+00:00, run_after=2026-05-06 00:00:00+00:00
[2026-05-05T16:19:50.721+0000] {processor.py:183} INFO - Processing /opt/airflow/dags/pipeline_dag.py took 0.111 seconds
[2026-05-05T16:20:21.876+0000] {processor.py:161} INFO - Started process (PID=1957) to work on /opt/airflow/dags/pipeline_dag.py
[2026-05-05T16:20:21.877+0000] {processor.py:830} INFO - Processing file /opt/airflow/dags/pipeline_dag.py for tasks to queue
[2026-05-05T16:20:21.880+0000] {logging_mixin.py:188} INFO - [2026-05-05T16:20:21.879+0000] {dagbag.py:545} INFO - Filling up the DagBag from /opt/airflow/dags/pipeline_dag.py
[2026-05-05T16:20:21.900+0000] {processor.py:840} INFO - DAG(s) 'ecommerce_pipeline' retrieved from /opt/airflow/dags/pipeline_dag.py
[2026-05-05T16:20:21.939+0000] {logging_mixin.py:188} INFO - [2026-05-05T16:20:21.939+0000] {dag.py:3096} INFO - Sync 1 DAGs
[2026-05-05T16:20:21.960+0000] {logging_mixin.py:188} INFO - [2026-05-05T16:20:21.960+0000] {dag.py:3954} INFO - Setting next_dagrun for ecommerce_pipeline to 2026-05-05 00:00:00+00:00, run_after=2026-05-06 00:00:00+00:00
[2026-05-05T16:20:21.982+0000] {processor.py:183} INFO - Processing /opt/airflow/dags/pipeline_dag.py took 0.113 seconds
[2026-05-05T16:20:53.482+0000] {processor.py:161} INFO - Started process (PID=1962) to work on /opt/airflow/dags/pipeline_dag.py
[2026-05-05T16:20:53.484+0000] {processor.py:830} INFO - Processing file /opt/airflow/dags/pipeline_dag.py for tasks to queue
[2026-05-05T16:20:53.488+0000] {logging_mixin.py:188} INFO - [2026-05-05T16:20:53.488+0000] {dagbag.py:545} INFO - Filling up the DagBag from /opt/airflow/dags/pipeline_dag.py
[2026-05-05T16:20:53.514+0000] {processor.py:840} INFO - DAG(s) 'ecommerce_pipeline' retrieved from /opt/airflow/dags/pipeline_dag.py
[2026-05-05T16:20:53.568+0000] {logging_mixin.py:188} INFO - [2026-05-05T16:20:53.566+0000] {dag.py:3096} INFO - Sync 1 DAGs
[2026-05-05T16:20:53.599+0000] {logging_mixin.py:188} INFO - [2026-05-05T16:20:53.598+0000] {dag.py:3954} INFO - Setting next_dagrun for ecommerce_pipeline to 2026-05-05 00:00:00+00:00, run_after=2026-05-06 00:00:00+00:00
[2026-05-05T16:20:53.636+0000] {processor.py:183} INFO - Processing /opt/airflow/dags/pipeline_dag.py took 0.161 seconds
[2026-05-05T16:21:24.722+0000] {processor.py:161} INFO - Started process (PID=1967) to work on /opt/airflow/dags/pipeline_dag.py
[2026-05-05T16:21:24.723+0000] {processor.py:830} INFO - Processing file /opt/airflow/dags/pipeline_dag.py for tasks to queue
[2026-05-05T16:21:24.726+0000] {logging_mixin.py:188} INFO - [2026-05-05T16:21:24.725+0000] {dagbag.py:545} INFO - Filling up the DagBag from /opt/airflow/dags/pipeline_dag.py
[2026-05-05T16:21:24.748+0000] {processor.py:840} INFO - DAG(s) 'ecommerce_pipeline' retrieved from /opt/airflow/dags/pipeline_dag.py
[2026-05-05T16:21:24.785+0000] {logging_mixin.py:188} INFO - [2026-05-05T16:21:24.785+0000] {dag.py:3096} INFO - Sync 1 DAGs
[2026-05-05T16:21:24.806+0000] {logging_mixin.py:188} INFO - [2026-05-05T16:21:24.806+0000] {dag.py:3954} INFO - Setting next_dagrun for ecommerce_pipeline to 2026-05-05 00:00:00+00:00, run_after=2026-05-06 00:00:00+00:00
[2026-05-05T16:21:24.826+0000] {processor.py:183} INFO - Processing /opt/airflow/dags/pipeline_dag.py took 0.110 seconds
[2026-05-05T16:21:55.186+0000] {processor.py:161} INFO - Started process (PID=1972) to work on /opt/airflow/dags/pipeline_dag.py
[2026-05-05T16:21:55.188+0000] {processor.py:830} INFO - Processing file /opt/airflow/dags/pipeline_dag.py for tasks to queue
[2026-05-05T16:21:55.190+0000] {logging_mixin.py:188} INFO - [2026-05-05T16:21:55.190+0000] {dagbag.py:545} INFO - Filling up the DagBag from /opt/airflow/dags/pipeline_dag.py
[2026-05-05T16:21:55.212+0000] {processor.py:840} INFO - DAG(s) 'ecommerce_pipeline' retrieved from /opt/airflow/dags/pipeline_dag.py
[2026-05-05T16:21:55.248+0000] {logging_mixin.py:188} INFO - [2026-05-05T16:21:55.248+0000] {dag.py:3096} INFO - Sync 1 DAGs
[2026-05-05T16:21:55.268+0000] {logging_mixin.py:188} INFO - [2026-05-05T16:21:55.268+0000] {dag.py:3954} INFO - Setting next_dagrun for ecommerce_pipeline to 2026-05-05 00:00:00+00:00, run_after=2026-05-06 00:00:00+00:00
[2026-05-05T16:21:55.292+0000] {processor.py:183} INFO - Processing /opt/airflow/dags/pipeline_dag.py took 0.112 seconds
[2026-05-05T16:22:26.439+0000] {processor.py:161} INFO - Started process (PID=1977) to work on /opt/airflow/dags/pipeline_dag.py
[2026-05-05T16:22:26.440+0000] {processor.py:830} INFO - Processing file /opt/airflow/dags/pipeline_dag.py for tasks to queue
[2026-05-05T16:22:26.443+0000] {logging_mixin.py:188} INFO - [2026-05-05T16:22:26.442+0000] {dagbag.py:545} INFO - Filling up the DagBag from /opt/airflow/dags/pipeline_dag.py
[2026-05-05T16:22:26.469+0000] {processor.py:840} INFO - DAG(s) 'ecommerce_pipeline' retrieved from /opt/airflow/dags/pipeline_dag.py
[2026-05-05T16:22:26.511+0000] {logging_mixin.py:188} INFO - [2026-05-05T16:22:26.510+0000] {dag.py:3096} INFO - Sync 1 DAGs
[2026-05-05T16:22:26.533+0000] {logging_mixin.py:188} INFO - [2026-05-05T16:22:26.533+0000] {dag.py:3954} INFO - Setting next_dagrun for ecommerce_pipeline to 2026-05-05 00:00:00+00:00, run_after=2026-05-06 00:00:00+00:00
[2026-05-05T16:22:26.553+0000] {processor.py:183} INFO - Processing /opt/airflow/dags/pipeline_dag.py took 0.121 seconds
[2026-05-05T16:22:57.988+0000] {processor.py:161} INFO - Started process (PID=1982) to work on /opt/airflow/dags/pipeline_dag.py
[2026-05-05T16:22:57.991+0000] {processor.py:830} INFO - Processing file /opt/airflow/dags/pipeline_dag.py for tasks to queue
[2026-05-05T16:22:57.994+0000] {logging_mixin.py:188} INFO - [2026-05-05T16:22:57.993+0000] {dagbag.py:545} INFO - Filling up the DagBag from /opt/airflow/dags/pipeline_dag.py
[2026-05-05T16:22:58.019+0000] {processor.py:840} INFO - DAG(s) 'ecommerce_pipeline' retrieved from /opt/airflow/dags/pipeline_dag.py
[2026-05-05T16:22:58.061+0000] {logging_mixin.py:188} INFO - [2026-05-05T16:22:58.061+0000] {dag.py:3096} INFO - Sync 1 DAGs
[2026-05-05T16:22:58.083+0000] {logging_mixin.py:188} INFO - [2026-05-05T16:22:58.083+0000] {dag.py:3954} INFO - Setting next_dagrun for ecommerce_pipeline to 2026-05-05 00:00:00+00:00, run_after=2026-05-06 00:00:00+00:00
[2026-05-05T16:22:58.102+0000] {processor.py:183} INFO - Processing /opt/airflow/dags/pipeline_dag.py took 0.124 seconds
[2026-05-05T16:23:29.215+0000] {processor.py:161} INFO - Started process (PID=1987) to work on /opt/airflow/dags/pipeline_dag.py
[2026-05-05T16:23:29.216+0000] {processor.py:830} INFO - Processing file /opt/airflow/dags/pipeline_dag.py for tasks to queue
[2026-05-05T16:23:29.218+0000] {logging_mixin.py:188} INFO - [2026-05-05T16:23:29.218+0000] {dagbag.py:545} INFO - Filling up the DagBag from /opt/airflow/dags/pipeline_dag.py
[2026-05-05T16:23:29.239+0000] {processor.py:840} INFO - DAG(s) 'ecommerce_pipeline' retrieved from /opt/airflow/dags/pipeline_dag.py
[2026-05-05T16:23:29.277+0000] {logging_mixin.py:188} INFO - [2026-05-05T16:23:29.277+0000] {dag.py:3096} INFO - Sync 1 DAGs
[2026-05-05T16:23:29.298+0000] {logging_mixin.py:188} INFO - [2026-05-05T16:23:29.298+0000] {dag.py:3954} INFO - Setting next_dagrun for ecommerce_pipeline to 2026-05-05 00:00:00+00:00, run_after=2026-05-06 00:00:00+00:00
[2026-05-05T16:23:29.322+0000] {processor.py:183} INFO - Processing /opt/airflow/dags/pipeline_dag.py took 0.112 seconds
[2026-05-05T16:23:59.647+0000] {processor.py:161} INFO - Started process (PID=1992) to work on /opt/airflow/dags/pipeline_dag.py
[2026-05-05T16:23:59.649+0000] {processor.py:830} INFO - Processing file /opt/airflow/dags/pipeline_dag.py for tasks to queue
[2026-05-05T16:23:59.651+0000] {logging_mixin.py:188} INFO - [2026-05-05T16:23:59.651+0000] {dagbag.py:545} INFO - Filling up the DagBag from /opt/airflow/dags/pipeline_dag.py
[2026-05-05T16:23:59.673+0000] {processor.py:840} INFO - DAG(s) 'ecommerce_pipeline' retrieved from /opt/airflow/dags/pipeline_dag.py
[2026-05-05T16:23:59.708+0000] {logging_mixin.py:188} INFO - [2026-05-05T16:23:59.708+0000] {dag.py:3096} INFO - Sync 1 DAGs
[2026-05-05T16:23:59.729+0000] {logging_mixin.py:188} INFO - [2026-05-05T16:23:59.728+0000] {dag.py:3954} INFO - Setting next_dagrun for ecommerce_pipeline to 2026-05-05 00:00:00+00:00, run_after=2026-05-06 00:00:00+00:00
[2026-05-05T16:23:59.749+0000] {processor.py:183} INFO - Processing /opt/airflow/dags/pipeline_dag.py took 0.108 seconds
[2026-05-05T16:24:30.899+0000] {processor.py:161} INFO - Started process (PID=1997) to work on /opt/airflow/dags/pipeline_dag.py
[2026-05-05T16:24:30.900+0000] {processor.py:830} INFO - Processing file /opt/airflow/dags/pipeline_dag.py for tasks to queue
[2026-05-05T16:24:30.902+0000] {logging_mixin.py:188} INFO - [2026-05-05T16:24:30.902+0000] {dagbag.py:545} INFO - Filling up the DagBag from /opt/airflow/dags/pipeline_dag.py
[2026-05-05T16:24:30.923+0000] {processor.py:840} INFO - DAG(s) 'ecommerce_pipeline' retrieved from /opt/airflow/dags/pipeline_dag.py
[2026-05-05T16:24:30.961+0000] {logging_mixin.py:188} INFO - [2026-05-05T16:24:30.961+0000] {dag.py:3096} INFO - Sync 1 DAGs
[2026-05-05T16:24:30.982+0000] {logging_mixin.py:188} INFO - [2026-05-05T16:24:30.982+0000] {dag.py:3954} INFO - Setting next_dagrun for ecommerce_pipeline to 2026-05-05 00:00:00+00:00, run_after=2026-05-06 00:00:00+00:00
[2026-05-05T16:24:31.005+0000] {processor.py:183} INFO - Processing /opt/airflow/dags/pipeline_dag.py took 0.111 seconds
[2026-05-05T16:25:02.292+0000] {processor.py:161} INFO - Started process (PID=2002) to work on /opt/airflow/dags/pipeline_dag.py
[2026-05-05T16:25:02.293+0000] {processor.py:830} INFO - Processing file /opt/airflow/dags/pipeline_dag.py for tasks to queue
[2026-05-05T16:25:02.295+0000] {logging_mixin.py:188} INFO - [2026-05-05T16:25:02.295+0000] {dagbag.py:545} INFO - Filling up the DagBag from /opt/airflow/dags/pipeline_dag.py
[2026-05-05T16:25:02.313+0000] {processor.py:840} INFO - DAG(s) 'ecommerce_pipeline' retrieved from /opt/airflow/dags/pipeline_dag.py
[2026-05-05T16:25:02.348+0000] {logging_mixin.py:188} INFO - [2026-05-05T16:25:02.347+0000] {dag.py:3096} INFO - Sync 1 DAGs
[2026-05-05T16:25:02.369+0000] {logging_mixin.py:188} INFO - [2026-05-05T16:25:02.369+0000] {dag.py:3954} INFO - Setting next_dagrun for ecommerce_pipeline to 2026-05-05 00:00:00+00:00, run_after=2026-05-06 00:00:00+00:00
[2026-05-05T16:25:02.392+0000] {processor.py:183} INFO - Processing /opt/airflow/dags/pipeline_dag.py took 0.105 seconds
[2026-05-05T16:25:33.593+0000] {processor.py:161} INFO - Started process (PID=2007) to work on /opt/airflow/dags/pipeline_dag.py
[2026-05-05T16:25:33.595+0000] {processor.py:830} INFO - Processing file /opt/airflow/dags/pipeline_dag.py for tasks to queue
[2026-05-05T16:25:33.596+0000] {logging_mixin.py:188} INFO - [2026-05-05T16:25:33.596+0000] {dagbag.py:545} INFO - Filling up the DagBag from /opt/airflow/dags/pipeline_dag.py
[2026-05-05T16:25:33.617+0000] {processor.py:840} INFO - DAG(s) 'ecommerce_pipeline' retrieved from /opt/airflow/dags/pipeline_dag.py
[2026-05-05T16:25:33.656+0000] {logging_mixin.py:188} INFO - [2026-05-05T16:25:33.655+0000] {dag.py:3096} INFO - Sync 1 DAGs
[2026-05-05T16:25:33.677+0000] {logging_mixin.py:188} INFO - [2026-05-05T16:25:33.676+0000] {dag.py:3954} INFO - Setting next_dagrun for ecommerce_pipeline to 2026-05-05 00:00:00+00:00, run_after=2026-05-06 00:00:00+00:00
[2026-05-05T16:25:33.697+0000] {processor.py:183} INFO - Processing /opt/airflow/dags/pipeline_dag.py took 0.109 seconds
[2026-05-05T16:26:05.025+0000] {processor.py:161} INFO - Started process (PID=2012) to work on /opt/airflow/dags/pipeline_dag.py
[2026-05-05T16:26:05.026+0000] {processor.py:830} INFO - Processing file /opt/airflow/dags/pipeline_dag.py for tasks to queue
[2026-05-05T16:26:05.028+0000] {logging_mixin.py:188} INFO - [2026-05-05T16:26:05.027+0000] {dagbag.py:545} INFO - Filling up the DagBag from /opt/airflow/dags/pipeline_dag.py
[2026-05-05T16:26:05.048+0000] {processor.py:840} INFO - DAG(s) 'ecommerce_pipeline' retrieved from /opt/airflow/dags/pipeline_dag.py
[2026-05-05T16:26:05.085+0000] {logging_mixin.py:188} INFO - [2026-05-05T16:26:05.085+0000] {dag.py:3096} INFO - Sync 1 DAGs
[2026-05-05T16:26:05.106+0000] {logging_mixin.py:188} INFO - [2026-05-05T16:26:05.105+0000] {dag.py:3954} INFO - Setting next_dagrun for ecommerce_pipeline to 2026-05-05 00:00:00+00:00, run_after=2026-05-06 00:00:00+00:00
[2026-05-05T16:26:05.127+0000] {processor.py:183} INFO - Processing /opt/airflow/dags/pipeline_dag.py took 0.108 seconds
[2026-05-05T16:26:35.311+0000] {processor.py:161} INFO - Started process (PID=2017) to work on /opt/airflow/dags/pipeline_dag.py
[2026-05-05T16:26:35.312+0000] {processor.py:830} INFO - Processing file /opt/airflow/dags/pipeline_dag.py for tasks to queue
[2026-05-05T16:26:35.313+0000] {logging_mixin.py:188} INFO - [2026-05-05T16:26:35.313+0000] {dagbag.py:545} INFO - Filling up the DagBag from /opt/airflow/dags/pipeline_dag.py
[2026-05-05T16:26:35.333+0000] {processor.py:840} INFO - DAG(s) 'ecommerce_pipeline' retrieved from /opt/airflow/dags/pipeline_dag.py
[2026-05-05T16:26:35.371+0000] {logging_mixin.py:188} INFO - [2026-05-05T16:26:35.371+0000] {dag.py:3096} INFO - Sync 1 DAGs
[2026-05-05T16:26:35.392+0000] {logging_mixin.py:188} INFO - [2026-05-05T16:26:35.391+0000] {dag.py:3954} INFO - Setting next_dagrun for ecommerce_pipeline to 2026-05-05 00:00:00+00:00, run_after=2026-05-06 00:00:00+00:00
[2026-05-05T16:26:35.413+0000] {processor.py:183} INFO - Processing /opt/airflow/dags/pipeline_dag.py took 0.108 seconds
[2026-05-05T16:27:06.700+0000] {processor.py:161} INFO - Started process (PID=2022) to work on /opt/airflow/dags/pipeline_dag.py
[2026-05-05T16:27:06.701+0000] {processor.py:830} INFO - Processing file /opt/airflow/dags/pipeline_dag.py for tasks to queue
[2026-05-05T16:27:06.703+0000] {logging_mixin.py:188} INFO - [2026-05-05T16:27:06.703+0000] {dagbag.py:545} INFO - Filling up the DagBag from /opt/airflow/dags/pipeline_dag.py
[2026-05-05T16:27:06.730+0000] {processor.py:840} INFO - DAG(s) 'ecommerce_pipeline' retrieved from /opt/airflow/dags/pipeline_dag.py
[2026-05-05T16:27:06.770+0000] {logging_mixin.py:188} INFO - [2026-05-05T16:27:06.769+0000] {dag.py:3096} INFO - Sync 1 DAGs
[2026-05-05T16:27:06.792+0000] {logging_mixin.py:188} INFO - [2026-05-05T16:27:06.792+0000] {dag.py:3954} INFO - Setting next_dagrun for ecommerce_pipeline to 2026-05-05 00:00:00+00:00, run_after=2026-05-06 00:00:00+00:00
[2026-05-05T16:27:06.817+0000] {processor.py:183} INFO - Processing /opt/airflow/dags/pipeline_dag.py took 0.123 seconds
[2026-05-05T16:27:38.002+0000] {processor.py:161} INFO - Started process (PID=2027) to work on /opt/airflow/dags/pipeline_dag.py
[2026-05-05T16:27:38.004+0000] {processor.py:830} INFO - Processing file /opt/airflow/dags/pipeline_dag.py for tasks to queue
[2026-05-05T16:27:38.005+0000] {logging_mixin.py:188} INFO - [2026-05-05T16:27:38.005+0000] {dagbag.py:545} INFO - Filling up the DagBag from /opt/airflow/dags/pipeline_dag.py
[2026-05-05T16:27:38.028+0000] {processor.py:840} INFO - DAG(s) 'ecommerce_pipeline' retrieved from /opt/airflow/dags/pipeline_dag.py
[2026-05-05T16:27:38.073+0000] {logging_mixin.py:188} INFO - [2026-05-05T16:27:38.072+0000] {dag.py:3096} INFO - Sync 1 DAGs
[2026-05-05T16:27:38.098+0000] {logging_mixin.py:188} INFO - [2026-05-05T16:27:38.098+0000] {dag.py:3954} INFO - Setting next_dagrun for ecommerce_pipeline to 2026-05-05 00:00:00+00:00, run_after=2026-05-06 00:00:00+00:00
[2026-05-05T16:27:38.125+0000] {processor.py:183} INFO - Processing /opt/airflow/dags/pipeline_dag.py took 0.129 seconds
[2026-05-05T16:28:09.405+0000] {processor.py:161} INFO - Started process (PID=2032) to work on /opt/airflow/dags/pipeline_dag.py
[2026-05-05T16:28:09.406+0000] {processor.py:830} INFO - Processing file /opt/airflow/dags/pipeline_dag.py for tasks to queue
[2026-05-05T16:28:09.408+0000] {logging_mixin.py:188} INFO - [2026-05-05T16:28:09.408+0000] {dagbag.py:545} INFO - Filling up the DagBag from /opt/airflow/dags/pipeline_dag.py
[2026-05-05T16:28:09.429+0000] {processor.py:840} INFO - DAG(s) 'ecommerce_pipeline' retrieved from /opt/airflow/dags/pipeline_dag.py
[2026-05-05T16:28:09.470+0000] {logging_mixin.py:188} INFO - [2026-05-05T16:28:09.469+0000] {dag.py:3096} INFO - Sync 1 DAGs
[2026-05-05T16:28:09.494+0000] {logging_mixin.py:188} INFO - [2026-05-05T16:28:09.493+0000] {dag.py:3954} INFO - Setting next_dagrun for ecommerce_pipeline to 2026-05-05 00:00:00+00:00, run_after=2026-05-06 00:00:00+00:00
[2026-05-05T16:28:09.515+0000] {processor.py:183} INFO - Processing /opt/airflow/dags/pipeline_dag.py took 0.115 seconds
[2026-05-05T16:28:39.815+0000] {processor.py:161} INFO - Started process (PID=2037) to work on /opt/airflow/dags/pipeline_dag.py
[2026-05-05T16:28:39.816+0000] {processor.py:830} INFO - Processing file /opt/airflow/dags/pipeline_dag.py for tasks to queue
[2026-05-05T16:28:39.819+0000] {logging_mixin.py:188} INFO - [2026-05-05T16:28:39.818+0000] {dagbag.py:545} INFO - Filling up the DagBag from /opt/airflow/dags/pipeline_dag.py
[2026-05-05T16:28:39.842+0000] {processor.py:840} INFO - DAG(s) 'ecommerce_pipeline' retrieved from /opt/airflow/dags/pipeline_dag.py
[2026-05-05T16:28:39.883+0000] {logging_mixin.py:188} INFO - [2026-05-05T16:28:39.883+0000] {dag.py:3096} INFO - Sync 1 DAGs
[2026-05-05T16:28:39.906+0000] {logging_mixin.py:188} INFO - [2026-05-05T16:28:39.906+0000] {dag.py:3954} INFO - Setting next_dagrun for ecommerce_pipeline to 2026-05-05 00:00:00+00:00, run_after=2026-05-06 00:00:00+00:00
[2026-05-05T16:28:39.929+0000] {processor.py:183} INFO - Processing /opt/airflow/dags/pipeline_dag.py took 0.121 seconds
[2026-05-05T16:29:11.064+0000] {processor.py:161} INFO - Started process (PID=2042) to work on /opt/airflow/dags/pipeline_dag.py
[2026-05-05T16:29:11.065+0000] {processor.py:830} INFO - Processing file /opt/airflow/dags/pipeline_dag.py for tasks to queue
[2026-05-05T16:29:11.067+0000] {logging_mixin.py:188} INFO - [2026-05-05T16:29:11.066+0000] {dagbag.py:545} INFO - Filling up the DagBag from /opt/airflow/dags/pipeline_dag.py
[2026-05-05T16:29:11.088+0000] {processor.py:840} INFO - DAG(s) 'ecommerce_pipeline' retrieved from /opt/airflow/dags/pipeline_dag.py
[2026-05-05T16:29:11.128+0000] {logging_mixin.py:188} INFO - [2026-05-05T16:29:11.128+0000] {dag.py:3096} INFO - Sync 1 DAGs
[2026-05-05T16:29:11.151+0000] {logging_mixin.py:188} INFO - [2026-05-05T16:29:11.150+0000] {dag.py:3954} INFO - Setting next_dagrun for ecommerce_pipeline to 2026-05-05 00:00:00+00:00, run_after=2026-05-06 00:00:00+00:00
[2026-05-05T16:29:11.173+0000] {processor.py:183} INFO - Processing /opt/airflow/dags/pipeline_dag.py took 0.116 seconds
[2026-05-05T16:29:42.478+0000] {processor.py:161} INFO - Started process (PID=2047) to work on /opt/airflow/dags/pipeline_dag.py
[2026-05-05T16:29:42.479+0000] {processor.py:830} INFO - Processing file /opt/airflow/dags/pipeline_dag.py for tasks to queue
[2026-05-05T16:29:42.481+0000] {logging_mixin.py:188} INFO - [2026-05-05T16:29:42.481+0000] {dagbag.py:545} INFO - Filling up the DagBag from /opt/airflow/dags/pipeline_dag.py
[2026-05-05T16:29:42.498+0000] {processor.py:840} INFO - DAG(s) 'ecommerce_pipeline' retrieved from /opt/airflow/dags/pipeline_dag.py
[2026-05-05T16:29:42.541+0000] {logging_mixin.py:188} INFO - [2026-05-05T16:29:42.540+0000] {dag.py:3096} INFO - Sync 1 DAGs
[2026-05-05T16:29:42.565+0000] {logging_mixin.py:188} INFO - [2026-05-05T16:29:42.565+0000] {dag.py:3954} INFO - Setting next_dagrun for ecommerce_pipeline to 2026-05-05 00:00:00+00:00, run_after=2026-05-06 00:00:00+00:00
[2026-05-05T16:29:42.586+0000] {processor.py:183} INFO - Processing /opt/airflow/dags/pipeline_dag.py took 0.113 seconds
[2026-05-05T16:30:13.803+0000] {processor.py:161} INFO - Started process (PID=2052) to work on /opt/airflow/dags/pipeline_dag.py
[2026-05-05T16:30:13.804+0000] {processor.py:830} INFO - Processing file /opt/airflow/dags/pipeline_dag.py for tasks to queue
[2026-05-05T16:30:13.807+0000] {logging_mixin.py:188} INFO - [2026-05-05T16:30:13.806+0000] {dagbag.py:545} INFO - Filling up the DagBag from /opt/airflow/dags/pipeline_dag.py
[2026-05-05T16:30:13.833+0000] {processor.py:840} INFO - DAG(s) 'ecommerce_pipeline' retrieved from /opt/airflow/dags/pipeline_dag.py
[2026-05-05T16:30:13.878+0000] {logging_mixin.py:188} INFO - [2026-05-05T16:30:13.877+0000] {dag.py:3096} INFO - Sync 1 DAGs
[2026-05-05T16:30:13.908+0000] {logging_mixin.py:188} INFO - [2026-05-05T16:30:13.908+0000] {dag.py:3954} INFO - Setting next_dagrun for ecommerce_pipeline to 2026-05-05 00:00:00+00:00, run_after=2026-05-06 00:00:00+00:00
[2026-05-05T16:30:13.936+0000] {processor.py:183} INFO - Processing /opt/airflow/dags/pipeline_dag.py took 0.139 seconds
[2026-05-05T16:30:45.257+0000] {processor.py:161} INFO - Started process (PID=2057) to work on /opt/airflow/dags/pipeline_dag.py
[2026-05-05T16:30:45.258+0000] {processor.py:830} INFO - Processing file /opt/airflow/dags/pipeline_dag.py for tasks to queue
[2026-05-05T16:30:45.259+0000] {logging_mixin.py:188} INFO - [2026-05-05T16:30:45.259+0000] {dagbag.py:545} INFO - Filling up the DagBag from /opt/airflow/dags/pipeline_dag.py
[2026-05-05T16:30:45.279+0000] {processor.py:840} INFO - DAG(s) 'ecommerce_pipeline' retrieved from /opt/airflow/dags/pipeline_dag.py
[2026-05-05T16:30:45.320+0000] {logging_mixin.py:188} INFO - [2026-05-05T16:30:45.320+0000] {dag.py:3096} INFO - Sync 1 DAGs
[2026-05-05T16:30:45.343+0000] {logging_mixin.py:188} INFO - [2026-05-05T16:30:45.343+0000] {dag.py:3954} INFO - Setting next_dagrun for ecommerce_pipeline to 2026-05-05 00:00:00+00:00, run_after=2026-05-06 00:00:00+00:00
[2026-05-05T16:30:45.366+0000] {processor.py:183} INFO - Processing /opt/airflow/dags/pipeline_dag.py took 0.115 seconds
[2026-05-05T16:31:15.568+0000] {processor.py:161} INFO - Started process (PID=2062) to work on /opt/airflow/dags/pipeline_dag.py
[2026-05-05T16:31:15.569+0000] {processor.py:830} INFO - Processing file /opt/airflow/dags/pipeline_dag.py for tasks to queue
[2026-05-05T16:31:15.571+0000] {logging_mixin.py:188} INFO - [2026-05-05T16:31:15.571+0000] {dagbag.py:545} INFO - Filling up the DagBag from /opt/airflow/dags/pipeline_dag.py
[2026-05-05T16:31:15.590+0000] {processor.py:840} INFO - DAG(s) 'ecommerce_pipeline' retrieved from /opt/airflow/dags/pipeline_dag.py
[2026-05-05T16:31:15.630+0000] {logging_mixin.py:188} INFO - [2026-05-05T16:31:15.629+0000] {dag.py:3096} INFO - Sync 1 DAGs
[2026-05-05T16:31:15.651+0000] {logging_mixin.py:188} INFO - [2026-05-05T16:31:15.651+0000] {dag.py:3954} INFO - Setting next_dagrun for ecommerce_pipeline to 2026-05-05 00:00:00+00:00, run_after=2026-05-06 00:00:00+00:00
[2026-05-05T16:31:15.676+0000] {processor.py:183} INFO - Processing /opt/airflow/dags/pipeline_dag.py took 0.114 seconds
[2026-05-05T16:31:46.897+0000] {processor.py:161} INFO - Started process (PID=2067) to work on /opt/airflow/dags/pipeline_dag.py
[2026-05-05T16:31:46.898+0000] {processor.py:830} INFO - Processing file /opt/airflow/dags/pipeline_dag.py for tasks to queue
[2026-05-05T16:31:46.900+0000] {logging_mixin.py:188} INFO - [2026-05-05T16:31:46.899+0000] {dagbag.py:545} INFO - Filling up the DagBag from /opt/airflow/dags/pipeline_dag.py
[2026-05-05T16:31:46.924+0000] {processor.py:840} INFO - DAG(s) 'ecommerce_pipeline' retrieved from /opt/airflow/dags/pipeline_dag.py
[2026-05-05T16:31:46.965+0000] {logging_mixin.py:188} INFO - [2026-05-05T16:31:46.965+0000] {dag.py:3096} INFO - Sync 1 DAGs
[2026-05-05T16:31:46.989+0000] {logging_mixin.py:188} INFO - [2026-05-05T16:31:46.988+0000] {dag.py:3954} INFO - Setting next_dagrun for ecommerce_pipeline to 2026-05-05 00:00:00+00:00, run_after=2026-05-06 00:00:00+00:00
[2026-05-05T16:31:47.010+0000] {processor.py:183} INFO - Processing /opt/airflow/dags/pipeline_dag.py took 0.119 seconds
[2026-05-05T16:32:18.280+0000] {processor.py:161} INFO - Started process (PID=2072) to work on /opt/airflow/dags/pipeline_dag.py
[2026-05-05T16:32:18.282+0000] {processor.py:830} INFO - Processing file /opt/airflow/dags/pipeline_dag.py for tasks to queue
[2026-05-05T16:32:18.286+0000] {logging_mixin.py:188} INFO - [2026-05-05T16:32:18.286+0000] {dagbag.py:545} INFO - Filling up the DagBag from /opt/airflow/dags/pipeline_dag.py
[2026-05-05T16:32:18.312+0000] {processor.py:840} INFO - DAG(s) 'ecommerce_pipeline' retrieved from /opt/airflow/dags/pipeline_dag.py
[2026-05-05T16:32:18.357+0000] {logging_mixin.py:188} INFO - [2026-05-05T16:32:18.356+0000] {dag.py:3096} INFO - Sync 1 DAGs
[2026-05-05T16:32:18.384+0000] {logging_mixin.py:188} INFO - [2026-05-05T16:32:18.384+0000] {dag.py:3954} INFO - Setting next_dagrun for ecommerce_pipeline to 2026-05-05 00:00:00+00:00, run_after=2026-05-06 00:00:00+00:00
[2026-05-05T16:32:18.417+0000] {processor.py:183} INFO - Processing /opt/airflow/dags/pipeline_dag.py took 0.142 seconds
[2026-05-05T16:32:49.192+0000] {processor.py:161} INFO - Started process (PID=2077) to work on /opt/airflow/dags/pipeline_dag.py
[2026-05-05T16:32:49.193+0000] {processor.py:830} INFO - Processing file /opt/airflow/dags/pipeline_dag.py for tasks to queue
[2026-05-05T16:32:49.195+0000] {logging_mixin.py:188} INFO - [2026-05-05T16:32:49.194+0000] {dagbag.py:545} INFO - Filling up the DagBag from /opt/airflow/dags/pipeline_dag.py
[2026-05-05T16:32:49.217+0000] {processor.py:840} INFO - DAG(s) 'ecommerce_pipeline' retrieved from /opt/airflow/dags/pipeline_dag.py
[2026-05-05T16:32:49.255+0000] {logging_mixin.py:188} INFO - [2026-05-05T16:32:49.255+0000] {dag.py:3096} INFO - Sync 1 DAGs
[2026-05-05T16:32:49.275+0000] {logging_mixin.py:188} INFO - [2026-05-05T16:32:49.275+0000] {dag.py:3954} INFO - Setting next_dagrun for ecommerce_pipeline to 2026-05-05 00:00:00+00:00, run_after=2026-05-06 00:00:00+00:00
[2026-05-05T16:32:49.298+0000] {processor.py:183} INFO - Processing /opt/airflow/dags/pipeline_dag.py took 0.112 seconds
[2026-05-05T16:33:20.527+0000] {processor.py:161} INFO - Started process (PID=2082) to work on /opt/airflow/dags/pipeline_dag.py
[2026-05-05T16:33:20.528+0000] {processor.py:830} INFO - Processing file /opt/airflow/dags/pipeline_dag.py for tasks to queue
[2026-05-05T16:33:20.529+0000] {logging_mixin.py:188} INFO - [2026-05-05T16:33:20.529+0000] {dagbag.py:545} INFO - Filling up the DagBag from /opt/airflow/dags/pipeline_dag.py
[2026-05-05T16:33:20.552+0000] {processor.py:840} INFO - DAG(s) 'ecommerce_pipeline' retrieved from /opt/airflow/dags/pipeline_dag.py
[2026-05-05T16:33:20.590+0000] {logging_mixin.py:188} INFO - [2026-05-05T16:33:20.589+0000] {dag.py:3096} INFO - Sync 1 DAGs
[2026-05-05T16:33:20.617+0000] {logging_mixin.py:188} INFO - [2026-05-05T16:33:20.617+0000] {dag.py:3954} INFO - Setting next_dagrun for ecommerce_pipeline to 2026-05-05 00:00:00+00:00, run_after=2026-05-06 00:00:00+00:00
[2026-05-05T16:33:20.639+0000] {processor.py:183} INFO - Processing /opt/airflow/dags/pipeline_dag.py took 0.119 seconds
[2026-05-05T16:33:51.990+0000] {processor.py:161} INFO - Started process (PID=2087) to work on /opt/airflow/dags/pipeline_dag.py
[2026-05-05T16:33:51.991+0000] {processor.py:830} INFO - Processing file /opt/airflow/dags/pipeline_dag.py for tasks to queue
[2026-05-05T16:33:51.993+0000] {logging_mixin.py:188} INFO - [2026-05-05T16:33:51.993+0000] {dagbag.py:545} INFO - Filling up the DagBag from /opt/airflow/dags/pipeline_dag.py
[2026-05-05T16:33:52.013+0000] {processor.py:840} INFO - DAG(s) 'ecommerce_pipeline' retrieved from /opt/airflow/dags/pipeline_dag.py
[2026-05-05T16:33:52.051+0000] {logging_mixin.py:188} INFO - [2026-05-05T16:33:52.051+0000] {dag.py:3096} INFO - Sync 1 DAGs
[2026-05-05T16:33:52.071+0000] {logging_mixin.py:188} INFO - [2026-05-05T16:33:52.071+0000] {dag.py:3954} INFO - Setting next_dagrun for ecommerce_pipeline to 2026-05-05 00:00:00+00:00, run_after=2026-05-06 00:00:00+00:00
[2026-05-05T16:33:52.096+0000] {processor.py:183} INFO - Processing /opt/airflow/dags/pipeline_dag.py took 0.112 seconds
[2026-05-05T16:34:22.363+0000] {processor.py:161} INFO - Started process (PID=2092) to work on /opt/airflow/dags/pipeline_dag.py
[2026-05-05T16:34:22.364+0000] {processor.py:830} INFO - Processing file /opt/airflow/dags/pipeline_dag.py for tasks to queue
[2026-05-05T16:34:22.365+0000] {logging_mixin.py:188} INFO - [2026-05-05T16:34:22.365+0000] {dagbag.py:545} INFO - Filling up the DagBag from /opt/airflow/dags/pipeline_dag.py
[2026-05-05T16:34:22.386+0000] {processor.py:840} INFO - DAG(s) 'ecommerce_pipeline' retrieved from /opt/airflow/dags/pipeline_dag.py
[2026-05-05T16:34:22.426+0000] {logging_mixin.py:188} INFO - [2026-05-05T16:34:22.426+0000] {dag.py:3096} INFO - Sync 1 DAGs
[2026-05-05T16:34:22.448+0000] {logging_mixin.py:188} INFO - [2026-05-05T16:34:22.448+0000] {dag.py:3954} INFO - Setting next_dagrun for ecommerce_pipeline to 2026-05-05 00:00:00+00:00, run_after=2026-05-06 00:00:00+00:00
[2026-05-05T16:34:22.477+0000] {processor.py:183} INFO - Processing /opt/airflow/dags/pipeline_dag.py took 0.121 seconds
[2026-05-05T16:34:53.656+0000] {processor.py:161} INFO - Started process (PID=2097) to work on /opt/airflow/dags/pipeline_dag.py
[2026-05-05T16:34:53.657+0000] {processor.py:830} INFO - Processing file /opt/airflow/dags/pipeline_dag.py for tasks to queue
[2026-05-05T16:34:53.659+0000] {logging_mixin.py:188} INFO - [2026-05-05T16:34:53.659+0000] {dagbag.py:545} INFO - Filling up the DagBag from /opt/airflow/dags/pipeline_dag.py
[2026-05-05T16:34:53.680+0000] {processor.py:840} INFO - DAG(s) 'ecommerce_pipeline' retrieved from /opt/airflow/dags/pipeline_dag.py
[2026-05-05T16:34:53.720+0000] {logging_mixin.py:188} INFO - [2026-05-05T16:34:53.720+0000] {dag.py:3096} INFO - Sync 1 DAGs
[2026-05-05T16:34:53.743+0000] {logging_mixin.py:188} INFO - [2026-05-05T16:34:53.743+0000] {dag.py:3954} INFO - Setting next_dagrun for ecommerce_pipeline to 2026-05-05 00:00:00+00:00, run_after=2026-05-06 00:00:00+00:00
[2026-05-05T16:34:53.767+0000] {processor.py:183} INFO - Processing /opt/airflow/dags/pipeline_dag.py took 0.117 seconds
[2026-05-05T16:35:25.094+0000] {processor.py:161} INFO - Started process (PID=2102) to work on /opt/airflow/dags/pipeline_dag.py
[2026-05-05T16:35:25.095+0000] {processor.py:830} INFO - Processing file /opt/airflow/dags/pipeline_dag.py for tasks to queue
[2026-05-05T16:35:25.097+0000] {logging_mixin.py:188} INFO - [2026-05-05T16:35:25.096+0000] {dagbag.py:545} INFO - Filling up the DagBag from /opt/airflow/dags/pipeline_dag.py
[2026-05-05T16:35:25.118+0000] {processor.py:840} INFO - DAG(s) 'ecommerce_pipeline' retrieved from /opt/airflow/dags/pipeline_dag.py
[2026-05-05T16:35:25.158+0000] {logging_mixin.py:188} INFO - [2026-05-05T16:35:25.158+0000] {dag.py:3096} INFO - Sync 1 DAGs
[2026-05-05T16:35:25.181+0000] {logging_mixin.py:188} INFO - [2026-05-05T16:35:25.181+0000] {dag.py:3954} INFO - Setting next_dagrun for ecommerce_pipeline to 2026-05-05 00:00:00+00:00, run_after=2026-05-06 00:00:00+00:00
[2026-05-05T16:35:25.203+0000] {processor.py:183} INFO - Processing /opt/airflow/dags/pipeline_dag.py took 0.114 seconds
[2026-05-05T16:35:56.425+0000] {processor.py:161} INFO - Started process (PID=2107) to work on /opt/airflow/dags/pipeline_dag.py
[2026-05-05T16:35:56.427+0000] {processor.py:830} INFO - Processing file /opt/airflow/dags/pipeline_dag.py for tasks to queue
[2026-05-05T16:35:56.429+0000] {logging_mixin.py:188} INFO - [2026-05-05T16:35:56.429+0000] {dagbag.py:545} INFO - Filling up the DagBag from /opt/airflow/dags/pipeline_dag.py
[2026-05-05T16:35:56.450+0000] {processor.py:840} INFO - DAG(s) 'ecommerce_pipeline' retrieved from /opt/airflow/dags/pipeline_dag.py
[2026-05-05T16:35:56.488+0000] {logging_mixin.py:188} INFO - [2026-05-05T16:35:56.487+0000] {dag.py:3096} INFO - Sync 1 DAGs
[2026-05-05T16:35:56.512+0000] {logging_mixin.py:188} INFO - [2026-05-05T16:35:56.512+0000] {dag.py:3954} INFO - Setting next_dagrun for ecommerce_pipeline to 2026-05-05 00:00:00+00:00, run_after=2026-05-06 00:00:00+00:00
[2026-05-05T16:35:56.532+0000] {processor.py:183} INFO - Processing /opt/airflow/dags/pipeline_dag.py took 0.112 seconds
[2026-05-05T16:36:27.801+0000] {processor.py:161} INFO - Started process (PID=2112) to work on /opt/airflow/dags/pipeline_dag.py
[2026-05-05T16:36:27.802+0000] {processor.py:830} INFO - Processing file /opt/airflow/dags/pipeline_dag.py for tasks to queue
[2026-05-05T16:36:27.805+0000] {logging_mixin.py:188} INFO - [2026-05-05T16:36:27.804+0000] {dagbag.py:545} INFO - Filling up the DagBag from /opt/airflow/dags/pipeline_dag.py
[2026-05-05T16:36:27.829+0000] {processor.py:840} INFO - DAG(s) 'ecommerce_pipeline' retrieved from /opt/airflow/dags/pipeline_dag.py
[2026-05-05T16:36:27.867+0000] {logging_mixin.py:188} INFO - [2026-05-05T16:36:27.867+0000] {dag.py:3096} INFO - Sync 1 DAGs
[2026-05-05T16:36:27.890+0000] {logging_mixin.py:188} INFO - [2026-05-05T16:36:27.890+0000] {dag.py:3954} INFO - Setting next_dagrun for ecommerce_pipeline to 2026-05-05 00:00:00+00:00, run_after=2026-05-06 00:00:00+00:00
[2026-05-05T16:36:27.909+0000] {processor.py:183} INFO - Processing /opt/airflow/dags/pipeline_dag.py took 0.115 seconds
[2026-05-05T16:36:58.219+0000] {processor.py:161} INFO - Started process (PID=2117) to work on /opt/airflow/dags/pipeline_dag.py
[2026-05-05T16:36:58.221+0000] {processor.py:830} INFO - Processing file /opt/airflow/dags/pipeline_dag.py for tasks to queue
[2026-05-05T16:36:58.222+0000] {logging_mixin.py:188} INFO - [2026-05-05T16:36:58.222+0000] {dagbag.py:545} INFO - Filling up the DagBag from /opt/airflow/dags/pipeline_dag.py
[2026-05-05T16:36:58.243+0000] {processor.py:840} INFO - DAG(s) 'ecommerce_pipeline' retrieved from /opt/airflow/dags/pipeline_dag.py
[2026-05-05T16:36:58.280+0000] {logging_mixin.py:188} INFO - [2026-05-05T16:36:58.280+0000] {dag.py:3096} INFO - Sync 1 DAGs
[2026-05-05T16:36:58.300+0000] {logging_mixin.py:188} INFO - [2026-05-05T16:36:58.300+0000] {dag.py:3954} INFO - Setting next_dagrun for ecommerce_pipeline to 2026-05-05 00:00:00+00:00, run_after=2026-05-06 00:00:00+00:00
[2026-05-05T16:36:58.320+0000] {processor.py:183} INFO - Processing /opt/airflow/dags/pipeline_dag.py took 0.107 seconds
[2026-05-05T16:40:09.892+0000] {processor.py:161} INFO - Started process (PID=2122) to work on /opt/airflow/dags/pipeline_dag.py
[2026-05-05T16:40:10.016+0000] {processor.py:830} INFO - Processing file /opt/airflow/dags/pipeline_dag.py for tasks to queue
[2026-05-05T16:40:10.200+0000] {logging_mixin.py:188} INFO - [2026-05-05T16:40:10.188+0000] {dagbag.py:545} INFO - Filling up the DagBag from /opt/airflow/dags/pipeline_dag.py
[2026-05-05T16:40:10.507+0000] {processor.py:840} INFO - DAG(s) 'ecommerce_pipeline' retrieved from /opt/airflow/dags/pipeline_dag.py
[2026-05-05T16:40:10.703+0000] {logging_mixin.py:188} INFO - [2026-05-05T16:40:10.702+0000] {dag.py:3096} INFO - Sync 1 DAGs
[2026-05-05T16:40:10.851+0000] {logging_mixin.py:188} INFO - [2026-05-05T16:40:10.850+0000] {dag.py:3954} INFO - Setting next_dagrun for ecommerce_pipeline to 2026-05-05 00:00:00+00:00, run_after=2026-05-06 00:00:00+00:00
[2026-05-05T16:40:10.920+0000] {processor.py:183} INFO - Processing /opt/airflow/dags/pipeline_dag.py took 1.781 seconds
[2026-05-05T16:40:41.027+0000] {processor.py:161} INFO - Started process (PID=2127) to work on /opt/airflow/dags/pipeline_dag.py
[2026-05-05T16:40:41.028+0000] {processor.py:830} INFO - Processing file /opt/airflow/dags/pipeline_dag.py for tasks to queue
[2026-05-05T16:40:41.030+0000] {logging_mixin.py:188} INFO - [2026-05-05T16:40:41.030+0000] {dagbag.py:545} INFO - Filling up the DagBag from /opt/airflow/dags/pipeline_dag.py
[2026-05-05T16:40:41.050+0000] {processor.py:840} INFO - DAG(s) 'ecommerce_pipeline' retrieved from /opt/airflow/dags/pipeline_dag.py
[2026-05-05T16:40:41.092+0000] {logging_mixin.py:188} INFO - [2026-05-05T16:40:41.092+0000] {dag.py:3096} INFO - Sync 1 DAGs
[2026-05-05T16:40:41.123+0000] {logging_mixin.py:188} INFO - [2026-05-05T16:40:41.123+0000] {dag.py:3954} INFO - Setting next_dagrun for ecommerce_pipeline to 2026-05-05 00:00:00+00:00, run_after=2026-05-06 00:00:00+00:00
[2026-05-05T16:40:41.143+0000] {processor.py:183} INFO - Processing /opt/airflow/dags/pipeline_dag.py took 0.123 seconds
[2026-05-05T16:41:11.212+0000] {processor.py:161} INFO - Started process (PID=2132) to work on /opt/airflow/dags/pipeline_dag.py
[2026-05-05T16:41:11.213+0000] {processor.py:830} INFO - Processing file /opt/airflow/dags/pipeline_dag.py for tasks to queue
[2026-05-05T16:41:11.215+0000] {logging_mixin.py:188} INFO - [2026-05-05T16:41:11.215+0000] {dagbag.py:545} INFO - Filling up the DagBag from /opt/airflow/dags/pipeline_dag.py
[2026-05-05T16:41:11.235+0000] {processor.py:840} INFO - DAG(s) 'ecommerce_pipeline' retrieved from /opt/airflow/dags/pipeline_dag.py
[2026-05-05T16:41:11.270+0000] {logging_mixin.py:188} INFO - [2026-05-05T16:41:11.269+0000] {dag.py:3096} INFO - Sync 1 DAGs
[2026-05-05T16:41:11.288+0000] {logging_mixin.py:188} INFO - [2026-05-05T16:41:11.288+0000] {dag.py:3954} INFO - Setting next_dagrun for ecommerce_pipeline to 2026-05-05 00:00:00+00:00, run_after=2026-05-06 00:00:00+00:00
[2026-05-05T16:41:11.306+0000] {processor.py:183} INFO - Processing /opt/airflow/dags/pipeline_dag.py took 0.100 seconds
[2026-05-05T16:41:41.409+0000] {processor.py:161} INFO - Started process (PID=2137) to work on /opt/airflow/dags/pipeline_dag.py
[2026-05-05T16:41:41.410+0000] {processor.py:830} INFO - Processing file /opt/airflow/dags/pipeline_dag.py for tasks to queue
[2026-05-05T16:41:41.412+0000] {logging_mixin.py:188} INFO - [2026-05-05T16:41:41.411+0000] {dagbag.py:545} INFO - Filling up the DagBag from /opt/airflow/dags/pipeline_dag.py
[2026-05-05T16:41:41.431+0000] {processor.py:840} INFO - DAG(s) 'ecommerce_pipeline' retrieved from /opt/airflow/dags/pipeline_dag.py
[2026-05-05T16:41:41.472+0000] {logging_mixin.py:188} INFO - [2026-05-05T16:41:41.471+0000] {dag.py:3096} INFO - Sync 1 DAGs
[2026-05-05T16:41:41.493+0000] {logging_mixin.py:188} INFO - [2026-05-05T16:41:41.493+0000] {dag.py:3954} INFO - Setting next_dagrun for ecommerce_pipeline to 2026-05-05 00:00:00+00:00, run_after=2026-05-06 00:00:00+00:00
[2026-05-05T16:41:41.515+0000] {processor.py:183} INFO - Processing /opt/airflow/dags/pipeline_dag.py took 0.111 seconds
[2026-05-05T16:42:12.042+0000] {processor.py:161} INFO - Started process (PID=2142) to work on /opt/airflow/dags/pipeline_dag.py
[2026-05-05T16:42:12.044+0000] {processor.py:830} INFO - Processing file /opt/airflow/dags/pipeline_dag.py for tasks to queue
[2026-05-05T16:42:12.046+0000] {logging_mixin.py:188} INFO - [2026-05-05T16:42:12.045+0000] {dagbag.py:545} INFO - Filling up the DagBag from /opt/airflow/dags/pipeline_dag.py
[2026-05-05T16:42:12.069+0000] {processor.py:840} INFO - DAG(s) 'ecommerce_pipeline' retrieved from /opt/airflow/dags/pipeline_dag.py
[2026-05-05T16:42:12.103+0000] {logging_mixin.py:188} INFO - [2026-05-05T16:42:12.103+0000] {dag.py:3096} INFO - Sync 1 DAGs
[2026-05-05T16:42:12.121+0000] {logging_mixin.py:188} INFO - [2026-05-05T16:42:12.121+0000] {dag.py:3954} INFO - Setting next_dagrun for ecommerce_pipeline to 2026-05-05 00:00:00+00:00, run_after=2026-05-06 00:00:00+00:00
[2026-05-05T16:42:12.141+0000] {processor.py:183} INFO - Processing /opt/airflow/dags/pipeline_dag.py took 0.105 seconds
[2026-05-05T16:42:42.680+0000] {processor.py:161} INFO - Started process (PID=2147) to work on /opt/airflow/dags/pipeline_dag.py
[2026-05-05T16:42:42.681+0000] {processor.py:830} INFO - Processing file /opt/airflow/dags/pipeline_dag.py for tasks to queue
[2026-05-05T16:42:42.683+0000] {logging_mixin.py:188} INFO - [2026-05-05T16:42:42.683+0000] {dagbag.py:545} INFO - Filling up the DagBag from /opt/airflow/dags/pipeline_dag.py
[2026-05-05T16:42:42.702+0000] {processor.py:840} INFO - DAG(s) 'ecommerce_pipeline' retrieved from /opt/airflow/dags/pipeline_dag.py
[2026-05-05T16:42:42.733+0000] {logging_mixin.py:188} INFO - [2026-05-05T16:42:42.733+0000] {dag.py:3096} INFO - Sync 1 DAGs
[2026-05-05T16:42:42.751+0000] {logging_mixin.py:188} INFO - [2026-05-05T16:42:42.750+0000] {dag.py:3954} INFO - Setting next_dagrun for ecommerce_pipeline to 2026-05-05 00:00:00+00:00, run_after=2026-05-06 00:00:00+00:00
[2026-05-05T16:42:42.770+0000] {processor.py:183} INFO - Processing /opt/airflow/dags/pipeline_dag.py took 0.094 seconds
[2026-05-05T16:43:12.906+0000] {processor.py:161} INFO - Started process (PID=2152) to work on /opt/airflow/dags/pipeline_dag.py
[2026-05-05T16:43:12.907+0000] {processor.py:830} INFO - Processing file /opt/airflow/dags/pipeline_dag.py for tasks to queue
[2026-05-05T16:43:12.908+0000] {logging_mixin.py:188} INFO - [2026-05-05T16:43:12.908+0000] {dagbag.py:545} INFO - Filling up the DagBag from /opt/airflow/dags/pipeline_dag.py
[2026-05-05T16:43:12.925+0000] {processor.py:840} INFO - DAG(s) 'ecommerce_pipeline' retrieved from /opt/airflow/dags/pipeline_dag.py
[2026-05-05T16:43:12.963+0000] {logging_mixin.py:188} INFO - [2026-05-05T16:43:12.963+0000] {dag.py:3096} INFO - Sync 1 DAGs
[2026-05-05T16:43:12.982+0000] {logging_mixin.py:188} INFO - [2026-05-05T16:43:12.982+0000] {dag.py:3954} INFO - Setting next_dagrun for ecommerce_pipeline to 2026-05-05 00:00:00+00:00, run_after=2026-05-06 00:00:00+00:00
[2026-05-05T16:43:13.002+0000] {processor.py:183} INFO - Processing /opt/airflow/dags/pipeline_dag.py took 0.101 seconds
[2026-05-05T16:46:14.895+0000] {processor.py:161} INFO - Started process (PID=2157) to work on /opt/airflow/dags/pipeline_dag.py
[2026-05-05T16:46:14.898+0000] {processor.py:830} INFO - Processing file /opt/airflow/dags/pipeline_dag.py for tasks to queue
[2026-05-05T16:46:14.902+0000] {logging_mixin.py:188} INFO - [2026-05-05T16:46:14.901+0000] {dagbag.py:545} INFO - Filling up the DagBag from /opt/airflow/dags/pipeline_dag.py
[2026-05-05T16:46:14.939+0000] {processor.py:840} INFO - DAG(s) 'ecommerce_pipeline' retrieved from /opt/airflow/dags/pipeline_dag.py
[2026-05-05T16:46:14.994+0000] {logging_mixin.py:188} INFO - [2026-05-05T16:46:14.994+0000] {dag.py:3096} INFO - Sync 1 DAGs
[2026-05-05T16:46:15.032+0000] {logging_mixin.py:188} INFO - [2026-05-05T16:46:15.031+0000] {dag.py:3954} INFO - Setting next_dagrun for ecommerce_pipeline to 2026-05-05 00:00:00+00:00, run_after=2026-05-06 00:00:00+00:00
[2026-05-05T16:46:15.070+0000] {processor.py:183} INFO - Processing /opt/airflow/dags/pipeline_dag.py took 0.188 seconds
[2026-05-05T16:46:45.299+0000] {processor.py:161} INFO - Started process (PID=2162) to work on /opt/airflow/dags/pipeline_dag.py
[2026-05-05T16:46:45.300+0000] {processor.py:830} INFO - Processing file /opt/airflow/dags/pipeline_dag.py for tasks to queue
[2026-05-05T16:46:45.303+0000] {logging_mixin.py:188} INFO - [2026-05-05T16:46:45.302+0000] {dagbag.py:545} INFO - Filling up the DagBag from /opt/airflow/dags/pipeline_dag.py
[2026-05-05T16:46:45.330+0000] {processor.py:840} INFO - DAG(s) 'ecommerce_pipeline' retrieved from /opt/airflow/dags/pipeline_dag.py
[2026-05-05T16:46:45.377+0000] {logging_mixin.py:188} INFO - [2026-05-05T16:46:45.377+0000] {dag.py:3096} INFO - Sync 1 DAGs
[2026-05-05T16:46:45.403+0000] {logging_mixin.py:188} INFO - [2026-05-05T16:46:45.403+0000] {dag.py:3954} INFO - Setting next_dagrun for ecommerce_pipeline to 2026-05-05 00:00:00+00:00, run_after=2026-05-06 00:00:00+00:00
[2026-05-05T16:46:45.427+0000] {processor.py:183} INFO - Processing /opt/airflow/dags/pipeline_dag.py took 0.136 seconds
[2026-05-05T16:47:15.527+0000] {processor.py:161} INFO - Started process (PID=2167) to work on /opt/airflow/dags/pipeline_dag.py
[2026-05-05T16:47:15.528+0000] {processor.py:830} INFO - Processing file /opt/airflow/dags/pipeline_dag.py for tasks to queue
[2026-05-05T16:47:15.530+0000] {logging_mixin.py:188} INFO - [2026-05-05T16:47:15.530+0000] {dagbag.py:545} INFO - Filling up the DagBag from /opt/airflow/dags/pipeline_dag.py
[2026-05-05T16:47:15.551+0000] {processor.py:840} INFO - DAG(s) 'ecommerce_pipeline' retrieved from /opt/airflow/dags/pipeline_dag.py
[2026-05-05T16:47:15.589+0000] {logging_mixin.py:188} INFO - [2026-05-05T16:47:15.589+0000] {dag.py:3096} INFO - Sync 1 DAGs
[2026-05-05T16:47:15.608+0000] {logging_mixin.py:188} INFO - [2026-05-05T16:47:15.608+0000] {dag.py:3954} INFO - Setting next_dagrun for ecommerce_pipeline to 2026-05-05 00:00:00+00:00, run_after=2026-05-06 00:00:00+00:00
[2026-05-05T16:47:15.630+0000] {processor.py:183} INFO - Processing /opt/airflow/dags/pipeline_dag.py took 0.109 seconds
[2026-05-05T16:47:45.699+0000] {processor.py:161} INFO - Started process (PID=2172) to work on /opt/airflow/dags/pipeline_dag.py
[2026-05-05T16:47:45.700+0000] {processor.py:830} INFO - Processing file /opt/airflow/dags/pipeline_dag.py for tasks to queue
[2026-05-05T16:47:45.702+0000] {logging_mixin.py:188} INFO - [2026-05-05T16:47:45.702+0000] {dagbag.py:545} INFO - Filling up the DagBag from /opt/airflow/dags/pipeline_dag.py
[2026-05-05T16:47:45.723+0000] {processor.py:840} INFO - DAG(s) 'ecommerce_pipeline' retrieved from /opt/airflow/dags/pipeline_dag.py
[2026-05-05T16:47:45.759+0000] {logging_mixin.py:188} INFO - [2026-05-05T16:47:45.759+0000] {dag.py:3096} INFO - Sync 1 DAGs
[2026-05-05T16:47:45.779+0000] {logging_mixin.py:188} INFO - [2026-05-05T16:47:45.779+0000] {dag.py:3954} INFO - Setting next_dagrun for ecommerce_pipeline to 2026-05-05 00:00:00+00:00, run_after=2026-05-06 00:00:00+00:00
[2026-05-05T16:47:45.799+0000] {processor.py:183} INFO - Processing /opt/airflow/dags/pipeline_dag.py took 0.107 seconds
[2026-05-05T16:48:16.008+0000] {processor.py:161} INFO - Started process (PID=2177) to work on /opt/airflow/dags/pipeline_dag.py
[2026-05-05T16:48:16.009+0000] {processor.py:830} INFO - Processing file /opt/airflow/dags/pipeline_dag.py for tasks to queue
[2026-05-05T16:48:16.011+0000] {logging_mixin.py:188} INFO - [2026-05-05T16:48:16.010+0000] {dagbag.py:545} INFO - Filling up the DagBag from /opt/airflow/dags/pipeline_dag.py
[2026-05-05T16:48:16.034+0000] {processor.py:840} INFO - DAG(s) 'ecommerce_pipeline' retrieved from /opt/airflow/dags/pipeline_dag.py
[2026-05-05T16:48:16.072+0000] {logging_mixin.py:188} INFO - [2026-05-05T16:48:16.072+0000] {dag.py:3096} INFO - Sync 1 DAGs
[2026-05-05T16:48:16.092+0000] {logging_mixin.py:188} INFO - [2026-05-05T16:48:16.092+0000] {dag.py:3954} INFO - Setting next_dagrun for ecommerce_pipeline to 2026-05-05 00:00:00+00:00, run_after=2026-05-06 00:00:00+00:00
[2026-05-05T16:48:16.112+0000] {processor.py:183} INFO - Processing /opt/airflow/dags/pipeline_dag.py took 0.111 seconds
[2026-05-05T16:48:46.263+0000] {processor.py:161} INFO - Started process (PID=2182) to work on /opt/airflow/dags/pipeline_dag.py
[2026-05-05T16:48:46.264+0000] {processor.py:830} INFO - Processing file /opt/airflow/dags/pipeline_dag.py for tasks to queue
[2026-05-05T16:48:46.266+0000] {logging_mixin.py:188} INFO - [2026-05-05T16:48:46.265+0000] {dagbag.py:545} INFO - Filling up the DagBag from /opt/airflow/dags/pipeline_dag.py
[2026-05-05T16:48:46.285+0000] {processor.py:840} INFO - DAG(s) 'ecommerce_pipeline' retrieved from /opt/airflow/dags/pipeline_dag.py
[2026-05-05T16:48:46.321+0000] {logging_mixin.py:188} INFO - [2026-05-05T16:48:46.321+0000] {dag.py:3096} INFO - Sync 1 DAGs
[2026-05-05T16:48:46.340+0000] {logging_mixin.py:188} INFO - [2026-05-05T16:48:46.340+0000] {dag.py:3954} INFO - Setting next_dagrun for ecommerce_pipeline to 2026-05-05 00:00:00+00:00, run_after=2026-05-06 00:00:00+00:00
[2026-05-05T16:48:46.360+0000] {processor.py:183} INFO - Processing /opt/airflow/dags/pipeline_dag.py took 0.102 seconds
[2026-05-05T16:49:16.660+0000] {processor.py:161} INFO - Started process (PID=2187) to work on /opt/airflow/dags/pipeline_dag.py
[2026-05-05T16:49:16.661+0000] {processor.py:830} INFO - Processing file /opt/airflow/dags/pipeline_dag.py for tasks to queue
[2026-05-05T16:49:16.662+0000] {logging_mixin.py:188} INFO - [2026-05-05T16:49:16.662+0000] {dagbag.py:545} INFO - Filling up the DagBag from /opt/airflow/dags/pipeline_dag.py
[2026-05-05T16:49:16.680+0000] {processor.py:840} INFO - DAG(s) 'ecommerce_pipeline' retrieved from /opt/airflow/dags/pipeline_dag.py
[2026-05-05T16:49:16.717+0000] {logging_mixin.py:188} INFO - [2026-05-05T16:49:16.716+0000] {dag.py:3096} INFO - Sync 1 DAGs
[2026-05-05T16:49:16.736+0000] {logging_mixin.py:188} INFO - [2026-05-05T16:49:16.736+0000] {dag.py:3954} INFO - Setting next_dagrun for ecommerce_pipeline to 2026-05-05 00:00:00+00:00, run_after=2026-05-06 00:00:00+00:00
[2026-05-05T16:49:16.756+0000] {processor.py:183} INFO - Processing /opt/airflow/dags/pipeline_dag.py took 0.102 seconds
[2026-05-05T16:51:29.650+0000] {processor.py:161} INFO - Started process (PID=2192) to work on /opt/airflow/dags/pipeline_dag.py
[2026-05-05T16:51:29.653+0000] {processor.py:830} INFO - Processing file /opt/airflow/dags/pipeline_dag.py for tasks to queue
[2026-05-05T16:51:29.657+0000] {logging_mixin.py:188} INFO - [2026-05-05T16:51:29.656+0000] {dagbag.py:545} INFO - Filling up the DagBag from /opt/airflow/dags/pipeline_dag.py
[2026-05-05T16:51:29.679+0000] {processor.py:840} INFO - DAG(s) 'ecommerce_pipeline' retrieved from /opt/airflow/dags/pipeline_dag.py
[2026-05-05T16:51:29.720+0000] {logging_mixin.py:188} INFO - [2026-05-05T16:51:29.720+0000] {dag.py:3096} INFO - Sync 1 DAGs
[2026-05-05T16:51:29.741+0000] {logging_mixin.py:188} INFO - [2026-05-05T16:51:29.741+0000] {dag.py:3954} INFO - Setting next_dagrun for ecommerce_pipeline to 2026-05-05 00:00:00+00:00, run_after=2026-05-06 00:00:00+00:00
[2026-05-05T16:51:29.765+0000] {processor.py:183} INFO - Processing /opt/airflow/dags/pipeline_dag.py took 0.124 seconds
[2026-05-05T16:51:59.895+0000] {processor.py:161} INFO - Started process (PID=2197) to work on /opt/airflow/dags/pipeline_dag.py
[2026-05-05T16:51:59.897+0000] {processor.py:830} INFO - Processing file /opt/airflow/dags/pipeline_dag.py for tasks to queue
[2026-05-05T16:51:59.899+0000] {logging_mixin.py:188} INFO - [2026-05-05T16:51:59.898+0000] {dagbag.py:545} INFO - Filling up the DagBag from /opt/airflow/dags/pipeline_dag.py
[2026-05-05T16:51:59.920+0000] {processor.py:840} INFO - DAG(s) 'ecommerce_pipeline' retrieved from /opt/airflow/dags/pipeline_dag.py
[2026-05-05T16:51:59.958+0000] {logging_mixin.py:188} INFO - [2026-05-05T16:51:59.958+0000] {dag.py:3096} INFO - Sync 1 DAGs
[2026-05-05T16:51:59.984+0000] {logging_mixin.py:188} INFO - [2026-05-05T16:51:59.984+0000] {dag.py:3954} INFO - Setting next_dagrun for ecommerce_pipeline to 2026-05-05 00:00:00+00:00, run_after=2026-05-06 00:00:00+00:00
[2026-05-05T16:52:00.005+0000] {processor.py:183} INFO - Processing /opt/airflow/dags/pipeline_dag.py took 0.116 seconds
[2026-05-05T16:52:30.906+0000] {processor.py:161} INFO - Started process (PID=2202) to work on /opt/airflow/dags/pipeline_dag.py
[2026-05-05T16:52:30.907+0000] {processor.py:830} INFO - Processing file /opt/airflow/dags/pipeline_dag.py for tasks to queue
[2026-05-05T16:52:30.909+0000] {logging_mixin.py:188} INFO - [2026-05-05T16:52:30.909+0000] {dagbag.py:545} INFO - Filling up the DagBag from /opt/airflow/dags/pipeline_dag.py
[2026-05-05T16:52:30.928+0000] {processor.py:840} INFO - DAG(s) 'ecommerce_pipeline' retrieved from /opt/airflow/dags/pipeline_dag.py
[2026-05-05T16:52:30.969+0000] {logging_mixin.py:188} INFO - [2026-05-05T16:52:30.968+0000] {dag.py:3096} INFO - Sync 1 DAGs
[2026-05-05T16:52:30.994+0000] {logging_mixin.py:188} INFO - [2026-05-05T16:52:30.993+0000] {dag.py:3954} INFO - Setting next_dagrun for ecommerce_pipeline to 2026-05-05 00:00:00+00:00, run_after=2026-05-06 00:00:00+00:00
[2026-05-05T16:52:31.013+0000] {processor.py:183} INFO - Processing /opt/airflow/dags/pipeline_dag.py took 0.113 seconds
[2026-05-05T16:53:01.158+0000] {processor.py:161} INFO - Started process (PID=2207) to work on /opt/airflow/dags/pipeline_dag.py
[2026-05-05T16:53:01.159+0000] {processor.py:830} INFO - Processing file /opt/airflow/dags/pipeline_dag.py for tasks to queue
[2026-05-05T16:53:01.161+0000] {logging_mixin.py:188} INFO - [2026-05-05T16:53:01.160+0000] {dagbag.py:545} INFO - Filling up the DagBag from /opt/airflow/dags/pipeline_dag.py
[2026-05-05T16:53:01.180+0000] {processor.py:840} INFO - DAG(s) 'ecommerce_pipeline' retrieved from /opt/airflow/dags/pipeline_dag.py
[2026-05-05T16:53:01.213+0000] {logging_mixin.py:188} INFO - [2026-05-05T16:53:01.213+0000] {dag.py:3096} INFO - Sync 1 DAGs
[2026-05-05T16:53:01.232+0000] {logging_mixin.py:188} INFO - [2026-05-05T16:53:01.232+0000] {dag.py:3954} INFO - Setting next_dagrun for ecommerce_pipeline to 2026-05-05 00:00:00+00:00, run_after=2026-05-06 00:00:00+00:00
[2026-05-05T16:53:01.253+0000] {processor.py:183} INFO - Processing /opt/airflow/dags/pipeline_dag.py took 0.100 seconds
[2026-05-05T16:53:31.607+0000] {processor.py:161} INFO - Started process (PID=2212) to work on /opt/airflow/dags/pipeline_dag.py
[2026-05-05T16:53:31.608+0000] {processor.py:830} INFO - Processing file /opt/airflow/dags/pipeline_dag.py for tasks to queue
[2026-05-05T16:53:31.610+0000] {logging_mixin.py:188} INFO - [2026-05-05T16:53:31.610+0000] {dagbag.py:545} INFO - Filling up the DagBag from /opt/airflow/dags/pipeline_dag.py
[2026-05-05T16:53:31.631+0000] {processor.py:840} INFO - DAG(s) 'ecommerce_pipeline' retrieved from /opt/airflow/dags/pipeline_dag.py
[2026-05-05T16:53:31.665+0000] {logging_mixin.py:188} INFO - [2026-05-05T16:53:31.665+0000] {dag.py:3096} INFO - Sync 1 DAGs
[2026-05-05T16:53:31.685+0000] {logging_mixin.py:188} INFO - [2026-05-05T16:53:31.685+0000] {dag.py:3954} INFO - Setting next_dagrun for ecommerce_pipeline to 2026-05-05 00:00:00+00:00, run_after=2026-05-06 00:00:00+00:00
[2026-05-05T16:53:31.705+0000] {processor.py:183} INFO - Processing /opt/airflow/dags/pipeline_dag.py took 0.104 seconds
[2026-05-05T16:54:01.841+0000] {processor.py:161} INFO - Started process (PID=2217) to work on /opt/airflow/dags/pipeline_dag.py
[2026-05-05T16:54:01.842+0000] {processor.py:830} INFO - Processing file /opt/airflow/dags/pipeline_dag.py for tasks to queue
[2026-05-05T16:54:01.843+0000] {logging_mixin.py:188} INFO - [2026-05-05T16:54:01.843+0000] {dagbag.py:545} INFO - Filling up the DagBag from /opt/airflow/dags/pipeline_dag.py
[2026-05-05T16:54:01.864+0000] {processor.py:840} INFO - DAG(s) 'ecommerce_pipeline' retrieved from /opt/airflow/dags/pipeline_dag.py
[2026-05-05T16:54:01.901+0000] {logging_mixin.py:188} INFO - [2026-05-05T16:54:01.901+0000] {dag.py:3096} INFO - Sync 1 DAGs
[2026-05-05T16:54:01.921+0000] {logging_mixin.py:188} INFO - [2026-05-05T16:54:01.921+0000] {dag.py:3954} INFO - Setting next_dagrun for ecommerce_pipeline to 2026-05-05 00:00:00+00:00, run_after=2026-05-06 00:00:00+00:00
[2026-05-05T16:54:01.941+0000] {processor.py:183} INFO - Processing /opt/airflow/dags/pipeline_dag.py took 0.107 seconds
[2026-05-05T16:54:32.081+0000] {processor.py:161} INFO - Started process (PID=2222) to work on /opt/airflow/dags/pipeline_dag.py
[2026-05-05T16:54:32.082+0000] {processor.py:830} INFO - Processing file /opt/airflow/dags/pipeline_dag.py for tasks to queue
[2026-05-05T16:54:32.084+0000] {logging_mixin.py:188} INFO - [2026-05-05T16:54:32.083+0000] {dagbag.py:545} INFO - Filling up the DagBag from /opt/airflow/dags/pipeline_dag.py
[2026-05-05T16:54:32.102+0000] {processor.py:840} INFO - DAG(s) 'ecommerce_pipeline' retrieved from /opt/airflow/dags/pipeline_dag.py
[2026-05-05T16:54:32.138+0000] {logging_mixin.py:188} INFO - [2026-05-05T16:54:32.138+0000] {dag.py:3096} INFO - Sync 1 DAGs
[2026-05-05T16:54:32.160+0000] {logging_mixin.py:188} INFO - [2026-05-05T16:54:32.160+0000] {dag.py:3954} INFO - Setting next_dagrun for ecommerce_pipeline to 2026-05-05 00:00:00+00:00, run_after=2026-05-06 00:00:00+00:00
[2026-05-05T16:54:32.181+0000] {processor.py:183} INFO - Processing /opt/airflow/dags/pipeline_dag.py took 0.106 seconds
[2026-05-05T17:10:44.194+0000] {processor.py:161} INFO - Started process (PID=2227) to work on /opt/airflow/dags/pipeline_dag.py
[2026-05-05T17:10:44.197+0000] {processor.py:830} INFO - Processing file /opt/airflow/dags/pipeline_dag.py for tasks to queue
[2026-05-05T17:10:44.202+0000] {logging_mixin.py:188} INFO - [2026-05-05T17:10:44.201+0000] {dagbag.py:545} INFO - Filling up the DagBag from /opt/airflow/dags/pipeline_dag.py
[2026-05-05T17:10:44.338+0000] {processor.py:840} INFO - DAG(s) 'ecommerce_pipeline' retrieved from /opt/airflow/dags/pipeline_dag.py
[2026-05-05T17:10:44.484+0000] {logging_mixin.py:188} INFO - [2026-05-05T17:10:44.483+0000] {dag.py:3096} INFO - Sync 1 DAGs
[2026-05-05T17:10:44.572+0000] {logging_mixin.py:188} INFO - [2026-05-05T17:10:44.571+0000] {dag.py:3954} INFO - Setting next_dagrun for ecommerce_pipeline to 2026-05-05 00:00:00+00:00, run_after=2026-05-06 00:00:00+00:00
[2026-05-05T17:10:44.664+0000] {processor.py:183} INFO - Processing /opt/airflow/dags/pipeline_dag.py took 0.491 seconds
[2026-05-05T17:11:15.186+0000] {processor.py:161} INFO - Started process (PID=2232) to work on /opt/airflow/dags/pipeline_dag.py
[2026-05-05T17:11:15.202+0000] {processor.py:830} INFO - Processing file /opt/airflow/dags/pipeline_dag.py for tasks to queue
[2026-05-05T17:11:15.232+0000] {logging_mixin.py:188} INFO - [2026-05-05T17:11:15.228+0000] {dagbag.py:545} INFO - Filling up the DagBag from /opt/airflow/dags/pipeline_dag.py
[2026-05-05T17:11:15.341+0000] {processor.py:840} INFO - DAG(s) 'ecommerce_pipeline' retrieved from /opt/airflow/dags/pipeline_dag.py
[2026-05-05T17:11:15.393+0000] {logging_mixin.py:188} INFO - [2026-05-05T17:11:15.392+0000] {dag.py:3096} INFO - Sync 1 DAGs
[2026-05-05T17:11:15.419+0000] {logging_mixin.py:188} INFO - [2026-05-05T17:11:15.418+0000] {dag.py:3954} INFO - Setting next_dagrun for ecommerce_pipeline to 2026-05-05 00:00:00+00:00, run_after=2026-05-06 00:00:00+00:00
[2026-05-05T17:11:15.438+0000] {processor.py:183} INFO - Processing /opt/airflow/dags/pipeline_dag.py took 0.400 seconds
[2026-05-05T17:11:46.730+0000] {processor.py:161} INFO - Started process (PID=2237) to work on /opt/airflow/dags/pipeline_dag.py
[2026-05-05T17:11:46.731+0000] {processor.py:830} INFO - Processing file /opt/airflow/dags/pipeline_dag.py for tasks to queue
[2026-05-05T17:11:46.733+0000] {logging_mixin.py:188} INFO - [2026-05-05T17:11:46.732+0000] {dagbag.py:545} INFO - Filling up the DagBag from /opt/airflow/dags/pipeline_dag.py
[2026-05-05T17:11:46.751+0000] {processor.py:840} INFO - DAG(s) 'ecommerce_pipeline' retrieved from /opt/airflow/dags/pipeline_dag.py
[2026-05-05T17:11:46.794+0000] {logging_mixin.py:188} INFO - [2026-05-05T17:11:46.794+0000] {dag.py:3096} INFO - Sync 1 DAGs
[2026-05-05T17:11:46.826+0000] {logging_mixin.py:188} INFO - [2026-05-05T17:11:46.826+0000] {dag.py:3954} INFO - Setting next_dagrun for ecommerce_pipeline to 2026-05-05 00:00:00+00:00, run_after=2026-05-06 00:00:00+00:00
[2026-05-05T17:11:46.849+0000] {processor.py:183} INFO - Processing /opt/airflow/dags/pipeline_dag.py took 0.124 seconds
[2026-05-05T17:12:17.123+0000] {processor.py:161} INFO - Started process (PID=2242) to work on /opt/airflow/dags/pipeline_dag.py
[2026-05-05T17:12:17.124+0000] {processor.py:830} INFO - Processing file /opt/airflow/dags/pipeline_dag.py for tasks to queue
[2026-05-05T17:12:17.125+0000] {logging_mixin.py:188} INFO - [2026-05-05T17:12:17.125+0000] {dagbag.py:545} INFO - Filling up the DagBag from /opt/airflow/dags/pipeline_dag.py
[2026-05-05T17:12:17.142+0000] {processor.py:840} INFO - DAG(s) 'ecommerce_pipeline' retrieved from /opt/airflow/dags/pipeline_dag.py
[2026-05-05T17:12:17.184+0000] {logging_mixin.py:188} INFO - [2026-05-05T17:12:17.184+0000] {dag.py:3096} INFO - Sync 1 DAGs
[2026-05-05T17:12:17.215+0000] {logging_mixin.py:188} INFO - [2026-05-05T17:12:17.214+0000] {dag.py:3954} INFO - Setting next_dagrun for ecommerce_pipeline to 2026-05-05 00:00:00+00:00, run_after=2026-05-06 00:00:00+00:00
[2026-05-05T17:12:17.235+0000] {processor.py:183} INFO - Processing /opt/airflow/dags/pipeline_dag.py took 0.117 seconds
[2026-05-05T17:12:48.439+0000] {processor.py:161} INFO - Started process (PID=2247) to work on /opt/airflow/dags/pipeline_dag.py
[2026-05-05T17:12:48.440+0000] {processor.py:830} INFO - Processing file /opt/airflow/dags/pipeline_dag.py for tasks to queue
[2026-05-05T17:12:48.445+0000] {logging_mixin.py:188} INFO - [2026-05-05T17:12:48.444+0000] {dagbag.py:545} INFO - Filling up the DagBag from /opt/airflow/dags/pipeline_dag.py
[2026-05-05T17:12:48.471+0000] {processor.py:840} INFO - DAG(s) 'ecommerce_pipeline' retrieved from /opt/airflow/dags/pipeline_dag.py
[2026-05-05T17:12:48.509+0000] {logging_mixin.py:188} INFO - [2026-05-05T17:12:48.509+0000] {dag.py:3096} INFO - Sync 1 DAGs
[2026-05-05T17:12:48.538+0000] {logging_mixin.py:188} INFO - [2026-05-05T17:12:48.538+0000] {dag.py:3954} INFO - Setting next_dagrun for ecommerce_pipeline to 2026-05-05 00:00:00+00:00, run_after=2026-05-06 00:00:00+00:00
[2026-05-05T17:12:48.564+0000] {processor.py:183} INFO - Processing /opt/airflow/dags/pipeline_dag.py took 0.132 seconds
[2026-05-05T17:13:20.039+0000] {processor.py:161} INFO - Started process (PID=2252) to work on /opt/airflow/dags/pipeline_dag.py
[2026-05-05T17:13:20.040+0000] {processor.py:830} INFO - Processing file /opt/airflow/dags/pipeline_dag.py for tasks to queue
[2026-05-05T17:13:20.042+0000] {logging_mixin.py:188} INFO - [2026-05-05T17:13:20.042+0000] {dagbag.py:545} INFO - Filling up the DagBag from /opt/airflow/dags/pipeline_dag.py
[2026-05-05T17:13:20.062+0000] {processor.py:840} INFO - DAG(s) 'ecommerce_pipeline' retrieved from /opt/airflow/dags/pipeline_dag.py
[2026-05-05T17:13:20.098+0000] {logging_mixin.py:188} INFO - [2026-05-05T17:13:20.098+0000] {dag.py:3096} INFO - Sync 1 DAGs
[2026-05-05T17:13:20.117+0000] {logging_mixin.py:188} INFO - [2026-05-05T17:13:20.117+0000] {dag.py:3954} INFO - Setting next_dagrun for ecommerce_pipeline to 2026-05-05 00:00:00+00:00, run_after=2026-05-06 00:00:00+00:00
[2026-05-05T17:13:20.138+0000] {processor.py:183} INFO - Processing /opt/airflow/dags/pipeline_dag.py took 0.106 seconds
[2026-05-05T17:13:51.274+0000] {processor.py:161} INFO - Started process (PID=2257) to work on /opt/airflow/dags/pipeline_dag.py
[2026-05-05T17:13:51.275+0000] {processor.py:830} INFO - Processing file /opt/airflow/dags/pipeline_dag.py for tasks to queue
[2026-05-05T17:13:51.277+0000] {logging_mixin.py:188} INFO - [2026-05-05T17:13:51.277+0000] {dagbag.py:545} INFO - Filling up the DagBag from /opt/airflow/dags/pipeline_dag.py
[2026-05-05T17:13:51.295+0000] {processor.py:840} INFO - DAG(s) 'ecommerce_pipeline' retrieved from /opt/airflow/dags/pipeline_dag.py
[2026-05-05T17:13:51.327+0000] {logging_mixin.py:188} INFO - [2026-05-05T17:13:51.327+0000] {dag.py:3096} INFO - Sync 1 DAGs
[2026-05-05T17:13:51.345+0000] {logging_mixin.py:188} INFO - [2026-05-05T17:13:51.345+0000] {dag.py:3954} INFO - Setting next_dagrun for ecommerce_pipeline to 2026-05-05 00:00:00+00:00, run_after=2026-05-06 00:00:00+00:00
[2026-05-05T17:13:51.362+0000] {processor.py:183} INFO - Processing /opt/airflow/dags/pipeline_dag.py took 0.093 seconds
[2026-05-05T19:03:29.768+0000] {processor.py:161} INFO - Started process (PID=2262) to work on /opt/airflow/dags/pipeline_dag.py
[2026-05-05T19:03:29.771+0000] {processor.py:830} INFO - Processing file /opt/airflow/dags/pipeline_dag.py for tasks to queue
[2026-05-05T19:03:29.776+0000] {logging_mixin.py:188} INFO - [2026-05-05T19:03:29.774+0000] {dagbag.py:545} INFO - Filling up the DagBag from /opt/airflow/dags/pipeline_dag.py
[2026-05-05T19:03:29.817+0000] {processor.py:840} INFO - DAG(s) 'ecommerce_pipeline' retrieved from /opt/airflow/dags/pipeline_dag.py
[2026-05-05T19:03:29.895+0000] {logging_mixin.py:188} INFO - [2026-05-05T19:03:29.894+0000] {dag.py:3096} INFO - Sync 1 DAGs
[2026-05-05T19:03:29.968+0000] {logging_mixin.py:188} INFO - [2026-05-05T19:03:29.967+0000] {dag.py:3954} INFO - Setting next_dagrun for ecommerce_pipeline to 2026-05-05 00:00:00+00:00, run_after=2026-05-06 00:00:00+00:00
[2026-05-05T19:03:30.020+0000] {processor.py:183} INFO - Processing /opt/airflow/dags/pipeline_dag.py took 0.266 seconds
[2026-05-05T19:07:32.360+0000] {processor.py:161} INFO - Started process (PID=2267) to work on /opt/airflow/dags/pipeline_dag.py
[2026-05-05T19:07:32.362+0000] {processor.py:830} INFO - Processing file /opt/airflow/dags/pipeline_dag.py for tasks to queue
[2026-05-05T19:07:32.366+0000] {logging_mixin.py:188} INFO - [2026-05-05T19:07:32.365+0000] {dagbag.py:545} INFO - Filling up the DagBag from /opt/airflow/dags/pipeline_dag.py
[2026-05-05T19:07:32.410+0000] {processor.py:840} INFO - DAG(s) 'ecommerce_pipeline' retrieved from /opt/airflow/dags/pipeline_dag.py
[2026-05-05T19:07:32.488+0000] {logging_mixin.py:188} INFO - [2026-05-05T19:07:32.488+0000] {dag.py:3096} INFO - Sync 1 DAGs
[2026-05-05T19:07:32.517+0000] {logging_mixin.py:188} INFO - [2026-05-05T19:07:32.516+0000] {dag.py:3954} INFO - Setting next_dagrun for ecommerce_pipeline to 2026-05-05 00:00:00+00:00, run_after=2026-05-06 00:00:00+00:00
[2026-05-05T19:07:32.576+0000] {processor.py:183} INFO - Processing /opt/airflow/dags/pipeline_dag.py took 0.230 seconds
[2026-05-05T20:48:20.051+0000] {processor.py:161} INFO - Started process (PID=2272) to work on /opt/airflow/dags/pipeline_dag.py
[2026-05-05T20:48:20.078+0000] {processor.py:830} INFO - Processing file /opt/airflow/dags/pipeline_dag.py for tasks to queue
[2026-05-05T20:48:20.083+0000] {logging_mixin.py:188} INFO - [2026-05-05T20:48:20.082+0000] {dagbag.py:545} INFO - Filling up the DagBag from /opt/airflow/dags/pipeline_dag.py
[2026-05-05T20:48:20.197+0000] {processor.py:840} INFO - DAG(s) 'ecommerce_pipeline' retrieved from /opt/airflow/dags/pipeline_dag.py
[2026-05-05T20:48:20.395+0000] {logging_mixin.py:188} INFO - [2026-05-05T20:48:20.395+0000] {dag.py:3096} INFO - Sync 1 DAGs
[2026-05-05T20:48:20.570+0000] {logging_mixin.py:188} INFO - [2026-05-05T20:48:20.570+0000] {dag.py:3954} INFO - Setting next_dagrun for ecommerce_pipeline to 2026-05-05 00:00:00+00:00, run_after=2026-05-06 00:00:00+00:00
[2026-05-05T20:48:20.644+0000] {processor.py:183} INFO - Processing /opt/airflow/dags/pipeline_dag.py took 0.632 seconds
